customer_id,customer_unique_id,customer_city,customer_state
fe228e13-5e5f-400d-9d55-cd20a90f2910,35885,Port Stevenburgh,RJ
45063fe8-abbe-4db9-b734-8b25beed2af4,40552,Gordonhaven,SP
9dd1f5b8-fdbd-4240-8527-79124194d6dd,84977,South Kevin,PR
eabc81aa-6eeb-4c60-a5c5-1371ddfa2e9e,19258,New Ian,RS
c88bfefe-a1f5-432a-959a-d48ddb637924,51579,East Laura,RS
b27a7c53-29fe-4fe4-9105-39f0bda4c7a6,98809,Bennetthaven,MG
078edbfe-ff8c-4ca8-bedc-441c741453f5,34200,West Debbieton,RJ
eb8af327-3b61-43af-ba10-7914372de4c1,28276,Jayshire,GO
69a9eac7-5eba-4ed6-8ab4-d44124b20573,67108,New Jamestown,RJ
bf320d9e-c4a5-4859-8f06-ee5b2114a3d8,84617,North Karen,PE
ba6706a0-0999-40b8-838f-8a2460129ba7,68534,Kyleton,BA
bc209c94-86f3-4a20-b4c4-364f10e71d5f,55658,Wesleyland,SP
ea74cc09-b7c7-4152-8ac1-0884781ae290,25532,Melissaville,SP
00309035-d78d-4295-9c76-9bd2d912e0e2,37276,Fryton,RJ
2c92d76c-5460-4507-a4b9-130b23239434,90236,Ortizchester,RS
1a29978e-1a46-4a94-b8e8-032e947dfb4a,69093,Lake Davidview,RS
a0b4ba27-149f-41d7-bf32-64f69cf47cfa,88457,Stacyshire,GO
f207b6cb-8522-4623-a69f-8f539a261350,24661,Brandtport,PE
baf25b77-64f6-432d-b1f5-dfc457b90ecf,21148,Spencerside,SP
44047a6d-687c-4f05-a6ce-b266c884f032,21615,North Michaeltown,GO
0404b21c-118b-439d-b557-0aab0a0bba1f,23452,East Chadburgh,RS
cfbe44d4-b45f-47c2-b1ca-6bf6987fdd2f,34142,Garcialand,GO
423ae343-b47d-4730-bd36-6c7147dece51,63795,Mooreport,BA
14420eb5-c702-4093-96da-46a480eff97a,25750,West Kirktown,RS
2896dc84-cd4b-44ad-9efc-26d91e199aed,96348,Manuelmouth,DF
db8d761a-a07c-40d5-a5f6-ee616a8a04af,14775,Carolborough,PE
e725a676-02bb-46f1-8efa-05ca62430fec,73706,North Patricia,PR
d1ec1441-5363-4a54-838b-4d446710c007,98092,New Kyleburgh,SP
b55fb37b-9a40-4ee4-81e2-b24ff85b84f8,25654,Port Sean,MG
c6bb1838-b601-427d-b64d-445afcf23305,28700,West Jenniferberg,BA
dc6326aa-0030-4036-ba61-e850dbdc5bf1,36159,Jimmymouth,SC
02380bff-2ff2-4c30-887d-e8310e3202dc,33878,East Loristad,PR
9aa4c010-5bfe-4763-80ce-6f31d5ea362c,12883,New Tiffanystad,MG
7c33ff8d-f61f-4398-966b-bb3e92a94d42,93772,North Marytown,RS
c4adcae7-b1ad-4ffb-8ad8-7ec2c6635329,49351,West Monica,SC
11c27a48-66e0-4d6f-839b-4dd4109fe234,46574,East Michaeltown,RJ
d43b01c5-c460-49f5-b1e0-194738852bf9,10325,Pottermouth,RJ
e13351e3-082f-4461-a391-ce8ed77faff9,41011,North Arthurfurt,BA
56ef5cda-3f36-44ee-9b20-4f47edb2d10c,95142,South Jenniferborough,RJ
fa82f286-72f0-4732-9bff-b3ad17d481b9,45287,Lake Thomas,SC
eecdbbbd-7daf-42ec-baff-ba79ba7fac1d,62670,East Diana,SC
b5b3b953-2ddf-463e-818a-3f73156b6a3c,75422,Garciastad,PE
43b120e6-9c85-4675-983b-2ed9e4e98179,88589,Port Amberchester,PR
ce777033-3fff-4067-9442-98f0c68ebd49,39682,Taylorstad,SP
7d2057a0-eefb-4603-9d18-6554e043a2b7,81316,Thomasburgh,DF
a2b150b0-b459-483a-a429-b5ae7e23805f,42264,Lake Peterstad,GO
cc35d9fa-44e9-4e33-be43-a3221fcec320,57586,Port William,RJ
ff8c1803-588e-4827-8953-116c7ef5d585,19236,Austinberg,BA
c8768510-6629-4b7c-b2fd-8ea28f91910b,82271,Davisburgh,RJ
ff1c8e80-773d-4292-8bb4-f18cc74e6ae5,62964,Josephstad,GO
fdc4634f-a52b-479e-babc-8f6f18e04224,73313,Elizabethland,PR
fb485e4f-a76e-4ef3-8921-381d854b26d6,62194,South Ashley,PE
1dd4ef2c-60dd-4268-a3e4-176180106c52,26201,West Ianstad,SC
8ff7de0f-41dc-4d15-8e91-7a93f1ddce71,63629,South Shawn,PE
b5b6554b-00d4-4809-83d9-fbb582bdbe73,63488,Thomasberg,RS
6f4b8705-bceb-46d3-8b3e-fd74db659f51,55128,Johnsonfurt,RJ
5a31c5e3-0838-4fa5-9e57-f67326180040,81247,North Tracyfurt,SP
b253045b-3c22-4b93-94bb-7868c1939a55,41453,Aimeeside,RS
8bd16f03-4d77-4f77-af0e-d0fb9cfc749f,87468,North Mitchellton,PR
f226bb3c-ee7d-4855-95bd-e6527a65069c,90762,Jameshaven,RJ
103037f2-882a-4714-a9f2-ce3ed9e798b8,64563,Jaredport,RS
93cc527e-e503-4177-9ea8-22530d09de02,43519,Timothyfurt,RJ
82575034-f188-4b40-bc05-1f4a2c319a1a,57584,Hilltown,BA
5b33bb8e-8ef4-4b94-85ae-dcc56143b7af,35150,Andrewhaven,PR
d8e73e4d-31df-4afb-8b5a-ed3b67b60c6c,22937,South Suzanne,DF
9ca8c945-58f6-47f8-bd0b-025e38dc7ee5,67048,Port John,SC
d8206fa3-40ed-44ca-b4d1-207e6e91148a,19653,Simmonsfurt,MG
13651ab2-8079-4e04-ace0-56d5e2a0388c,90853,North Brandiport,SC
0c73094d-54e7-4589-b919-9d53b3945fbb,63275,South Stephanieland,SC
007a1237-a9fc-4d85-a46f-11d8820b15d4,18879,West Eric,RS
5342d0ed-9914-452e-8580-7b616ad46f67,91467,Port Dawn,PR
b5d711f8-2179-4404-95f5-42812782da8b,60596,Angelahaven,RJ
69945c45-36ec-4bea-b3c2-316d83f7c92c,10848,North Sharon,PE
de262401-d6fd-47e1-b541-c98c958f5bab,38151,New James,MG
ff4c6c62-a5c0-4ee7-a8ce-605f68c77b23,12422,Dixonport,GO
9219296c-78c2-4bfb-893e-6b846e2bfc67,65581,Newmanfort,RS
86bbfcf2-78e2-47a7-94c6-30bb37d5d528,72938,Brianborough,MG
b241c593-9574-472c-a099-5b13d53fe696,99385,Lake Desireeshire,DF
9f9712d8-f732-4f2a-ace2-e7ac72cb8141,22781,Marissaland,BA
5208d412-8da7-4956-8c87-7ba182490ca4,98766,South Kristen,PR
4fd25035-59c6-4634-9369-6030bf005e15,61125,New Christopher,GO
48a98edd-daf3-4215-a980-e290322ed596,65642,West Angelabury,RS
4396eb05-c589-4b67-afbc-742bd193b87f,34837,Cummingsburgh,SC
575424f3-72cf-4495-ab64-3038898b1fb2,84844,North Deborahstad,SP
abdf8be4-a218-4c8f-bf81-df3b8c83daf3,47349,New Denise,RS
1878a6c4-147d-45cb-ace7-6a3763ceaa45,59254,South Patricia,SP
9b55cc92-555e-4e41-a042-a73257b22792,56793,Murrayville,SC
2fcb8712-bc5b-4a20-889b-976045e57e1f,62604,North Robertchester,BA
05e6785c-4931-4728-b3d1-d1d3f67b1608,44056,Lake Zacharyside,PR
19a348da-39b6-4780-ba0c-04c3ba0ac9a6,47107,Lewisberg,RJ
cbdd3a54-f9f4-44a4-9262-2598081d3204,62768,Nicholaston,RS
03237a4f-f5d0-4725-b91e-d15b4fbbd2fb,46638,North Bethbury,PE
c9b19d42-c33e-48ad-b84f-ef0e635db3c5,19933,Port Andreafurt,SC
e2e4a8c5-e352-415c-b95f-148b5c0a83f2,64564,Alexanderstad,RS
302b9076-60a6-46ff-884a-6451e667f2c7,33692,Fernandezmouth,DF
29e669e7-5f2b-4f85-8cec-107622c22162,19676,South Kimberlyberg,BA
cf91ec0b-d3d0-4775-8d28-4a6c3c12e32e,68503,Hahntown,DF
7ca9fc9b-94e9-4bc6-96d7-ea4c24b5c8e9,62310,Amandaberg,MG
41b53ca1-a8d8-4e61-8737-6483d5b1d46b,58947,Gregview,PR
8f6e812b-5a09-433a-bc33-d7eece00cdf4,91539,West Paultown,MG
96370447-f77b-4e54-8c52-05a9e73d5fe6,83396,Brianton,RS
af1951dd-baa4-4938-b130-c3c879c952c0,68031,Terryhaven,GO
48d2e2a8-ebb0-4f7c-afc1-db8962886481,56728,North Thomas,GO
9bb969fb-4114-49b6-a871-5a4a3cc3e3d8,89591,Coxfurt,PR
728fbb9b-4d21-4574-98d6-cc3428297121,14058,Millerside,PE
1825b841-fdda-4098-bc14-5a2910b57c48,66483,Timothyland,BA
bca71584-43bd-414b-80bc-4e82c808206b,65433,Dayhaven,PE
fbf3fcc2-e8bb-406d-b4d1-ac0947225b4c,84886,Edwardsberg,BA
83eff35b-cc4c-4845-ae40-b563fe04088b,37523,Griffinburgh,SC
04a62bd6-69c8-4632-bb5e-ba72a68ed921,64726,Port Johnfort,RS
46cdb5a5-3d73-41c6-ba2f-841191287de9,37301,Kathrynberg,MG
222b6c32-bcdb-4526-aaf4-8303c51f0ffc,60117,Danielbury,GO
04fb9665-d1e8-4833-a058-01c71d59c205,91485,Lake Joyce,DF
5b4b0285-5619-451c-aa29-2687a3cd9fda,86888,Port Jennifer,RJ
cee7606a-d02c-48fe-aa17-e47d4e0cc114,62406,Kayleechester,SP
abd022b4-8ef0-4284-9bcb-3c4fc8707ff6,96176,East Heathermouth,RJ
411ce24e-3173-4d6d-ad90-2e5abf0bc99a,11685,Barbaraview,MG
721266d5-565b-4c88-a507-676ea113c374,25154,South Brianstad,MG
6484cedb-e1b3-4a3e-bdab-bdf49353e54f,50307,East Willie,BA
ee508f0d-e418-4660-bd43-517fadbb5bd1,52391,Walkerport,PE
154a0c4c-51e0-4124-80ad-a76aa3528dae,29970,Port Patrickborough,RJ
356f35e9-a3bc-4388-8b36-4ef4ffa3a762,99306,Lopezhaven,BA
cabe0760-c031-4be3-9f22-936a2be2aed0,12984,Greeneport,BA
26bef18f-01e8-4895-9b08-823d3fcc6257,60288,North Dwayne,PE
4500d236-84bf-4f36-9e89-afbbcc29f66b,75246,Heatherville,DF
506edd9c-12af-477e-b552-fc201e6450ef,78581,Williamview,GO
580a2b94-66d8-4020-8cc9-c297d1352cd0,93173,South Lori,PR
85b6ae56-bdbe-4cad-82db-c681c1052258,64063,South Melissaborough,GO
cdc2c87c-49df-40ac-a453-64b46814d307,29328,New Debrabury,SP
925c550c-4a0b-4177-8f6a-16bcbc6f7c46,85290,South Cheryl,RJ
b8cc358c-6705-489b-9c77-c608b886d5b0,54449,Lake Jennifer,GO
5412985a-6126-4607-a461-a500c0edc5e9,26279,South Joshua,PR
7ea86a32-abd6-4914-be61-d931924c9e1a,95148,New Colleenfort,SC
39d371f9-7640-4a6e-aaff-a17bb68e66f6,80765,West Raymondtown,RJ
14323805-8060-4cf9-960f-5f9284b0da4f,43745,South Juan,PR
cb4f5b62-7ad5-4dfb-9f57-16c99b403eb7,66519,Markmouth,BA
6345ab7c-8101-44d2-b65f-45cdb709b32a,86932,Taylorshire,MG
b023412e-1ce1-4278-b3b2-6f987e8c804e,65186,Onealmouth,DF
82f2b128-6d04-44ce-80e6-f07c0ae2a93f,74963,Jessicaview,SP
5a667794-6222-41a5-9100-a8d5c02e4c4e,77824,Davidville,PR
e4f4648f-c7d1-47b9-8013-eda4d54cefc1,91012,South Robert,GO
09bdb225-c80f-4229-acc0-29fdf520361c,43680,Natalieport,MG
15c02b57-e004-4bf6-a453-aa153653026d,90836,Pattersonberg,GO
09524aaf-4296-4c40-a08c-52bb85deb8b2,56435,Brockmouth,RJ
7750580e-4b5d-4c4f-88aa-2522b246dfa4,66621,East Nicole,PR
43d800c5-e67f-41d0-8385-60e5a6071779,36037,West Christina,GO
cfc7f67d-2328-4410-ae45-280a4bafce65,93577,New Tracy,PE
816d32d7-2738-496c-94aa-c7103a625a6c,29696,East Samanthastad,RS
f7649950-2459-4019-996b-50c9f5fa9a43,16777,Michaelville,MG
2262c779-0657-4248-8c5a-dcf609777455,48457,West Tinaview,SC
9d2408eb-10fc-48f6-9f2a-156f966c204a,18986,Grahamfort,MG
722a4583-945f-4e5b-814c-acf619c124cb,39169,Lake Rachelberg,GO
d219859b-c016-40b8-b4bc-90a77c399335,43190,Floresland,GO
9cd46ad0-a5cb-4779-8879-54023232a132,50200,Stephaniebury,SP
cc94b6df-d1b2-4471-aab9-62e5b3152f36,66924,Langton,PE
c9ccec27-c33f-4c3a-a478-0d93ffb97089,68429,Angelastad,SC
061294ca-cdbb-4d93-89e2-d08d0421c4d9,95962,East Johnhaven,DF
6798cf41-1589-4ef5-8b41-97719d4797d1,61728,New Tyler,SP
5d50cace-7ef8-4dc3-bf39-bf0844657e70,17028,Benjaminshire,RJ
d74ad68d-15b7-4933-bf39-d5332f2156b1,49986,Leslieland,SC
4d3fd88a-3373-40a7-9106-68908d6c4338,36638,South Sandyview,PR
e6995abb-089c-4970-9395-c19d7ae5cb69,64860,Mccalltown,RS
d67346b9-cc4d-4515-96fb-4e7c16080dbb,86973,Andersonport,SP
dfac4e80-986e-4c5d-97e5-e26f4f07f7ed,98800,East Eugeneshire,RS
eb16c808-403e-4327-8dcf-ccc54f1d25c5,36851,Carolynview,PE
2047f182-9eba-41a7-ae9f-9500c6059d3f,30990,Petersonmouth,RJ
a598a5f6-be94-484f-8cee-46dd78c5b37e,92975,Gutierrezland,RJ
36d568c5-5f57-4a44-a22a-3397fd0aede7,99147,Romerohaven,DF
0b865028-8a14-4877-a7d2-f5751c9b1e82,63285,Clayview,RJ
eccb7f65-b948-481c-954b-f7204fa87d9c,69868,Christopherfort,GO
b48af096-e927-4573-a574-9408596eb604,77895,South Ruben,MG
78712fd5-a3d2-42a5-bb03-c03e2d6cbe29,91791,Welchside,MG
02b4a859-b9ea-4fbf-a79c-2bee8a1ba46f,81822,New Heatherhaven,DF
69d51495-cf6a-413f-a68d-46aed3dd3afa,16158,Millsstad,GO
5ae247a3-2204-4dbc-baa6-36bfd77e2325,11097,Jonesmouth,MG
88ae5ed3-0f0a-4dc7-856e-a84d2a4b98a6,13591,Craigside,PR
43d30416-fef0-42a2-8128-f913291d8217,10126,Port Scottmouth,GO
14184e96-34c6-463b-8760-34aea2e1dd3b,82218,Sheltonchester,PE
7da0f2e9-b1e3-4c6c-8e76-d1648730296b,93035,New Thomasshire,BA
1eb2dc7d-a73c-4092-a3cb-023d8e040763,13615,Pattersonberg,RS
fdf7d45a-3765-46e9-a227-db10dfa83f6f,58468,Carolynville,GO
ea5f6e16-e6f2-46f6-bb7c-996a50505fca,17118,Lauraborough,RS
f778cc2b-6e24-4558-a298-20d574350f0a,25192,Johnberg,PR
416c33fc-d42f-4149-b36d-7e4282e7164f,24868,East Jessica,BA
bc6c190c-48ba-4b03-a1b9-c29694dfb7db,99567,South Dianatown,SC
3fd22baa-1760-4f9f-8e5f-76bba24fa997,72198,Danielmouth,DF
d51b9a7f-5e91-4266-9b4f-79bb695ac454,42890,West Robert,GO
6c4a6fa2-12ce-46f4-8375-fb61bb320b4e,30532,East Thomaston,DF
7f3269b1-1154-4617-b27c-df1f68d4c92c,37376,Lawsonport,RJ
37942ee1-cc21-4690-833e-59e14858c7a4,73151,Port Robinside,RS
2f8cf200-fa8e-4dc8-a51d-be382e84a35f,97414,Port Amychester,RS
cba91928-524d-4a86-99f2-a07fd28361e1,54934,Jaredberg,RJ
0e5d59ec-b4b2-4e38-9ece-49cb96fa6bfd,37723,New Craig,SC
65703ec8-83b0-4b1f-9bc6-21d69eefac54,54499,South Mariaport,SP
67be3407-4d49-47cd-a180-607120c6eb0b,30229,Danielton,PE
dac9ab36-52df-4ff9-86b8-3f2f046aaa3f,16426,Woodmouth,GO
7a222a29-c5fe-44bc-9281-17c7e7ae469d,54134,North Austin,RS
2cb139d0-874f-4ef7-9e13-7a64eb488cba,41664,Steelefurt,PE
88c6533d-a725-4106-ad48-3ed20bad54c4,93554,Port Shelly,RS
b03c7159-c012-4674-b6c2-50c2db7f7e67,24260,New Lawrenceberg,SP
4e0fafd4-3de8-4bf5-9564-aa221c546004,77817,West Joshua,RJ
8aabbfb2-8080-49bd-92ef-14fc2ba5d2b3,83634,Lefurt,SP
b1e319ea-5f0a-4a03-96be-176d41ed57ef,74108,Everettview,RS
28e39e7b-7bae-45de-bf7b-e04f63ff3bb1,86233,South Collin,RJ
7682da86-5be7-4eb3-b4ce-6423ffe1218c,35943,West Meghanchester,SP
b885aa6e-130c-4c60-baf0-555dfd06956b,58383,Walkermouth,SC
3270eb8f-1fdf-4b89-8f75-7a6a908b3e6b,80114,South Jamieshire,RJ
b801ea59-4322-4f2d-9d64-554d16a59f66,82155,Dawnchester,GO
3339ad3f-c179-4c72-83d1-9e1e431f32e7,23099,South Christinemouth,RS
e87b6dce-99b3-4041-9eba-6122a6b35d7f,25992,New Eric,PR
8d224136-204b-452d-bca6-383c9e6019ac,54271,South Patriciatown,DF
d3ce0ef7-f4fe-436e-bb5d-127e7c6f8104,74527,Albertfurt,RS
a95616dc-632a-43a0-91c6-23d8bc9aa2d8,46075,Kerrberg,GO
a419d856-9bd8-461f-905e-bc67eef3fb23,75013,New Jocelyn,MG
d5d32216-db0f-4b5f-a8f0-6f3e5fef468f,54121,Duartemouth,PE
47508b8d-15ce-4673-bb8e-1dfb9b5de786,48223,Toddfort,PE
8c4d2899-d2b0-46c5-a057-d344d5af487e,72892,Loriland,DF
8c987bfd-667f-4d15-8605-7c21477e3bb2,48323,South Jeffreyton,RS
8266a29f-049d-4763-8408-11447d588782,49210,Lake Sara,DF
8b748c71-a497-4968-aa9a-65bd33ef706e,79692,Morganborough,BA
401f2aec-eb50-4a85-9000-140008d3d314,40445,Jefferyberg,RS
a9999d86-f521-4172-a563-b69b415ac927,83459,Williamhaven,RJ
0b9ca6ba-96b2-4d63-9b47-dba9c8bd6aad,67702,New Ryanside,RJ
90959aaf-4fef-4dd7-a0ce-84540ca52979,71231,Mariaside,BA
3b5bd859-11e5-4528-a0a0-a9e162044a1f,96632,Lake Jenniferhaven,SC
4bae32f4-d823-4595-bc9e-5aa8df075fe1,23898,Holtstad,BA
c9d85615-80cf-4b3a-a10d-92316e81ec92,90260,Port Tyler,BA
1a01135a-61c2-4ac2-bfed-4a6c9ba35543,25655,Joeshire,DF
c57e38d2-9fa3-4d31-adb0-d655024585e1,81701,Garciachester,SP
b6fd02f2-e588-4d1b-b446-0d320839ef69,12478,Loganton,RJ
c1fa8c32-19d8-4847-8f58-2a7191796f65,64732,Tuckerchester,SP
6cbe7035-6b94-458b-8d3a-311fc154912f,28408,Lake Michaelmouth,BA
ed1e0ebb-0fd3-41eb-81ac-4f618bf5d9ae,48401,Lake Aaron,SC
76427a2a-0906-47ab-b56e-2d3d35f6edb7,87177,West Taraborough,RJ
195b956a-cbd9-4bf1-bd09-01f27809bd77,42470,New Lisa,RS
b5b16424-2a37-460d-b8cf-def864976f9c,48873,Mitchellview,RS
31100d0f-bf7c-40e7-9c6e-37243b1f8efd,61061,Lisaville,RS
3a6fa788-3e7b-424b-ab03-8ead77e19619,49234,Saramouth,GO
4746e93e-af1e-4ab6-9b15-adcd8481e877,43843,West Melissa,DF
9fe76c6f-5b04-436e-89a8-79287f001283,12589,New Daniellechester,MG
28e5ec0e-6977-4db3-a29c-63e82df1b548,48966,Whitakerstad,BA
0e5b862d-b10c-4eb9-8591-9523658cc7d5,31068,Courtneytown,MG
69fb2a4f-888c-47d7-8d08-490e21946258,82199,Malonechester,PR
d7673559-f5f3-497c-8ee6-8429d1ebd831,24999,North Robertville,DF
0d60ead3-fca5-4b02-9c5f-aee22f69aa7c,51658,Stevensside,RS
ff9187de-720d-4127-84b3-4b919fe70410,68885,Port Thomas,RJ
4363e8a5-9618-4a13-a5ed-95cf0010ece3,81790,East Taraburgh,DF
5b43d298-5b71-46f5-a9c7-4d3bd6b25514,87116,Heathermouth,GO
1afcebcd-3f8d-4f7f-858f-e68ee1782b93,79798,West Craigburgh,RJ
42232b48-9b95-4ce9-850e-3bda3b410d8f,22082,Davidfort,SP
acce7d29-0f55-4236-bf2c-ced3fb23320e,16314,Patrickchester,GO
fe063f78-49a0-4bcf-a207-e1f9f9ef268c,28554,Nancychester,SP
a66a1247-afc5-450b-ad88-b4e5c3e09623,24040,Lake Steveshire,RJ
c76ec3b9-2a6a-43a3-a532-3bb8867c9144,21810,Andreaton,RS
0505e01d-5958-43cc-8976-72926d518593,18670,Bellstad,MG
4a7e143a-cce5-4f4d-9f92-24bed89bcf57,57904,South Jamesburgh,BA
4d492bd3-7548-4528-9077-6328cfd195d1,23706,Kirbyfort,DF
05abcfe1-83cd-4569-838e-33e464f7b084,26732,Port Teresafurt,DF
f791614d-b74f-4d85-b1f3-96604a2bf6b1,83416,West Dawntown,RS
4da9e571-0d38-4416-bb79-866fb4447731,55409,Lake Marcusville,BA
67b882e8-fb00-451f-983b-f3250d256cd1,89855,Port Aaronborough,SP
28854436-0325-4d82-b146-c725f4dd1fb1,64352,Aliciabury,MG
76b103a7-45ea-446a-bb54-12ed4d0a83fc,11527,South Ana,BA
03efc131-34eb-43ff-a858-73892820fe61,72422,Lake Todd,SP
e30f976b-8e76-4614-956b-ea94090213ed,68091,East Paul,BA
33cac979-9a12-4a83-a697-c3a9096822eb,14556,Stevenstad,PR
1b9e7e07-ece7-4e2b-bd63-87f1567392dd,52578,South Melanie,DF
9aa72edf-ad0c-4228-b1b0-385b901ce704,75671,Merrittshire,PR
974c1bf9-ae4f-4efa-a69f-bcdb4e575f94,61878,Dawnville,BA
caa09ebc-9a2e-45e9-a7e5-a31702c9b05d,22543,Lake Amy,GO
3f2ad582-0409-4832-9f7e-c94544d34238,26320,North Haleyland,DF
516c3226-1d31-440e-87f4-a5b4e9badf72,96666,Lake Destiny,MG
c2072145-c569-470e-bdcb-40aaa6035d87,99831,Amymouth,RS
c3946bcc-e0c2-4ad2-895a-81306d1f6ec1,95223,East Fernando,PR
667834d5-ae09-416d-8272-a9bfb5926942,92073,Adamsmouth,RS
293dadae-02d5-49f6-a34d-bdedacfd48e7,15033,Jonesview,SP
21d83593-b51e-42e4-81dd-e2ddb36b0568,94138,Williamsshire,PE
719c4a4b-6cc9-4449-8aed-ce998c1d295b,44886,East Brendastad,GO
d1efe662-b827-42ce-85fd-e43b80b51876,32569,West Christianton,SP
6c0e7eea-fce6-4a3d-821d-25ff2b86a026,14004,Lauraberg,SC
78fcefd3-0a68-402b-983e-7b6f81bc4444,77455,Castanedastad,SP
d82d026c-21bf-4be3-ab1f-f73c6a2b7bb0,89471,Grimesburgh,SP
f080b317-985c-4d43-acb7-ecb23c7c364b,83578,Port Scottmouth,PE
614c9ab0-eef5-4483-9557-d27408855e88,42133,Ortizland,DF
36f75423-1253-4dc8-b35e-1e81cef965b0,31744,Seantown,GO
0273013a-8cb3-43e5-921b-eae508537157,16384,Camachoborough,GO
064bc4c0-0bf4-4daf-a07e-a84b19d8839f,54119,West Laurie,MG
4178ec20-bf83-45ca-903f-21d0834ecb78,57694,North Charles,SP
2835a1b4-8651-410b-a168-43cd578d39ef,89648,Shelleyborough,GO
46ccf408-0f44-48ab-85b6-2d0d04df2f96,10897,Fergusonfort,RJ
d66d7654-16c1-4cce-9a04-5d5ba4e7a017,31046,West Michael,MG
2101898d-064a-4a36-aa7d-5ef656b81bd9,44787,Port Laurieshire,RJ
45cd52b6-5285-4836-8c7c-441f8436696b,84175,Williamschester,PE
df53a836-6c45-4000-a78b-61331f2a634f,70524,Lake Jorge,RJ
741ddb32-db83-4239-9b3d-38542cd1d63b,21133,West Michael,RS
bd7fbe9c-c2fc-4996-be94-2b02be0512ca,99000,Tammyberg,BA
06f93a69-a56c-45dd-a1fd-ffb6ee23fe1a,78165,North Anthonyburgh,RJ
960b2088-285b-4484-9388-53990742bff0,33067,Warrenmouth,PE
4ff06463-a577-477c-a473-27dd6f000e47,29287,Ericaland,RS
6765e148-f1a4-44e5-87f3-e67338604518,14919,Port Zachary,PE
afdc292d-97ab-4307-a1fc-f27a033bdcda,96125,Port Christianport,PE
bffbc3d0-bcd0-4266-b4ce-81b6228c0854,81403,Rossburgh,SP
478cea7e-e8f3-41c0-b5ef-ca32a56a4ba3,86236,Amyshire,PE
13f25a9a-c3e4-40c2-a56b-6357564cccba,48331,North Destiny,RJ
51cc69f3-966e-469e-93a1-cccfe3191d4c,89177,Melanieside,BA
e3ccb84d-b45f-4fd5-b6a4-04d24eb706f9,51180,East Samantha,PE
0438451c-f6c3-4921-94e9-8912b6321f07,59218,East Justinburgh,PE
4185e24b-e559-4388-bed9-baf37b8990e8,30876,West Hayleyburgh,GO
a22eb50f-02a0-48d6-b706-61784143e7ec,16051,Valdezchester,SC
62927546-d23b-40e1-9d65-9b2fdc3ef3cf,70166,East Timothy,PR
efce7b47-a7ef-40ad-b391-05da842c8f1a,50472,Josephborough,RS
349742fc-6fdc-4081-92df-a75e26fc8f3f,28555,Lake Deannaside,SC
0aea5cdf-6296-4527-8428-2a09b369bef3,81574,North Jasmineborough,RS
1b50b5d0-fcdc-4525-ac4c-062b4340003c,64401,Brittanyhaven,PR
67b52f2a-61da-49f9-ab8c-6307bad43118,88770,Summersburgh,BA
f3b26e3d-79d1-46b2-98f4-c08dfeef98d0,31829,West Marybury,MG
0953f324-bf32-483c-b0e8-dcd66dd34ca4,98158,Port Samuel,PR
79cf14a9-d36e-4e5a-8301-5b7407cd5264,34593,Joannamouth,DF
703877a6-eb3d-440a-92ed-d63a9546f60d,41845,New Brianland,SC
42ee7f53-ee2d-41f5-812e-a9f80bebb889,11398,New Williamburgh,RJ
b75fc7a5-b0f5-45d1-be74-b0cc84ef3fb6,45674,Port Toni,SP
bae67c26-4ffa-445f-aa14-e1014c78c70a,28704,East Emilybury,DF
6a6ffdc8-b010-4bc7-95af-e7509d01b63f,72013,Lake Josephville,PE
a9e20ca9-db7f-45ce-b1fa-abe4a4e9c15d,26265,Walterville,PE
404ba3e1-91dc-4525-be78-070c7dcb7545,96493,North Shannonhaven,RJ
3a8bdba2-69ec-43ba-9f35-454ab059919a,34883,Deannaborough,RJ
599e961b-3562-4296-bfc4-dac7bbf77ab0,70965,Emmashire,GO
753f2367-9aa5-410c-a6d9-7ca70e3817eb,43231,Port Antonio,RS
e2693f92-4021-4f0f-85e2-96d1a0b55869,89272,Ashleyview,GO
8e5c61ec-8648-4a6f-8eda-8099518ebd7d,62245,Scottfort,PR
ce8d66d6-8f21-44ac-bb72-e6a92e514430,97068,South Chad,MG
0ec26509-6781-46d7-b207-a02c9222a4a0,15238,Katiehaven,SC
62dc5e4d-c02c-451b-99f2-5430f7ffb82d,72336,Collinsview,RJ
2671db1a-0efa-4f93-9e9f-ed010ab76275,19477,Lake Kiarachester,RS
2e58cc75-58c1-43d5-9a2a-21b207dd55a0,81373,Ortizhaven,SC
edee41f7-4dbf-4d97-98b6-83045efb565d,41285,Gonzalezton,PR
ed64da54-8681-4d53-9172-90c0119a8492,58992,Markton,MG
2df717cd-22f4-4618-9bcb-db661a1ab835,80745,North Jared,DF
3af29113-691b-4ed2-b03c-51e21705f8c3,51799,Berryberg,GO
0c7bafc1-c3c8-429f-a7bb-881b1daa88b0,23319,West Yvonnehaven,PR
96e0277d-602f-4423-be2b-3d62a58d1f3e,69673,Huntermouth,PE
7d0c0381-8444-4a69-be27-e77fe0771c94,30850,New Glenda,GO
022e226a-0640-4bea-a334-c72cbc2e26dc,84415,West Victor,SP
d700d3a7-6cc2-483a-8552-4ee58654dc56,70112,South Rebeccaberg,GO
c7e51bac-97fb-4ab7-8ac6-d473d601019f,37324,Lake Nathanielmouth,PR
46c256ee-1efe-4c84-adc2-b86aa1bbf3a7,74462,Bauermouth,RJ
c9b1b4eb-49c7-46b2-ba7c-31d905da7e20,13321,Moorefurt,MG
2c98c7f9-44cb-479c-956f-6b26e005281a,95599,Rodriguezville,PR
628accf3-15fe-4006-a2a6-4787c0844774,25681,North Isaiah,RJ
192a8a9b-1d48-425d-928c-dc44364e30c0,60124,New John,RJ
e9c00ee4-1d3e-4659-ad0b-6295e84d728a,37028,Duffyborough,GO
079a8bdf-42f5-4c03-8127-40b751dcc8a5,88560,New Matthew,MG
72384f61-5cc6-44e2-af6c-0d9a87123859,98469,Williammouth,PR
6e4af22c-3d03-45a0-8a50-10804f5612ec,81349,Port Donnafort,PR
af866373-426e-495e-903d-4a734b1c077c,56124,Melissaberg,PE
994e3a9b-d726-4c34-95ca-246bd8cc6acb,22719,North Johnfurt,RS
7500ecb0-0695-42df-80b6-f66f20a01993,43848,Christopherville,SC
3757cbe8-b2b0-41b3-9353-e6feb9526db2,71059,Olsenport,RS
9cc350a7-cff6-419a-9a60-782354f64510,60734,East Michaelberg,PR
b2b367bf-090d-433f-a9ab-714cf5c451b0,35713,South Allison,GO
e8ef976d-5e42-43e5-bbd5-fa6b79923ce1,79021,East Danielland,DF
ca689aaa-bb68-45f4-a305-8a1cbbe3836f,94386,Michealburgh,PR
58b42d48-d490-42d3-bc4f-066e2569f93a,98890,Robertborough,SP
178e12f9-3d8b-4855-825e-bffd65d97c1d,19452,Ortizport,RJ
96ee7cae-ae15-4517-81d6-d5bda7fca606,98597,East Jose,BA
4809c4d8-ecb7-4941-ab4f-7db28d6588ef,40586,West Joycefort,PR
d373a54b-31de-4d2a-8276-0ae4143c32fa,69904,South Edwinport,SP
c6668c66-1ea2-4b1e-ad89-cc15cb1d95ed,49945,Hectorstad,SP
ed5a99b9-6b96-4b38-8a34-798724031c34,19260,Burkestad,SC
7fb52ff2-6ada-487b-9ecd-df4c10a15f13,65868,New Sarahmouth,MG
1e5e8cd2-f3ee-4987-acec-82e74cfbb14e,83170,Port Joshua,PR
2abf760e-66b4-434f-b012-e142facf22db,27443,Duncanbury,MG
6168b6b5-6c79-49c3-b31e-903cf0ee8e2a,72479,Fordfurt,DF
08e9fd8e-fff6-4369-82fd-258a5bc810ce,99004,Lake Spencer,GO
d60e5dd5-5382-4bf0-9e29-2f29a34c72c4,38110,New Donaldside,BA
15a5cac3-040e-41b4-8370-ea36116ebd97,13878,West Jennaland,GO
b37bf7e2-4f94-4cf1-99a9-087c4b2ea378,28572,Adamfort,SP
284452c4-ef14-470e-ba9c-909fa10f3033,80480,East Amandaberg,RJ
27caccec-858a-41da-b6cf-fafc0009793a,73738,Mcconnellberg,RJ
2f113a25-f97f-46c9-9e54-6e4005ac51ea,42868,Kevinfort,MG
b64d2efd-1f01-4edf-ac91-8cdd5ca2b016,70077,Michaelborough,GO
bd6d25ce-53d6-4780-9078-f9c280c643a4,39968,Martinbury,SP
dfd692ad-9a2f-497a-a086-916ddb4a68a5,68154,Garciaton,SC
cca96cbe-937d-4f87-9167-964e0dd0fc00,64642,Loweshire,PE
d1c2cb47-302b-47a4-b74d-86134a275544,21848,West Teresaberg,GO
c1e38572-f49b-4981-856e-bd694c199c7e,41196,Lopezview,MG
c400a7d0-3e0a-42df-a90d-e7af861dd7bb,35731,Timothyton,BA
8921fe40-fb93-4fd5-a71f-f5ddabec12af,51976,Port Toddberg,MG
7dccda44-366f-4995-b5b5-ae95ff140124,57412,Tranchester,SP
2a1113ef-e411-40a3-96d8-979a0213a632,21244,Rebekahview,PR
3b2aed81-a5e6-4a28-bac2-4297972d6435,86460,Hernandezfort,SC
45909c1a-b60d-4b8d-8378-1b7bca020054,21577,Mathewhaven,SP
85683c1e-62a1-4708-bf1f-42a38254b063,42391,Ricetown,SC
e7351615-3232-4881-ac2b-b45393dd8654,21016,Carlsonmouth,RS
41d79b16-db8f-4fe4-b668-228e81fc8d26,12608,East Larry,RS
547d48df-3971-44f1-ace8-9cb9112dd9ce,24275,North Josehaven,RJ
d30c4045-1564-475d-9faa-b7f0e7bec47d,89492,Nathanielville,SC
69ba26b9-cc96-4ab4-8e52-5f0826053dc3,99254,Duncanborough,GO
6cae0150-9165-4cc3-8fa0-3a239c270e90,22637,Mitchellburgh,BA
f9b17afc-682d-48aa-928e-899087d3c9dd,79487,Jacobsville,PE
01cd2891-ede2-491a-b467-d98f8ff2cdf7,76442,Walkermouth,MG
187f672c-ccdc-4cb6-84fe-b9a4bab78538,10989,Mcbridemouth,RS
ddb8812d-1b43-45b9-9662-29606bb4a7e4,31410,Bautistamouth,MG
c307ad35-d73f-4425-b14f-d8c438d8371c,30362,Keithburgh,MG
a671aaa6-4390-4602-a9bf-dcc6fb39ea05,97684,Port Victoria,BA
122c8e3b-7021-45b9-b590-c152231093af,80846,East Andreahaven,SP
d85def35-f706-4bd4-8715-39b2bd2ec320,91115,Troyton,MG
89ff6c49-ca67-4a31-ae0a-5ace7f293be8,91410,West Timothy,SC
fcffbf46-b600-4f17-b8c6-843bb23faf3b,21037,West Lisabury,BA
32bdd335-ece8-4c2d-85da-5f30f3d7d387,51515,Sullivanberg,RS
d2ffa1fc-def5-4bad-b6f3-49112a8dc459,42950,West Terribury,PR
611dbeed-318f-4baa-ba1b-2479bc38145f,12282,North Samanthafort,MG
ff55b6f2-b2c8-4c7a-abdc-dbb71a74c15e,34681,Tiffanyburgh,RJ
bd3c673d-8f98-40da-ab07-fff6563f4ec7,83776,Sydneyview,BA
0ece768e-f63a-48ee-9e75-4a60bd053d65,64602,Mcguireborough,SP
5878a913-9be4-4bea-be5e-325c4cda9595,12230,West Jeannemouth,DF
cc8da165-5a93-44fd-b07d-b805a0c1040a,10946,Port Christophertown,RS
36241088-aae2-4525-a4b2-e33c8fc1cfd4,58010,Port Sean,RS
5ac671ec-b362-4b2d-87be-b90087a9892b,52758,Port Elizabeth,DF
14f921c3-278b-42e2-9776-6c0878144677,31213,South Christineshire,SC
13f34254-df9b-4f28-b497-eddf08b7ee69,47639,Brendaborough,PR
5ae40eef-8644-4fc8-bcdf-4e66f9b1faeb,47196,Tammyfurt,RS
d1c5d78c-0764-4373-8587-784dd17c972a,47160,Hillchester,RS
d223c0ab-ec70-4679-860a-3caa6664c172,13885,East Andreastad,SP
d8b137e6-928a-4ec8-b13d-da0d306344d1,27813,Valenciaborough,RS
afce4d07-f9ba-4ac2-8f69-5b36200a6ab6,69183,Goodmanmouth,BA
8593b49a-c605-49f3-a37f-afc37a2b50f1,21403,Jenkinsside,SC
09985084-60f5-4d06-913e-40129526f6f1,63459,Matthewschester,PR
d11f885c-4a92-42ae-a092-f9a586c6d252,84687,Johnsonfort,RJ
93d80959-b5a0-4653-96e0-6e94d7c56c70,38947,New Kristinamouth,PR
c116afbe-f718-415e-8826-0f63caa1ee85,16168,Port Sandrafort,SC
ddbaa3b2-7798-4e00-9025-aa31e3756a28,42884,New Nathanberg,GO
7ab0ea78-2262-4080-88c4-08de79de2548,86620,West Jonathan,BA
a403999d-99ac-4f41-ab21-23e810a5e4ae,53024,Kramershire,GO
3f9ee735-c61f-441e-8f4b-95f34fc4d322,26377,Kellyside,SC
23a597f4-7575-42f7-b4ef-5b4855c52c82,57374,South Sherryview,SP
52634fbb-e566-494e-84d8-b1f13c4eed3f,61361,Lopezshire,RJ
6cf73102-6395-4d31-9dc8-73e2c85fea9a,61135,New Jonathan,PR
a4ad0401-e05a-48d8-b1e7-17a64af6616e,52224,West Collin,MG
156a85e0-1ca7-4e89-8c0a-36ec07850b7d,87383,East Jessicaport,PE
ecc6b59d-98a2-45ba-acd3-71c28f9a4013,41907,Jamesland,PR
5362545d-760a-4be6-a7fa-9274abaa6edb,69088,Lake Dennis,SP
ba60e5b1-d4a5-4343-933f-6341dc630349,63421,Edwardview,RJ
b1be5674-a4cb-4c5d-8386-5d6015f71fbe,14250,East Yvetteborough,PE
b5d98c87-5aaa-4677-9979-c7a928dcbe26,82978,Jeffreyburgh,BA
67833241-9e61-49fb-98b3-db1f257b49df,17219,Taylorview,SC
332677cc-85c1-4d75-9136-ecd5bab4f5ec,96759,Coreyport,SC
685dc039-92ab-4647-a5ff-23b5a5f4c72e,70901,Michaelfort,BA
83708328-62d0-4021-b7b7-8d21fac1abdc,71116,Rasmussenberg,PE
5d49efff-bd8c-401f-900a-cf23fdf31f79,89700,South Joshua,GO
b9ac6d57-7081-48eb-8477-633c6e44c20c,47510,Whiteheadland,RJ
3e67811c-0c37-4506-b95c-aecd10431897,37710,Grahamfort,BA
39b5a4ef-746e-48f0-811b-2061dc99e648,53258,Justinport,PE
e7ec46ba-7bc9-4871-b620-290cbfb505c3,70876,Davidhaven,RS
e1057458-49a8-45fb-ae30-1804fbc9cd4e,85035,Lake Angelicashire,PR
2b6edcb1-c30a-42b1-b884-93fdcb176c40,26029,North Maureen,SP
c1d1c3c4-6223-49f5-a841-2a87d2c41889,51851,Port Omarville,BA
852172a8-12cb-43c7-98fc-e674e48bbab6,45343,Williamsland,SP
5d2f7bdf-ae31-4778-a485-031756a936d5,18821,West Yolanda,GO
88b33c0a-d992-4694-bcf5-7889f8c353c7,48234,Howellchester,GO
f5e73618-a954-4c28-bb81-efc8affc12bb,33959,Cohenport,RS
63e19a16-95ca-4b97-807f-1f1839b398b8,18142,Angelburgh,SC
3817f0a2-c46c-4d22-a763-432849c62853,30723,Port Christopher,BA
e0058afd-e4e7-418e-b542-26e3ec48b887,24700,Jenningshaven,RJ
2d3f0fd2-e87b-4bea-a5f7-dd2302a8beb3,40534,New Tony,SC
3df79347-6e54-459d-b843-9239ec1b42b7,38632,Carrhaven,PE
3eeba200-d6f7-477d-81d0-3e480eca71a2,62830,Stephaniefort,SC
36b4d7a8-1d95-44c3-9174-687669833230,56782,North Rachael,RJ
72edea0e-d57c-40ce-b63e-d4075b5d4969,19415,Lake Stuartville,PR
ae763643-324b-487e-8ef0-8afd0afcb963,44008,Clarkland,GO
768aa4f3-1987-44b0-a003-577212e2bc7d,64991,Cindyport,PR
029759ee-7bab-46ff-ab2e-c7014f033165,99269,New Anthony,BA
6acd0fcb-40f2-4ec0-8076-bfbfbd2343f5,43163,Brownshire,SC
57481011-c70b-4720-b3a6-c3b096da6176,52562,Lake Ericview,BA
6d3d873e-6212-4851-b9e8-1a8c4a4bd4cb,56716,West Williammouth,PR
bfc8f986-308c-41c3-a7b4-6bee257064e3,10531,Mcclainmouth,GO
9229728d-09a8-4f2e-a275-db22a8e5a54d,52264,Lesterborough,MG
e6d39d05-24ea-4654-a051-0603239ef4df,70858,Ryanview,RS
b8f495f2-8a37-4db2-ae04-a6f9b4734cd9,53439,Jamesbury,BA
edd1ae0d-7d07-4edd-8b5f-15b556a653c8,22959,Garciaborough,BA
fec31df6-ec55-4f46-a945-4e5462dfc01f,15618,Thompsonborough,MG
7378e50c-714c-4719-807e-8ed5d9de78b6,19834,Aprilland,PE
4db1bb2c-89ac-49a1-bd47-f8d36f61a966,68509,Greeneside,PE
526d6e01-0e11-4427-ac46-39f1961f6c53,36806,Adamton,PR
397939fb-f53b-4961-b5ae-6e1326d8a336,47987,Joanneton,BA
cd51714e-1c7d-46f9-b981-2ed45e0efe55,40302,Websterborough,GO
8018b43f-f70c-42df-9a39-2f07de61e887,44975,Prattfurt,SP
315ee8cb-a55c-4cf9-a987-bca2f8313939,47851,Karentown,PR
84b64b37-b2b0-478d-b48a-804c87da6aa1,40664,Youngburgh,PR
980e596f-3fc1-43e7-9503-7f474b40e4ec,95504,West Terri,RS
a6d6c41e-75e0-439d-ab5a-b50781b056d0,68879,Port Samantha,BA
fd0aae82-ea5d-4b4a-b57e-1bba313f4df3,39335,Cortezchester,PE
16126178-b936-4096-99c4-d62b5fc306cd,47506,Kingport,PE
0338b30b-f8b1-421e-b617-73806a2ddccf,57550,Ericport,SC
3cf54f83-5145-4879-a90a-7d955c7af171,99054,Stevenburgh,DF
e9c94bc9-6657-4710-98a7-3e9176b7b3c8,32802,North Vanessa,DF
499e36df-eca4-4ef8-9d8d-0d9ed4306cdf,94296,Pennyton,DF
33cdcca0-4e3a-43c3-a7a6-73c7fb0f8dce,61924,Justinshire,RS
e91b2036-03d5-4940-a74c-6e0a22ed59c8,40876,Port Jessica,GO
0d357308-f91e-4ad4-bfa3-05cea820061e,75605,South Amanda,DF
6e04c77d-7ec4-4089-a733-ee0e3b2d30ab,62756,West Jessica,MG
c0411aba-47f2-436b-86ac-756244e3188b,22791,Port Kevinfort,RJ
707dbeda-531a-4de4-8ff5-727679c6ad61,57838,Tamaraton,PR
0a2c777b-d7a2-480b-ae75-cd4fa691be0b,46980,Phyllisborough,GO
edaf1127-3923-4f47-b2f8-50af1fe8be6e,66000,South Jessicaview,PE
98e3a631-68f4-4ea8-9125-d79b6c35033b,31009,South Gloriaburgh,SC
627b4ea3-2194-4f82-88ee-704c55e7ca3a,71733,Mejiachester,RJ
19f2863c-b8df-4457-a033-0a51329e1630,30908,New Jasontown,RS
cfa68e5b-280a-44b0-b707-1baad7fa9e04,90063,North Brenda,PR
aa5746a6-4ec8-4526-a145-30ca04a1d04c,69081,East Vincenthaven,RS
f41e098e-f6c1-4238-b875-8d3c31be6f9c,22101,Michaelside,RS
a82b3092-1e8f-4097-b733-6eaad5414214,45883,Erikhaven,MG
b08c5868-cd7d-4484-ae04-3ccf6b27fcb4,44957,Ginaside,SP
8e79a15c-9ad7-4b5b-8f34-19ffba8f2ae8,27160,New Erinton,SP
b8792b41-cd2a-4be8-ace9-ccbc03bac338,60445,Port Amandashire,RS
dca34add-73b8-4133-84b2-5066d71406a9,17887,North Jamesshire,DF
ddca9d3d-4c2b-4e07-b03e-bb85715a842d,71574,Mirandaport,PE
d7a09645-4bf5-4184-96bb-47c41a0e2b85,11084,Alanland,RJ
9e62d7cf-afa8-4df6-85cf-d9ad355006e4,34571,Duaneburgh,DF
90b0bc05-d114-45ef-96f3-8297b3a6692c,69011,Lake Mary,BA
56d2c6bf-f762-43a7-bb83-8d9e8721309f,38286,West Edwardshire,PE
d3280bc1-78e0-4001-84b9-f8ecb1d033da,73806,Wigginsstad,RS
0324e9cc-4a1c-46ff-9e3e-9c6996795582,17930,Susanport,BA
dd07d88b-3e1f-4102-9e41-e68bb5e65077,93331,South Julieland,DF
614386b3-bb47-492a-84e3-ef30dda3d30f,82919,Laurieland,BA
44bab283-bbfd-40cc-8b17-fa3be40f3134,54995,Port Troyburgh,RS
b00702f0-e175-4428-8186-a67a83067d27,37590,East Nicole,MG
e8c065dd-17f0-4ff4-b287-9b81336ea1c3,69186,West Randallport,SP
b95599bf-7668-4a66-a635-20ffd5f84f40,12712,Hensonmouth,RJ
3fa496ab-e929-48a1-8129-10b53a1d6eff,86110,Port Tylertown,BA
ddf0098a-5207-45a0-b5f3-055f57479350,49163,Stewartstad,RS
792367ee-84a5-420d-a7c0-34bed485896b,76038,Wagnerbury,MG
8a73e899-06ca-4758-85d6-6356b6b0106d,71435,North Amandastad,GO
e113e1a9-1a34-49a0-9bf7-7055ee82664a,24707,Lake Krystalmouth,DF
f7957420-6a54-4c62-933c-22b4dfd78385,44297,New Michaelland,SP
d1126c3a-1f5c-4ca8-8ee0-e0057d11cb96,89938,Robertstad,GO
a796508e-3029-440d-92d0-cc678a1bb258,92889,Ramosberg,RS
472b98b9-245a-4b5a-aa3b-ea27c7e9b358,52934,Marcusview,RJ
0eb693a9-14a0-4f1f-ae5a-d62d01016665,27052,Bakershire,DF
dbbd8d9d-08c2-40ba-b13c-a6298a0101c9,60195,Lake Tracey,MG
546df16e-2ffc-4677-bce7-0ccd276d5b92,73864,Lake Carrie,DF
813d3f87-9cf7-4fd4-919f-d3db09f73b9c,30464,Heatherville,GO
dd90e151-89d2-4a4f-abef-d8f32204afc3,65161,Sparksberg,GO
6d06ce0d-ac25-447d-8afe-7c3202df0efa,27392,Davisborough,PE
249969e3-6cd5-40f2-8405-4a61f5d6e303,48184,Kevinfort,SC
942cdb01-3dec-4114-8f44-b8aa56502da5,74601,Torresview,DF
8e93ac3b-4cec-487b-928e-3d5c1f368f50,32733,Lake Eric,PE
3f403b97-56ee-4666-b49f-814567cdeab0,34284,Reedfort,GO
21fa159b-c2b5-4ecf-be0f-898e28f51623,59874,Diazville,BA
257a38bf-56b6-42bd-9f09-2f16c767726f,78826,Lake Donaldmouth,GO
ce60af3c-67be-4212-adbd-ea1e982c1a84,76088,East Valerieberg,DF
afa69fc5-1476-4e0a-8bfe-c2c16da9b2f5,41903,East John,MG
c47ae26c-f7b1-42dd-9d63-0496d8967210,27696,Harperhaven,DF
b0259ac1-1433-4f56-90c6-cc213c9cebdd,34542,New Thomas,DF
91397c20-cc44-42bf-b341-b919ac8be860,78133,West Jameston,PR
9dac89f1-ed78-422f-a2c3-981540f57dbd,66222,New Christine,RS
2666723a-b73e-4432-b980-ce0b705df9fa,77270,Garciaview,PR
5e0b20f5-8df7-43d8-b688-751a6e8284ef,26234,Jeremystad,GO
1fe8e0ff-947a-411c-a3db-cb9595b48691,43088,Port Angela,DF
925d499d-2b61-4be7-b6c2-b9ae761056cd,53697,Port Joan,RS
e61ab567-52e7-491d-8eb4-71f41632384a,18127,Myersshire,PR
27485f11-32af-4fbf-808a-64fc2dd0c1b7,92954,South Paul,DF
263b4c5c-96b7-41b5-b46d-d28d36f07795,86103,Garcialand,RJ
268b6aa6-e45b-45b0-b182-829a667a224f,54228,Lowerystad,PR
4aef1278-b939-4272-a18a-7689a5ba6eb6,34488,Gomezside,RS
5ea11d31-f1b6-4a92-b613-f57db43105c4,71162,Peterview,PR
48b41836-7ed0-49e6-a3a4-cc755b127000,25808,Jessebury,SC
5fbc86c3-e257-4280-9686-c18def00dd17,14990,Mitchellfort,SC
c335fe5d-5b6d-4459-88f3-f56c797a90d1,94593,Toniside,GO
65049d18-4ed3-4a0f-bd84-1424dcf54a61,66474,Lake Emilymouth,RJ
df806aee-a593-4c78-836a-2f841731dc40,14132,Lake John,MG
1b3aaf3f-52e9-4a6a-9209-e3201624ac2a,74735,North Marialand,MG
b9814909-778c-48b5-adda-be8e127f4611,85104,Justinfort,RS
304f307c-e4ca-4dbd-b3f5-d37e874e0218,34276,Paulbury,BA
ad93c524-984e-4350-8076-e897de38dd1a,33400,Christophertown,MG
9dd950d8-2da4-4149-ad58-bd8338c39744,65232,Johnsonstad,RS
fba8cc3e-0ae1-41c5-a80a-5e4f90eb82a5,31227,New Robert,RJ
6a5b29c2-67ef-435b-9de1-8f220068778c,37436,East Karltown,BA
7c111bad-f548-4bae-af12-74280576f840,28565,Amyside,BA
316dc571-0c42-4d8d-ab98-3c256b2e0af0,89762,New Pamela,SC
39942311-32b0-464a-892f-043235a73fd3,13738,Weeksfurt,GO
47dc823d-6501-49d9-a0bc-81cb41e3964f,13813,Jenniferview,DF
958ea810-4339-4155-a80e-b1c050929f1d,22415,New Steven,BA
ff4a66b2-0034-4a44-a97b-4876a7036dfc,21916,North Kevin,SP
082094b6-cfb9-46ce-a561-fbd544568eb5,46554,East Jeffreyfurt,RS
8b6e85f5-5cd2-4fc9-90d6-0a94295657b1,12688,Burnsside,BA
c357d727-de7e-48a9-968b-7505366fbe18,16988,Karitown,BA
2b221394-d227-4058-b71d-01dce8501462,48163,Dianahaven,PE
33b3c0ae-7ae1-4d3d-8732-62e4e0c119c9,47774,Port Ashley,SP
a8abd620-c1ff-4774-8bf1-a54a63db6b0c,80835,Knightberg,PE
935b509f-ba1a-4782-8bbf-c34e60eaa5c2,27283,New Anthony,BA
95105cc9-4378-43d5-852b-2da10c87b2a3,40337,South Christinabury,DF
bbaf5333-677e-41b9-b432-4bb81c526043,74017,Wesleyton,SP
2df931bc-76ad-4956-9a51-8430ce10e51f,49107,North Taramouth,SC
51f4d216-02a8-4285-9386-874a31273ccf,35996,North Jason,PR
2f79442d-83d7-4c2c-a449-eff5213173c9,21972,Brownfort,BA
5ea39ef0-d0d2-4459-9ce8-e5b0a825cddd,89373,East Robert,BA
375a9a5f-53fa-44c0-9e70-a826bd5fc4af,26536,West Connie,GO
e21d0264-80b0-4779-aedd-90ebe27ef02d,37859,Anthonyview,GO
8d8d5366-5e81-4858-b856-6559580967c3,87912,West Glenn,PE
8b4c89ec-eb79-4663-9efd-e5e5608816dd,40305,Allenborough,RS
f128199b-d26d-4c87-8a28-b3f515b2d455,88881,Coxport,DF
753d0372-3734-4f05-9e88-c3c60051db23,79166,New Christina,RS
191bb3fa-3dce-447b-8200-3bf6b5144416,12110,Hectorland,PR
4a9dbffb-5eed-4f06-ac89-79f5e34aa89f,44857,Lake Henry,BA
81524a6c-d54d-4da0-93f3-6d6969a0a9b5,13720,Nicolehaven,DF
57e6a6f5-cbb1-4f93-b996-23d0fcba86aa,33339,Carriemouth,SP
b89c368f-d5d8-4fd0-8bda-ff87174f986f,65172,Peterstad,BA
3690004f-ab26-4b24-be16-a3ee53358069,88679,West Jeffreyberg,SC
3c757f39-6911-439f-b882-afd90eddfe72,75106,Alexismouth,BA
712ca442-57a9-416e-86eb-c468ca797603,91230,East Donald,MG
34997aba-f0e1-42aa-81b2-7972b01c8a20,63159,Andersonport,DF
c812a66a-8740-4a92-917b-6d982411c163,45243,East David,MG
d814907c-b641-428a-92fe-abb8b39e9c69,18130,East Emily,PE
5c2a5fcd-fc3b-4b33-87f8-fa21fc1a326c,93280,Nancyside,GO
11e50292-60e5-4ce6-9eb8-0a9d0a841718,96986,Joshuachester,SP
6ce90ddf-aca3-4e9b-a1de-2f3610322886,80567,West Zachary,BA
91f1fb2e-dcb3-433a-8d99-60f088c74b62,55419,North Dylan,PE
5a4ebd79-4d07-4658-b538-f14f340215ef,64792,Huynhville,PE
69185adb-3eb3-4b49-a82b-87892d22a5c7,11407,Barnettbury,SP
8496432c-e0b1-4c26-a6cb-18eed113b058,36796,West Cynthiamouth,RJ
0357c05c-43f2-42a2-8b29-39f231867997,80067,South Donald,BA
56c22615-519d-41ea-8545-dece6cfce1d8,54564,Josephhaven,MG
c95ec396-41cd-462a-b3d4-afbd34c31a30,60654,West Lisamouth,DF
e5844a49-4148-422d-8f42-9a04a413d1ec,96942,New Courtneyton,MG
120734ff-436e-406d-9fe9-ee0ec42e17f2,46910,Greeneview,SP
ae196a18-79f7-42cc-8d8c-5ff068cc1706,89883,East Jamesburgh,PR
3e95c851-a509-4829-8dc9-5724973714f6,70834,Patrickchester,BA
c7ba6100-eccf-4137-9080-75c7c87737a7,57068,Julieville,SC
2bcffe54-06d2-41b5-ac56-b8fb69a7847d,90841,North Mallory,RS
f0ffadb4-cae7-4cae-9b7e-f77a097ce227,60079,Valeriemouth,DF
509617eb-c0d5-4d06-a602-ea33b473311e,29987,East Nicholas,SC
e20d3949-ba1b-46a2-a8dc-62fcf0a8eba9,89047,Molinahaven,SC
d0777760-bada-4733-aa77-3fd7bfea1435,68113,New Joshua,BA
0b3a35ea-956a-4a29-810b-68bd915a63f9,16289,Tuckermouth,PR
b75c2cf1-b1c5-4e24-8de1-7d03ebea736e,44374,Andrewville,BA
47f21466-245a-45d6-ad1c-2333ba33ab0d,23306,Morganhaven,PR
7d066da9-49f9-422a-bd74-d09e305588c0,77402,North Brandi,RJ
b33a761d-9ab1-440f-90ad-f9d7c9d710d0,93498,Prestonmouth,DF
c5ead54f-9941-47a7-a061-6a923b95b456,32285,Lake Rebecca,SP
cb9eac2c-3740-436b-91ff-a0a8c5301ed8,23885,Lewistown,GO
189604c7-934b-42a8-a0d6-14663d039dde,63109,Andreabury,SP
d4fdbd2f-f4c9-4909-b4c4-720b3f7f08b3,71281,Jackbury,SC
fced946f-0375-4061-b6b1-31cdd180af66,10199,East Amyville,RS
f4cbbf9c-4838-4f96-a845-b310b724dbac,11438,North Joan,RJ
92b99443-32b0-4311-86c1-9cb7f878e9f5,44743,Clarkmouth,SP
e0479d7e-4012-421b-a63c-08b65bda82e8,17055,Hatfieldtown,SP
90fb7062-abd9-4316-918e-9d80ec360dd7,11194,Loriborough,RS
f67da8ea-6523-4af2-bab2-4b43b722a8c7,61791,West Dominiquemouth,RS
25c4951d-8e32-46f6-a8ff-1d8931bad498,17191,New Andrea,SP
4cc7cdc5-e7e6-4ee4-8105-aaa8ca21d607,63811,Port Steven,PE
9cc8f1d7-e2f3-4f83-ad10-7f69cc6b10ed,44494,Port Mariah,MG
838caab8-af95-4f03-9eb1-9ddd8337ab5d,63394,Garrettburgh,RS
45652ed8-8e21-4e39-8ce9-8f7820770b49,19712,Lopezville,MG
47be1f9f-70c6-4fc9-a627-e02da9752f02,40689,Rodriguezland,DF
bd020cf8-8919-448e-bbc3-c72c4050d292,51055,Lake David,RJ
e317fe23-7588-4e19-94e5-815d7d983202,71123,Port Johnnyberg,PE
2e6a1262-1f89-4441-b0fa-61415193dc1a,64497,Hillbury,RS
a25071b4-f080-4c9a-b88d-8f67ef358ffe,69545,Bauerville,DF
6f689e0a-ef98-466a-8ba8-535a92f60730,16772,South Heather,PR
ed80ffff-92d0-4067-a801-4d0608edce4c,18716,New Tammy,SC
932edd3e-d75c-48cf-9f2d-ed35b7c01707,54584,Chaseland,MG
8d8d4725-b1e2-401e-aede-e97778417b7e,76252,Doylemouth,PE
e4fb58b6-3d28-492f-8354-d09a7a857a33,63140,West Brianbury,PE
e95c1f41-2599-4397-8c13-3a7bc01e93ca,45342,Harttown,RJ
f1feac83-15ea-4701-9067-43bec9da3e90,80076,Stevenville,MG
785f6561-5ada-4c96-96cc-66e579801e49,79059,East Malik,PR
2bbdb7ff-b78f-4ca6-b34b-b6cc49ab078b,69676,Lake Jasonchester,RJ
4d11bc8f-4608-49b2-80ac-ccddb0f10f05,90884,Drewton,PE
a01959aa-0176-45d2-954f-1c2fe638a498,90075,Rossberg,SP
b7916038-fd7d-4e49-9b36-6d06bec322f4,18806,South Maria,PR
5048a41f-6b53-44e0-8f77-4107ba79ad64,51262,South Richardbury,PE
8d618d98-936c-439e-a643-22892ee8c085,36125,Cummingsborough,BA
49cec7b1-3c38-417d-a355-889a5d5b91a2,72413,Evanmouth,BA
40687b57-1a25-4430-9652-078c262e56bb,94514,Port Peter,RS
fc78b9b3-522c-4b35-a742-b9d5a3b977ba,87370,Teresaton,RJ
131f33c5-2599-40be-ab42-b1833207353d,99212,West Zacharybury,PE
cf302e7d-c558-4c1a-b248-368dcdd59e48,59999,South Amy,RS
ddd4b295-3aee-4bf0-bcc0-b3527ae531f2,45089,Foxview,RJ
726c1521-1d83-43a0-aa8e-5c650b016112,38372,Robertfurt,PR
d0c36503-f035-4a7d-9a05-7aac751f490b,42790,North Denise,PE
ad465adb-fe58-4428-b25f-a8784106786a,10164,Lake Devinville,RJ
c8d52d8c-a03d-4600-8b6c-445e81496322,20462,Davidport,PE
759c1cc3-a242-4fb8-b03d-fdba3967f15a,26354,North Sabrina,SP
076da85d-c667-4518-b700-ea55220249a6,60807,Garciaborough,SC
391b861b-8895-4ba3-972b-3e7bc171d404,88760,Port Ashley,GO
1ec3fc24-fcdf-4c22-acee-8ea317e2df8e,22280,North Amyport,BA
669e9e4c-a185-4cb9-adb4-05e898d590b7,20178,North Josephbury,SC
2f038a36-6e93-4961-9050-4ad2c921c02a,11998,Karentown,RJ
fd3217f2-4488-4017-8c02-65f2578fd67c,84469,Lake Christophershire,GO
99016a4f-7d19-4cd0-ae12-21f37922f9b6,14326,Patrickton,SC
cba553db-87fb-422c-8514-bb00c5f1b054,51999,Benjaminborough,SP
199f6a37-9555-4006-a8a2-45befddf29a5,49982,Clarkview,BA
d443fede-4b91-4f07-9f41-3e7fd799cd86,29376,Wilsonville,DF
d75023dc-f9fc-4595-8afe-ea30f887dbff,14279,Candiceport,RJ
e42b1add-841d-4fa4-8330-83aa10cf6835,90035,Shawchester,BA
2169e37e-ecf9-4071-9d3a-3d3417af9b9b,84740,Lake Loganfurt,SC
096193e7-763a-4ca1-ac81-d1af0322e788,90297,Johnsonfurt,DF
9b144286-9ae4-4748-a1d3-539a8f0e13dd,91950,East Stephanieberg,MG
259ce0da-5cc7-4487-bc6b-44d24e084abe,78685,Lake Peter,BA
fd852c15-6890-4052-814c-24cc303e2897,79118,Joneston,MG
9efb6412-dd38-4f2c-b72a-63ec6a0e47b6,73275,Espinozastad,GO
c9542f2a-59a0-41c3-a6ec-63a66ef61acc,17119,Wheelerland,PR
a90b9717-29b6-44e1-b55f-4eaf460e2b42,20130,Jasonborough,PE
257c400b-6fa5-4807-aa66-a981feaf9147,67056,Port Matthew,GO
da5024ac-bcff-4fb3-a9d4-8e47c201fc05,58177,Jodyland,DF
fe259f40-7970-402b-aeed-ab36d59a6361,41381,Matthewland,DF
8f3ada2a-13b5-490f-b585-2f7eb0980e19,64615,Ashleychester,BA
a1aa384e-e89e-4cb2-b21d-68600a5086de,71304,Pooleport,PE
88ca9047-f711-49b2-8fed-bbf9fe6ccde2,36285,Joshuashire,PR
8bba2438-6d3d-4430-9042-58f644d6e29a,99244,West Denise,SC
b6f891c7-d43e-48b2-93e3-6ab12f50ee2b,17135,South Julie,RS
64220a0b-92cb-421b-93b6-ded26cfc675f,52738,Austinview,RJ
11c335b9-1250-4140-8a45-5db1cb87b6d9,61198,Port Michaelbury,PR
2c3fead8-8fbf-48d5-bbc3-629baff7e7f3,22632,West Jasonbury,DF
aa14666b-842c-4e2e-9265-e17c8c9e38a5,21315,Blairland,RS
0757b803-7b78-4077-92cf-b3a40861838d,92286,South Christophertown,DF
da2dcc61-18c3-4c47-be1a-0fdfb93e93ef,38691,Taylorton,PE
68d236f2-d248-4e47-9283-dfb427cb940e,79688,New Michelleshire,PE
bf6bc9ed-6451-4dd0-a293-c658e2c1818d,53224,South Rodneyfort,BA
8a3c2526-74fb-495e-833c-70fdc1f40ace,41946,New Danielhaven,SC
1a6ddd56-aeb5-4afe-8fa7-0fa74d13274e,10388,Janiceview,SP
88554497-96f2-448d-9869-de813d27cae9,62291,West Justinside,DF
f7d56e93-35a8-478a-85f1-165f873e198f,81452,Lake Johnmouth,SC
fb9cf670-0c29-4d52-8559-91d2e111f8bb,42753,Vincentview,MG
cfa32338-0f38-4f20-87a7-29c41a7d9e8b,58889,South Nicole,DF
b104e85d-831d-4b25-a602-f381023d43dc,16244,Marvinton,RS
61a71b54-7315-4ce8-bb90-59d3a2ed0568,53054,Ericmouth,SC
f130631f-4517-4ff5-b5f0-5463d20678a7,94848,Jessicaland,PR
3b48d86c-fc0a-437c-8c4f-2298abe396e0,57489,West Cassandra,SC
05e8cff0-f422-4aa3-93f7-08ef6a33134f,52769,Laurashire,PR
dc966bb7-35e5-4463-b842-34f09e64b6e2,37742,Lake Cody,PE
085e65e0-793e-41c1-ac41-305090597a3c,48717,Taylortown,PR
1c5e66ad-2a28-446b-bc7b-7edf9dd4748b,30994,Adamsfurt,GO
f139e291-2210-4f21-a4d1-2a06eb627e31,30335,Port Taylortown,SP
31b90f28-e418-40f3-a650-9ed11764aa1a,49140,North Katie,GO
85139bd3-b43e-4a46-8f90-fbd7701a08f5,49211,North Jacqueline,RS
cdf97289-5b7d-4e89-93b1-ce90ba486f4d,84675,West Heatherport,RJ
875dcdb9-8d7f-48ac-ba98-d115e4057586,55799,West Lisaborough,RS
85412cca-98e2-4d31-b505-062aa0de22ef,59106,North Michealside,BA
7095dfb8-dc46-4523-adbe-96d7c703dd3a,75236,Wendyfurt,DF
0d19ab56-c4ac-47f3-bc91-329b3dc1f7f5,97155,New Williamville,GO
7685cd6c-e974-4d79-837d-db421e97bd87,30964,South Charles,RS
7706b2b6-1d42-4023-8c48-ce2fbe3e38da,37389,South Erika,DF
c9280555-1822-420b-9e73-268f3bbd61fe,55855,New Melissaville,DF
fdf30b56-dd3b-4d74-bebc-e62fd7f5dd60,60673,West Tyler,DF
7a2e947d-711f-4e9d-82b9-b950604dd671,45583,Josephshire,SP
2915cd06-c32d-440b-b3c5-5e2260f251b7,57998,North Jasonchester,RJ
db834fbf-71d4-47ab-b897-f044653f6819,18822,New Tracyborough,PR
2e6c9f71-b486-49d9-b62e-dfe62793be20,65934,Ryanstad,RS
fdb3f379-72d9-4c8d-b52b-3d37e44a39a8,91404,Cooperbury,BA
dd4f08f6-bb92-43d5-a989-dba4181ce972,25648,Smithtown,RS
0411c3c1-1b43-40e2-b3e5-0b2c7004d6a2,49848,Ortizburgh,PR
9e445d41-25d3-4c9d-ae56-c00cc0cbf45c,32771,Smithside,PE
8332f872-5092-4563-b2d0-9e38e6c05391,42788,Lake Jeffrey,SC
9ebcb165-ba4c-46db-9daa-2d679c632850,99409,Jamesside,DF
73d4e9f8-e1d2-4cdf-af7c-53772ffe78d3,14698,New Rodney,GO
77de15d0-3135-4991-8cb1-b85417baf147,79418,East Christineport,GO
46325094-e172-49ae-a82d-b6440a5f3f83,58926,Brandybury,SC
ee1a7821-82db-4f5e-acdd-b9189034d362,49145,Port Tracimouth,BA
7f7abd9c-93fd-4f4d-87ef-0e69a56ed608,12135,Port Tinachester,GO
c1cfc134-ed43-4b18-9755-ee82fe287518,98291,New Juan,SC
453d31df-b59d-4290-a760-ca2bbb271428,96585,Cabreramouth,SC
f2842885-f151-48c9-be60-e0759e3978b2,30597,Port Brandon,DF
fd2514a1-5487-47b9-a897-de71e17464b7,47184,Emilyside,PR
f0fabc00-8c1e-4778-8cff-10ce7dd84f2d,57832,East Danielport,PR
ef3667f8-f966-4068-ba6b-f4e71e5411fe,90732,New Andreshaven,PR
a6331180-444c-4c42-b294-5d5af4d3d594,75664,East Craigtown,RS
5775c533-5f10-480a-a4d4-39a97822486b,62226,Bauershire,RJ
27df06b3-768b-4494-a5bd-94cb34ad1c1e,36446,Port Christopher,RS
9c91adb6-cab2-438f-996f-c998bfee78f4,10211,Whiteport,SC
dc7d1a58-1032-4b27-851f-009bfdc91140,94245,Smithborough,RJ
505b80a3-6cd6-40a0-b689-6c9eb1129a41,93255,West Dawn,GO
414b6d0c-e6d9-4b49-89f4-835f0af1b4a9,18400,Lake Derekfort,MG
57060bf3-684f-48c5-b85b-1fe49ba470f0,36655,Elizabethchester,RS
0de57d4a-9963-4f90-89a8-6b8da5c3b92c,98152,Amandaborough,RS
c04d9892-df37-45f7-8d71-451df8e4c822,22980,Lyonsberg,DF
a93e7af6-2198-4a82-a060-8d9ed83172eb,26323,East Staciefort,PR
eb51e1bd-2332-46da-ac42-a9c5d252aad5,84805,Port Craig,PE
11bdf85b-a3f5-4396-ba18-38dbe9340e3b,67330,Wilsonborough,GO
95aaeaa9-b90f-4cb1-8479-3f011950edd4,91195,Danielbury,PE
a69b0f21-7452-403c-b273-5f1fa135fc7a,46778,East April,PR
dde5553e-075d-4101-bb45-c8271380cb0d,55645,New Felicia,RJ
a222eb06-fddc-40d8-827e-b641502cb4e8,17905,Coopermouth,RS
dced645e-7704-4a42-9fd9-53d9b5a9036e,84126,Andreahaven,PR
53fe1192-0191-49ed-8ed6-fd45c70268a8,37675,Markshire,RS
63c89fb0-5d60-4caa-a509-c2be80fec56f,47379,East Amanda,SC
4268aae0-efcd-4057-8e99-cb1d68222b03,98391,Stanleyport,MG
2b4f18de-e977-43e3-9ffc-e6beb3560290,67892,East Williamchester,PR
9e1fcb27-0ce0-4831-9dc8-057e7d2d2b67,66080,West Jennifer,SP
91a7f403-374a-4efa-abd4-a224409e3d10,30550,Clarkmouth,GO
bafd03fc-6141-4ad5-abcf-513cbcf072ba,10667,Wallport,MG
dda221f8-f5bc-4864-8130-9290c04e5b25,21040,Kevinville,PR
6b951661-81af-4ec1-a860-8532c978ed4c,29873,New Michaelfurt,SP
dd1e7f10-650d-4454-846d-80dcfee85638,46138,Juliastad,SP
b979564c-2b05-49f5-831d-034677c84384,59719,Reynoldston,GO
72c8c9ce-c7db-4680-9534-6dd9a0a019a1,13246,Nicoleview,PR
a460de62-59b1-4949-ac88-a3e47994547d,44334,Myersbury,MG
6ba37980-7741-45c8-af94-dbe02bad7c49,28595,New Nathanbury,DF
ce12b3ea-fcd4-4f52-a2db-daccf7377820,60830,Santanaport,RJ
024e89fe-0cba-448e-9758-5869d8cf8287,28440,North Markborough,SP
576a6781-9375-42f4-91d2-17a032f75fa4,89320,Michaelberg,PE
bc351bcb-7f21-4095-9040-2fac7d294f5f,71294,East Cherylport,PR
a4059684-0359-4047-b17e-df3c2c237b8e,82869,Joshuaville,DF
30252ca4-eb16-4a7c-b6ff-a16b8d6d3abf,12437,East Joshuahaven,DF
cfd277b7-d442-4b79-8111-fda7ef153bff,96317,Port Courtneyland,DF
5e0d0e4b-6c17-48dc-bbc0-04c6d331eedc,18420,Johnnyburgh,SC
2b114479-5351-4fba-aa45-04f54435d76f,31365,Saramouth,MG
a125e309-51f7-4a35-8596-f2ee8fef0b45,23025,Mckinneyborough,SP
ea2c098a-c881-4f65-85f2-709f04fbf84a,44043,West Suzanne,PR
12a12e4a-c982-46c1-a73c-19da35c6633a,84502,West Paultown,DF
79338bff-de98-478d-ada9-9c00e721cfe3,82941,North Brittanyburgh,RJ
a557768f-1e61-4ee8-9943-862c366e09ed,93525,Wellsborough,RJ
d1cbe34b-f6c0-4d08-8a46-bf2bc159cec8,52054,South Mark,BA
1112bc9f-83e4-4c4e-ac96-8f6dbfde052d,78941,Chungmouth,DF
60bae1f3-1992-4194-a4ad-cf1fd142318e,78323,Davidmouth,RJ
fde9c092-9b8f-42cb-a370-d4d4e284508d,97154,New Tiffany,PE
5bc6621d-2ce5-4d88-9d4d-be6d6136c720,32832,Richardsonview,SP
37967484-9450-47f0-b641-126b3db2bd5b,29907,Lake Ashleyport,MG
c8b76db7-cce8-436e-978f-3d2f28a3803c,55103,North Frank,MG
f2f58aed-41f0-461a-8e2c-cb6734be0bbd,90476,East Joe,PE
bc978263-8d47-4dc7-95be-5a0a8bc2e1fe,61841,South Amystad,PR
4029d4d1-a80a-4a07-a8e1-7357905b9685,12765,South Colleen,RJ
95bf3013-2a59-4962-b5a7-cff31b210c3a,20007,North Jenniferland,RS
52c69c90-8a6e-48fb-96f1-85bc528506a5,56046,West Allen,RJ
1647c306-16c7-41c0-9dcd-4ef371f4f55f,13769,East Christopher,GO
498ef811-d630-4926-91ff-950b33431118,67305,Velazquezbury,BA
7645eeb5-6d8c-48b7-b084-5f186e3849a0,81258,Port Davidview,PE
55225d37-e540-463e-a8bd-afe6f83f1356,31967,New Zoe,PE
53e7143d-0974-4c89-bd9c-1f0b9d529f8f,15131,Port Chad,PE
8bf05b06-3de3-4389-bdcf-c8902fce6a94,85759,South Melissachester,RS
037f615d-96a4-44c4-a61e-310e3d4347e0,41369,Frazierstad,GO
5da68fe5-eda2-4e5a-a389-e1c67d60a29f,46289,Lake Janetchester,BA
6a8e6c68-6a6c-45cb-8598-5cfa7c9d84e0,98559,Tylerview,DF
cf21bda9-6ccc-417a-9007-0c80ab6ae9ed,58980,Carrieview,DF
0b2a8d9a-cf8e-459e-85f4-404220735d63,75031,Holderland,PR
e211cfd1-9f18-4fab-9aeb-02e988119b0f,39287,North Michael,PE
751ae180-79e1-49fe-82d3-bf502f001b21,68477,Brittanyton,BA
df46b234-61df-4d6c-bf07-d42eb06ba0d2,31145,Richardton,PR
f7fcf40f-e885-44fd-9563-8353a046537d,34744,Barbarachester,PE
e8ba274f-7558-4ed2-b9c0-c696d5ebad2e,24640,Michaeltown,PE
43043912-ccdf-413c-811d-5a879f7d7721,77783,Meyermouth,SP
43c40e60-1f8f-4f0d-8a63-8fdb303dc433,26581,Lopezton,PE
18cad688-a84f-4664-b911-c6939d673fee,85899,North Jackville,RJ
7c4c9559-57ab-47a2-8225-f30f21453340,42761,Lake Jennifer,RS
1ae6e9a3-4d21-489a-8fa1-d2c5c58e1292,35128,East Mariahchester,RS
efd94b1c-c2dc-4bd0-a496-b32e25161bb2,63160,South Wyatt,PR
89ebc015-0929-4e39-8e73-addd0965feea,85587,Ericburgh,RJ
822f7ac4-583b-4c2c-80af-a4c77e792e1a,95703,West Kellyside,MG
ad69a66e-75df-4ac9-9ba9-20994cfb5cf5,61821,South Melissa,RS
7c54c114-edaa-49a3-a4bc-d7b93ac4c41c,37297,Dennisshire,MG
0a265a8e-dfe6-4b85-8df6-f4b2c9948391,43453,South Jacobburgh,GO
15811749-44f6-45bd-95bd-9775d1d1cb01,67154,Port Scott,RJ
b0d67ba2-6ba2-4fc2-bf98-248ef3b05db6,61495,Port Robertfurt,MG
c221f2fd-023d-405d-8158-ee82141d94ff,51408,New Lorichester,SP
0d0ba5aa-28e5-4586-b2f7-c0fe3594cdcd,80360,Joshuachester,BA
9d47d03f-1bdd-4223-bf44-a2443e8f271f,94230,Cynthiamouth,DF
781831e7-fc9a-4e9d-9df3-b92401819e05,34040,North Marthaburgh,PE
f41bb57a-b608-49ef-90fd-c903d334fa1e,65114,East Christopher,DF
06ef9f4b-4f07-4ced-ba69-c781964bcbd2,31144,Sullivanmouth,PR
97e10e57-1eac-4984-b46d-e0b4c67e3a39,41832,South Melissabury,SP
af86f451-749e-4ddf-b7d8-fc0985e6267d,58356,Christineborough,RS
bebf1c29-64c0-4d57-8332-c11708f1d390,71313,Steventown,PR
a6ea6834-fe1b-43bc-9b9f-2b4fd1c07fc0,95435,New Tricia,PR
34f560ff-3d45-40fe-b8bb-5b4ad8328bdb,35972,New Brittanyland,DF
e0d6241f-b1fd-4345-a81a-b3f5560a0a88,30039,East Dustin,RJ
2dac9f56-0d9b-43c5-8358-efec88afb972,16775,Brownmouth,RS
134dd4c8-a374-450a-b0b5-2e5bfed0558c,24730,New Tamarachester,PR
d709ffa8-1765-4c62-bad2-28c29d95e8d0,44539,New Maryburgh,PE
d7512ccd-f089-4e15-a744-af4b34736af0,14494,North Adrianmouth,RS
496355c3-e609-4b90-ac46-57fd01faee78,64085,Jamieville,BA
c9e06765-cf73-44f0-adc9-69178622f33b,61921,West Danashire,RJ
c4896fde-7d59-4aa9-a00c-70e774376d72,63707,North Davidfort,GO
a4db90ec-13bd-4ef2-b8ae-47b1cb7e1ff2,14018,Lynchside,RS
8872f4bc-54cb-4374-92d6-3a2edb2cc236,40320,Melvinbury,MG
023f9b02-66ce-4e09-a861-839e2387dd64,44858,North Edwardhaven,PR
5df78b6a-f989-4a6c-9c8a-b80f874d2d86,99643,Jeremiahfort,MG
4c468f86-82d8-4a40-9d79-8818b6a3a7aa,58007,New Michelle,RJ
2dd9608c-65dd-47f0-b882-446ee5dca69f,96116,Jamesborough,SP
a2f4dff0-ec0d-4aa2-b1fc-590a5e49bdac,46471,Anthonyberg,MG
4994c96b-52b9-4510-84cc-7ca25112179c,76233,Melaniefort,PR
7739f4cc-d334-45cd-9181-51f7dab90bf8,25447,Williamland,PE
0653de75-18f8-47a7-bf03-66c03b660219,98861,East Cindy,PE
ef7f932b-a35f-4b32-951c-edf262ed12dd,76164,South Mariaburgh,PR
7168eb0f-f393-44a9-9791-1d68fca4d016,81549,Tonifurt,DF
6b36a37e-9dc3-49d0-b925-87d1b6e5bd3c,83528,New Tamitown,RJ
9a8073ba-79ce-4c3b-9cbd-a2ee62a9aa4f,63100,North Amber,DF
f735d2e8-a55d-4a64-9a77-726112cb2368,99899,West Jason,PR
89e7cbc1-4a32-487c-9bc8-e9d8c73cf4e6,73649,Brianfort,BA
680b6eb8-ad65-4f88-930b-6b89ff9bcb2b,57518,Heatherview,PR
c49af530-e2da-419b-8b6d-1f195d237284,25272,Lake Laurafort,GO
009243e2-3dbc-412d-9370-e266171e0fa4,76443,South Vickieton,GO
52d70dd8-eaf3-482e-83b6-983d7f522632,19214,Glassburgh,DF
a7ee4bd0-8007-4f26-b2f9-b578fd931640,81943,Scottshire,DF
d32d5c26-f7c7-4e80-81a8-5ed5e65e6823,69484,Lefort,RJ
0301b151-8107-42a0-bfbb-6a7806d7372f,35819,Lake Joseph,PE
50107152-6da3-4616-a7dd-67fb182abadd,39609,West Micheleborough,SP
264359b6-598f-4e43-adbd-6ace4d78e5ee,50746,South Terri,BA
fa205d17-3257-4c60-b5fb-20aefbbceca1,78854,Toddfort,SC
fcbff450-18b0-42c6-b7e2-126fb2ff676b,60488,Scottville,PE
51a0de77-ad9c-40db-9639-2e7108fc3ea1,34431,Darrenside,PR
39dad236-a5e2-44ee-8d47-cdcd9571ca1a,93060,South Jonathanchester,SP
e59d4f95-bd2e-48aa-9be5-0d8ffaa26efa,93729,North Dennisside,RJ
0c2f1293-bca4-49eb-9add-6af95697d74e,21477,East Joseph,RS
a1be6640-14e5-4e39-ac0b-d257609a7917,31392,Browningview,PE
f92a5d5c-9b49-4e68-a653-8083fb8e2f30,84151,Morganview,PE
44edd16c-0017-4e7b-99c7-8512d4366b49,18754,Figueroamouth,SP
0d5b0a7a-f850-4687-8dcd-cb6222a69a15,86074,North Andrew,PR
86daf03d-c437-4928-a404-cfad6bbef6c3,36263,Stevenchester,PE
b14d8510-3012-420c-8d20-f0355f00ac56,30816,Shelbybury,SP
62ae5ef7-3788-4baa-8195-71658be159d6,30812,South Alexander,MG
726579ee-6fb0-4735-8c11-17f20916c8d7,13344,West Kimberlyfort,DF
baca741a-dac0-4b9e-a573-693f04f41c63,68577,North Kimberlyfort,GO
3e214a67-8cec-4ccf-91fd-7a0c61a5d109,53605,Allisonberg,DF
51d00d99-2895-4148-b8ef-43f98096419a,73296,Andersonbury,PR
58852641-67e7-4996-bf58-e90694ea08d1,15434,Hayesshire,MG
3c04056e-d125-4e51-8620-c2b4e7fff6e4,51885,Port Brianland,PE
72484bef-d2e7-4675-9502-b602233f9042,95297,North Brandonstad,BA
0d6de520-6ebb-451f-b898-a9ac80a311a7,31402,New Jessica,DF
828fa8af-02fc-402b-a1fa-ae5ec819c56b,43697,Williamburgh,RJ
e9929b5e-ab4a-46a8-a66b-6da5de69f518,26915,New Vicki,DF
05702da3-a5fa-4c6a-9110-995dedf74ee8,62929,Madisonfort,SC
97d3b7b4-c1ca-4f02-b377-3df6871fad03,19675,West Davidtown,BA
2096a4a5-0aa9-4ed8-ad34-7c4ff467871c,66938,South Keith,SC
d849c934-24b6-48c1-acb7-809d6eea3482,84557,Taylorshire,SC
4b453f7a-fe65-4351-b950-6bbdf41784a1,79399,Yatesstad,RJ
a4585c89-8e47-4b41-9fa7-90c6f7291471,71745,Tranchester,MG
aa855719-ef99-4e57-80ea-7d7dcaeb56f1,13499,Whitakerberg,SC
e972b469-9bdf-41b9-9bbf-c149c1988f9d,60159,Johnside,BA
2c37fc25-06f3-446f-bfc7-f3f883019d7c,14557,West Rachelchester,DF
2efff725-f301-43ca-aa67-846fe27f8d7c,49188,West Michelle,PR
d391beac-ba51-4ea4-8a57-a57e27e69718,89606,Ralphville,BA
e12c8fad-2c1b-448b-8191-3a436ed13152,68697,Simpsonshire,GO
baaf0e80-8ddc-4b7c-81eb-d14f2ceb8754,74358,Lake Eric,SP
d203acd3-6b5b-46fc-bc01-ea34bb4220f5,98885,Williamsville,DF
d1745eea-83a7-4d40-b7c2-434bbe0cb6ea,80428,Thomasborough,RJ
e87a2b54-396c-4b7e-9de9-ae6b5f000d33,76195,North Calebfurt,SC
c3fde656-4030-4981-8a0a-dda8fb9a773f,88858,Port Christophermouth,PR
423054fd-d882-4fc1-9de7-7392b76eaeb7,87029,Alexanderchester,SC
c9ad7b46-4814-48ea-875d-be599ae90955,99078,East Benjamin,RJ
19284888-2e08-4384-bd85-cf85bfb14c8e,53161,East Colton,BA
2db9680a-600e-44a0-a7f6-987d7ceb8187,49957,Sharpbury,GO
07ff1e16-9e25-4852-a0b2-fabc05a6200f,13013,Elizabethstad,SP
a56cfdaa-6fda-4f51-889c-a9f40d309359,14525,Port Autumnfurt,GO
f7a36bd7-7203-4be3-909e-6302d4a14934,66530,North Tara,DF
350382d6-0a62-4570-8ce7-114434ba274b,32521,Hensonhaven,BA
8eafdc6d-f820-4a07-b3d7-5cf9eee71cda,30027,South Richardtown,SP
19e67401-5529-4274-bcdc-13516f71ca39,10995,Barbarafurt,RS
fc902dcb-c060-49df-87b5-d8a312625305,92711,South Karen,GO
c71a99ea-f72e-43e4-a3c6-35b6ade4bcbc,80226,South Tina,SC
54e57636-d5ae-46ab-9afe-4ad3ed11f6e8,34674,West Alyssaside,PE
6daf7575-80c7-4055-8d68-a4b17f06a0fe,24515,Gardnerhaven,DF
8d696bc8-6dcf-4815-a690-e037f706591d,52176,Mariastad,DF
ed598b7e-1bcb-41d0-ae60-98346aca315d,62621,Port Jessicafurt,SP
aa9e035f-640a-4090-a831-8220f1c9d9d8,79321,North Amy,RS
170db94d-56c0-4f98-817c-e1599bf52bd9,89271,Craigberg,PR
750bec10-bebc-4c6f-80d2-8a47e6394d06,65932,Lake Monicafort,GO
c7778698-7dd1-4886-a80e-92eb106d4b0e,46530,Port Kristina,MG
18cd1aeb-8e26-4163-b245-6be971c7677a,33575,Port Elizabeth,PR
4085f271-7303-41f9-9e01-81208eba21a9,11013,Katrinafurt,DF
975cc87b-8e1c-4b09-839b-2238f7a26785,40069,Wilsonborough,DF
b9bf03fd-4e97-4f6b-96c9-f48f5d46a57c,38030,Smithtown,RJ
6d54bea0-6f1e-4435-91ce-a165e6fc9833,84284,Lake Erik,SP
1031fa26-6bc5-45f1-8bec-a0b216ee28ea,23221,Robertside,PE
08744f8b-9b6c-4f1e-9939-99f9e9dedb63,26651,Port Jeremy,RS
beb64697-a04b-4510-8b64-651ea49a6af2,36874,Lake Jeffrey,MG
1b8e7b51-2b6f-4e69-885b-8e0e09343133,35116,East Jennifer,PR
b77b2dbe-68f3-4a79-b91b-dd923c29dd3f,29579,New Eric,GO
c08022f8-a7bf-42bc-9bae-da8a418234e1,95195,East Saraberg,SP
c52b0c8e-b78b-4096-b684-b4d3d3198bb1,63982,Lake Kelly,GO
03c21620-1cf9-4f35-9569-3135a51e3d10,24564,North Joanne,BA
4424d4bd-f98d-4b69-bc67-f6c57984bdb9,45785,New Catherine,RJ
6ac7c35c-6eec-4966-a2a0-42d38ada8262,90848,Kaufmanhaven,RS
89841b7e-0146-4948-aef4-43f49fe17ddb,18235,Port Timothy,RJ
29c22ebc-1901-45cd-80e6-a2876044786e,16141,Janeside,DF
3d250aa4-48d0-4f02-b465-0bcb00e432d5,46675,Hinesburgh,RJ
c4ee06f7-544e-477e-80f2-9752cde7f02f,44342,North Cory,MG
d1814935-e9a5-4939-8791-c21c383f14c2,34042,Cindyfurt,DF
17f930c3-ac30-415e-95e1-346731bc9948,53929,Nicholsonfort,PR
de24058e-3189-499c-b8d3-d5be5dff26d0,86542,Pamelahaven,GO
386a1d33-a1d0-4ded-8b04-e38348fb7075,50259,Williamtown,PR
fd9bad6f-7e28-436e-a071-ef88aaeca082,77019,Alexisside,BA
936c2df7-47eb-40a1-9537-6f50f69518bf,86910,Murphyport,DF
d76ab37d-4cd4-4371-a113-1937e57e26e5,45033,Williamsmouth,DF
0ffff4a9-98db-4271-a17a-1bd86abcc54c,19164,South Jamie,RS
3527f986-4d38-4c19-abe5-ea944378f64e,58924,South Jonathan,DF
d3e7dc0b-253e-4b53-8994-4d8e266fabea,21933,Hernandezmouth,GO
7e158e47-50a0-48f3-a8f5-8988b05573ae,47621,Drakechester,MG
164b661e-aed1-4cba-a464-a730b237fbbd,43357,Veronicamouth,BA
9bb3a6d9-109b-4865-ab23-1eed69727bb5,54065,Sandersmouth,RS
40b6c977-9605-4ada-8627-69afafd58b89,97552,Davenportfurt,PE
94760031-c0a7-4e9b-a486-3e3c92b68cc6,96802,Kimton,GO
d0a83ee9-aace-4ba7-8e38-4b518063c04a,96957,Port Lindsay,MG
17aa6f1e-5734-4b64-a7cd-a6952184eacb,90294,Barbaratown,RJ
82d6c76f-7940-4602-9833-c9cc06cdafe7,89853,Campbellshire,PR
efb3cd29-395f-4797-a5c7-9afec6a68687,67580,Johnport,BA
ec6acd87-966a-4a47-98a1-1c0572612bac,70728,Sarahview,SC
095da0bd-705b-47b4-929f-bd649f21524c,49366,Lake Amanda,GO
49fab283-0c7d-4b73-a22a-39de47a2fb40,68127,Hernandezside,PR
db1b8a52-9a56-4da1-ac6a-627309fac40c,53046,Grantchester,SP
05c230d4-8420-405c-99b7-fbee1c50d1cd,35571,Richardfort,PR
39d430ab-1526-407b-a3e5-aef3d4f00686,51453,Kimchester,PR
7003c9fa-9587-4a02-b5d8-93a415564aed,85949,Christopherview,PE
3874263a-cfb3-44dd-bfe2-310e5fcb65d7,86189,Brewermouth,PE
0eeda303-8132-4ed3-9479-92f8fc8d357a,19071,Port Shannonchester,DF
a795d236-d90b-4f37-8e6a-6c02d0aa9fd4,50860,Edwardstad,MG
c0510d0b-818d-4246-886b-d511b3df7b7b,98331,Cindyberg,DF
ca5eda1b-c335-4e01-a7fa-11009443b612,33065,Jessicaside,GO
398a0e93-9ce8-4d39-b33c-aeeba7d26b92,67976,East Markfurt,DF
e64f73c9-da60-4548-bbf6-778e2fc17a9e,30133,North Williamburgh,SC
179c7d50-2af3-43a7-b53e-fbcd815424da,80008,Patriciatown,SC
5f05a3bb-431c-4702-9137-37c0e1379bc9,76729,Brightbury,GO
abcaa808-47c8-4a02-800b-95405ed9dd3a,80862,East Cheryl,GO
8d36cab8-06b2-4a07-a30d-571ed28545fe,23034,New Crystal,BA
b958b27d-4d4a-4860-8763-4015c34f33a5,54613,North Paulaville,DF
b3e997e7-69bb-4087-b699-fc935b882c9e,45700,Cliffordville,SC
fa47f337-2116-4602-ad3e-58a1b56c34ec,72305,Kelseymouth,RS
ac3f18f4-6211-46f0-8e48-3a291bb5e445,85520,West Darryl,RS
45ad2c76-e18e-48fb-a68e-3e9e9e84cab1,63505,Georgetown,PE
35affe58-8dc0-47c2-aa42-c2b6e1bb73ac,20880,Daltonmouth,BA
d8864d79-00be-4d2d-8214-5192a52068b3,18857,Wallacemouth,RS
4b7be8e6-2ddd-4074-bcfc-ede7ec6549de,25574,Paulafort,BA
ba4224f2-16ca-4e9f-a056-9586e8b646f7,18143,Howardfurt,SP
ac6b86fc-9444-446e-969a-3a3fbf442772,90452,Andrewmouth,SC
ac12c573-be1a-471a-8e2f-3bd3822838ac,82505,South David,DF
1c17cef1-e1a1-4735-b321-0e09ac50b8b8,17496,Caitlinbury,BA
a4d358fa-28f1-45bc-9adb-764b61936b29,72226,New Christine,BA
abc5d99f-023f-4991-be76-a849ad8c8f7e,58366,Charlesfurt,MG
6c691151-6e4f-4c59-96f3-aac06a4ac63c,86170,Ashleyside,DF
766a2087-60eb-4cf3-a825-c09a79192c70,21874,Sullivanton,SP
561ede7a-9d35-4d02-8f55-0d262a79695a,79062,East Michaelland,MG
25c25dbf-27c9-44f1-80b2-1cfc4712c370,58024,Robertsonshire,GO
69c3c9ee-3dbe-4400-b15d-bae6b29314a0,99419,Wilsonmouth,PE
5f5cefa7-2602-45c7-a0ca-57edf52d1c06,73040,North Amberbury,SC
00f74d85-4b9c-4386-9320-491b71941e73,63001,Hubermouth,RJ
70558d1f-a0a2-47f3-b326-4e0b4a126c61,30279,New Kevin,DF
387f7236-b302-4789-991f-0baf268390a2,13592,West William,RJ
c17a594e-061b-43e7-b57a-384763b106a5,53726,Chrisfort,GO
dba08f41-0728-4473-a5cf-245270f5fa60,22128,North Haleyside,DF
a6432c75-98d3-432b-9742-e170eb39cc80,76836,Markview,SP
8c58e0be-8df3-4b31-b5a6-c84bdae8b28f,36598,Lake Katherineborough,MG
202d2ea9-be35-4d8b-af1f-0599e4f6a277,12560,Thompsonport,BA
8ef666a1-4933-488e-97e8-a6c0b4b347e1,68963,West Marisaburgh,MG
1d74877b-125e-42b7-9ed4-b0f05202cc15,18634,Richardmouth,RJ
c86b0e0c-79ff-4228-ba3f-632c096bbefa,17740,Port Alyssaside,DF
58dd6171-d53d-4557-99e8-e21539234f04,67987,East Tammyside,PR
e888a7af-690b-4dfc-b9e2-02a4f4700211,89166,Garzahaven,SC
b67335cd-9281-48d0-ae1e-0e3474db22cd,49447,Martinezfort,PE
6fb6f364-ba11-4b17-b70a-96b99bc35185,31257,Richardsonshire,BA
a3068fb1-8b9f-41f1-9e2e-b0cc408010d5,50187,Lake Paulstad,RJ
c95223cd-c198-42ed-974b-ae83f3f96c4e,16473,Lisaview,SC
a7eb0036-3f52-4486-a843-f372959cf8a5,16129,South Yvonnebury,GO
8cd9435a-f1ee-4d95-81ce-a7c553320945,30902,Anthonyberg,BA
fe863282-850d-4304-86b0-4f28c147faec,61279,Richardmouth,SC
18ede930-5f30-4129-8872-f9cd7143aa32,15447,Jenningsstad,DF
b86c06ef-0c4a-4b90-abca-8522fe346cd2,44646,East Aprilfort,GO
37937d1e-65a4-4532-a5bf-12850d8e4f7c,27109,East Daniel,SP
f175334e-109d-4ba3-9f89-70b41004f685,52379,New Erica,PE
74c5ab3c-30e1-4056-b431-7b8e70506a25,35474,Pinedaton,RJ
2b95f151-7a37-42f2-a63a-c8455de5160c,27008,South Corey,RS
baae78db-b960-48a8-b9c3-dcc15240a38c,46765,Coleborough,PR
dabd763a-4aa5-461a-b877-ad162430e2e8,11812,Rodriguezshire,RS
ce86d53a-4c86-4d19-be48-d9119379fa37,43668,Milesmouth,RJ
46b828f3-f677-4d14-bacb-1c1eb434ff07,19927,North Charlesborough,BA
b505576c-0674-445d-ab9d-a9794566b6b8,31123,Hendrickstown,RJ
066a84e3-a9c9-4bab-aac4-b2fff0166f96,31694,West Virginiatown,RJ
47195480-cb85-4e95-8cac-cbdfaa2c9378,58574,Nelsonview,DF
de02cf2b-8feb-4436-a182-661eb9dcb247,68887,North Julie,MG
aaa689dc-ae5d-4ff0-9217-3457ab4689ad,13233,New Kristinaberg,PR
fa3b32ce-1fa3-4e25-9516-4106fa24dd7b,65171,Simpsonton,SP
edd07637-4df5-4f3e-a9f3-8d21bf076334,28633,Kelleystad,SP
370661b9-d41a-491d-bc58-4dd304c31795,26765,West Emilyburgh,SC
8be72301-22b8-4f44-bcb8-518266b4cc06,81902,Clarkhaven,SP
600d23ac-2a6e-41c3-88fc-fc1e015f7a98,50558,Conniemouth,PR
773ea760-2ce5-473f-b25d-f4b2fdc3d8c7,52165,Cooperview,SC
18c78c32-3dd6-4227-afc5-0623be449ef5,39888,New Meghanville,SC
d4f15e04-ec8a-440c-8a83-acaf18ba49d7,99905,North Karen,BA
b171a9f9-de51-4773-8261-0759eaaa4171,24520,Langfort,MG
36a9587b-e0ad-4e7a-b4b6-0596599f14ea,44641,West Kevinville,RS
72b74f92-f293-4086-b477-d1c0c99cd4f5,17239,New Kimberlyport,GO
c4b89cda-ef34-4038-8231-1d4c525faad6,46582,Staffordburgh,BA
9335ba35-e6da-49d4-b085-5f90df20906d,63425,West Gabriel,PE
8326d161-8fd9-4044-889b-305a26944c7a,95979,Greenside,MG
c391428d-9ab7-45bf-b301-f5d86ffaf929,64737,Lake Rhondahaven,MG
d1dd5b07-f054-4068-9b96-589524ffd1f1,74558,Lake Daniel,MG
11796110-02c2-496f-b36d-10711625b9f8,30813,Amberstad,RJ
b10018b4-444c-438a-9fa6-b16c8b5ed7f6,63709,Josephmouth,PE
cd9e9869-4963-49c8-aca6-503752214407,20216,Rosshaven,BA
7c0df8b0-dc9a-44d3-ade0-45b449298a49,10730,North Robertbury,PE
4188ca34-c2d3-4eb6-98b5-b4ce7f0524aa,15713,East Christopher,RS
81a0168a-7fab-4f73-9155-ae87a4ffe17a,20812,East Amy,DF
0463bb0d-b432-482f-9762-5f647e3751c3,54197,Lake Mariabury,PE
c9670ebe-033f-4ca9-8f0d-6fca147b1a5d,38488,West Eileenfort,MG
3e38dc38-f50e-4737-89b6-49ebb277fb29,38098,Josephfort,RS
99ea0e10-02f1-429d-b377-d7459de6659c,70589,Josephmouth,DF
02b91fd1-0a75-46e2-82d6-fcf293ad4ac4,59662,North Michelleburgh,PR
201a4e2d-65bd-4b6b-ac13-c6d1521ef41c,84384,Yvonneshire,DF
c5e4e300-2a95-41bf-93a9-077fe7cdec11,53035,East Andrea,PR
cc89e1ec-8878-4308-aac6-06d36f55858a,41258,Nicoleville,SP
dad28066-bbcb-489f-82a0-6cb0b7775287,18040,Delgadoland,DF
12a5947b-cbff-414f-ab08-62da37853d3f,85971,West Brianberg,PR
bd80855d-2535-4710-9d7e-98fc6ad1c369,80738,Spencertown,GO
014e5ba5-3b49-47f7-96cb-93249e0597a1,11495,Edwardview,MG
f2c8b88e-9878-4be6-bee2-5e1957cf169c,69727,Lindaville,RJ
1cafbfb5-1152-4cb2-95f2-442f282057d5,90214,Wilsonborough,DF
100b8b21-7a0f-4e55-8a75-51d962ad09fa,70963,Shannonshire,SC
a78d4b0c-6535-4e7a-ba7f-a12012c29cc1,40656,New Douglas,PE
162d0a6e-dcc5-416e-b6d5-3b45462074a5,37043,Lindaport,PR
82bc7111-4eae-4fe7-9cfb-7916ccc20712,32288,Johnsonton,BA
44eb41d2-1fc2-42c1-b47c-faa937e79a99,75043,Jeremyberg,PR
8aba5b5e-987f-43c0-8cd6-a93be2145e5e,18914,Yatesview,DF
3e9f13f5-8a30-4240-a85a-e9e751221bd3,52500,Jerryton,PR
db286d56-741d-49da-9ab3-8a8704c22250,76325,West Melissastad,RS
3dbaf5e6-2399-42fe-a300-4be2802a4794,15395,Zacharyview,BA
4f43906b-88b2-421a-bbc9-cdca3e206a2b,86416,South Emma,DF
febf2aac-43b3-43c9-a7fe-b74dbdb67ff6,50509,Shannonland,RJ
2452ce5e-67af-48c0-ae6a-9222849db14a,78522,Port Christinebury,RS
3d57d577-9a87-4298-95c8-9c65938a438d,94289,East Bradley,BA
d20f5dcb-7385-4687-81fc-c7b5d1e27d31,46146,East Jesseport,PE
57f12735-a07b-4c59-8746-b0696d8e8c84,47983,North John,SC
c5111706-ce72-4cc3-89fa-b7553187799f,54607,Jennaborough,PE
56c9021e-2d1f-4c3e-bb83-f5218bc91e06,53001,Schmidtmouth,PR
9a828e40-e34b-4ff2-bf82-c0e058477453,75007,Robinview,PR
81b5ae5d-babb-4691-b75d-90c14433b05b,81772,Mckenzieport,SP
63bd19e8-5de9-47f4-acfa-5d9b3ef707b3,20149,Richardland,BA
d9e13f28-3988-42f5-b2b0-0e38d5a4e0cb,38101,East Steven,PR
0b46be81-336e-4ff3-af2a-5b8bccf3f488,12604,Mitchellville,SP
c1334383-5450-42c4-8f43-2d9670d0e7ce,45052,Lake Joshuafort,PE
16998095-fbfe-4731-8dc6-ee0d1f4e74eb,57160,Cynthiatown,SP
f5304a7c-2272-402b-ab12-38abb2579b14,56515,Sarahchester,PE
3d80c8a1-f15d-449e-91c7-77afe652936a,25986,Burgessland,DF
49ddc271-578d-44fa-b1ca-ab6fa31b770a,57734,Harperstad,PR
a3912e72-de01-4765-8d48-5e76a4c2c39c,18958,Andersonville,RS
2b928725-8d3e-439d-a964-68df30d0f28e,36033,Sextonfurt,PE
a3162e16-4398-429d-aba0-c6eff5c4c7ff,86126,Herreraville,SC
6e297cfd-ac75-4346-ad93-e7034e824b17,94725,Lake Gabrielaburgh,RS
2e8809f6-d912-44af-b9c0-d997628dcc5f,56605,Smithland,RS
ca2e4323-8552-40ad-992b-52cd420c8389,68825,North Eduardoland,PE
8b42d11b-ef80-488e-bad3-a2bb0b99c919,81315,Tommyfurt,PR
ca613237-12c5-4ac3-882d-9dd2225903da,72603,New Jade,MG
594799d7-5d0c-4e48-901b-24f76945930a,64134,Paulchester,RJ
56a644a0-4d9f-47b0-b597-0b73cc458417,44317,Lake Johnchester,SP
600a0e3e-92d3-4c4a-88c0-8fe1404abec4,12283,North Nicoleshire,PR
f886c936-8fc5-4a2d-84ed-f446904efb45,68679,North Rebeccafurt,DF
34bf28d1-3d12-448c-89e5-bea79731f4cf,84897,West Joshuastad,SP
865d028b-4ffe-4c5f-9d25-7a5da07718ca,92625,Fraziermouth,PE
ee569f25-66b2-4e9e-b0b7-1942bfe2d5c1,67157,New Patrick,SC
026d7f35-cf8d-4bde-991e-8507bf140690,80881,West Natashamouth,MG
f466aec6-8dca-498f-a047-c5f1aa9e84fd,89279,South Gregoryberg,RJ
65360cd3-451d-45da-9300-dafb0a80d89a,27941,Brettfort,PR
d6546567-cd9f-47bc-90e8-76e7ce2dd7ed,21604,Obrienfort,SC
ae0f467f-a8a2-4860-8e53-c01cf5cabba4,78618,Tylerbury,BA
4930fc5c-5186-4059-a3ef-362ac69569b4,67764,Cainland,MG
8a96aa13-20ec-47e5-94c5-472dc501adfd,99576,New Sherryfort,RS
dbcb025d-1c0b-4d0c-adb8-ad42a8396431,67230,New Kaylashire,MG
9edcf288-be93-4620-a3c4-997d08ee8fe4,60494,Johnsonhaven,GO
76895821-f082-4b20-97f6-e63a7836315d,89626,West Brian,SC
eb4b7d9a-f5af-421f-b8b8-8387d80d48d7,33507,South Samuel,GO
7b613eaa-50da-4d3f-8124-6165985b2f15,73756,Phelpsfurt,GO
609faa24-3db8-4c02-8893-d990965a4cb2,66427,Wallaceside,PR
72a2690a-7ba2-4688-aca9-e114388fe5f1,14994,West Tracyfurt,MG
0be3d96f-55a4-4197-9468-ac0636fed269,54474,Bartlettmouth,PR
509cd01e-f6eb-4c9f-8b47-071cc9a8c26b,34221,South Morganshire,DF
658f91b4-a7be-4b0f-818c-d132f1ea4f73,58895,Andreamouth,PR
44e41165-944c-46ce-bd74-818a4c6265fa,75156,Douglasland,SC
cdb372c2-f84d-4e00-979a-54421151df4c,81218,New Kimberly,RJ
55811630-bdcd-4b49-88da-3a037bbc5fd1,72224,Lake Christinaberg,DF
d6d22b20-a75c-469a-80d0-2f493aec6c33,98099,Port Rosetown,RJ
a7521292-24ae-4884-ac4d-f76eaab76b7d,71432,Moralesshire,MG
a0df46db-07bb-4681-a729-054b789db5eb,65639,South Thomas,RS
ed748b89-0dfb-4a6a-bcda-e437a7976e28,36478,Lake Emily,BA
43670159-d617-4bb9-9452-155f2637ba26,40659,South Frank,GO
bdd0b304-4bc8-4deb-95eb-58bc291f01cb,13289,Danielmouth,SC
5c6997b4-82a9-42dd-bd0f-011b8d28eaef,98799,New Katrinaville,RJ
4add8e9f-349e-4ccb-8463-742436851f21,67242,East Isaiah,BA
526aff40-cba3-4bb0-a929-fef557269f90,10547,North Jack,SP
6e531380-74bb-4302-a449-2e1dcd961adf,15213,Alexanderstad,PR
be7c1986-e81a-4d58-8449-be45a180f027,57334,Mackside,GO
858f4fb0-142a-4f17-be4e-09754f66f211,92292,Charlesbury,RJ
bcf35eb1-97fb-4724-9b1c-f4983cf64ef8,50902,Steeleport,DF
89c60aa9-465b-455d-bd09-26334153f027,61181,New Jenniferstad,SC
2873c211-4131-48b1-8b2e-f0ab034aff57,51611,Brookemouth,PR
28976f96-b861-4e2f-b65d-638976f7675e,35051,North Kristen,PE
e9a9530e-c44a-483c-bb39-01a0bd8c71c8,73301,Rodriguezfurt,BA
ef8fdc40-17ca-4691-9f9f-6b52f095b8dd,39491,Lake Thomas,SC
d14a4331-e9a4-41dd-b694-d3068715f079,69489,Richardmouth,RJ
f9c1059d-cf3f-4908-bfa3-dbb820dea1e1,22404,Castroshire,RS
cb462556-4e0f-4aac-b564-0e98a220593e,84820,Port Erica,DF
c6d2efb7-08f1-4e75-aa81-0fce3cf7a271,92335,West Joshua,SP
cb5fc8e6-0c09-45ac-9ecb-d8b4afd21cff,68075,Kathyfort,PE
2fe9020f-e4d0-4b60-a767-04b23915fba3,15473,Port Teresaland,GO
84be20d0-57cb-4e6d-99b8-ca71c9443afe,66347,Lake Kristyfort,SC
1d4f6ccb-c30b-44a8-8d56-8eea14a617ba,66531,Johnstad,PE
785b4b72-e7ab-4b36-b608-7b50bee9be91,40593,East Angelaview,RS
eb741b85-e16b-482f-bde2-e01d85c15e6e,28390,Lisafort,RJ
99184250-0855-4f25-9a34-2aac49f2cc23,20595,Christopherstad,DF
e4d4ad4b-bd45-462a-b218-72dbcb0eaf0b,43183,Andersonside,PR
6c38dd67-6abe-4bb1-8d57-82ddd2c45ba6,16098,Lake Sherryfurt,BA
52430605-89d7-41bb-b2d4-55839990c026,17306,Moralestown,RJ
21fef430-0746-4b37-aaf3-a41bb4938a17,60767,West Meganview,MG
f2311c29-077c-4d43-874a-76ac2d97cd40,88745,Lake Jameschester,SP
1ec39ce8-c71f-4b53-9f80-e8244c78e437,31978,Laurenfurt,SP
e569005e-3885-47f2-aa21-9e3eb5f4964e,79853,North Robertmouth,PR
9070cbb3-5666-4c08-8e73-63df3e5c7ce1,84408,Swansonberg,DF
12f3b7dc-c2bb-4e4d-a0e1-560c2665aba4,40283,Brendahaven,RJ
e35066b6-4049-4c75-afc8-bd04703e1ec5,96084,Perkinsstad,RJ
28a9f02d-5eac-4bf0-b0b9-213613849e7b,75845,Erikview,RS
d46e2800-998d-463e-b3e8-91086d33fda0,29663,Michaelchester,GO
f7a98de5-97e5-447a-be84-dc9e8369d509,35576,Tammyville,MG
57df9fb2-94a9-456b-a6e6-982bad9403f6,93616,Howellland,BA
55f9d267-d715-4f7f-876d-fc37a16243ec,74475,Travismouth,DF
9be6a8e9-fb5d-464b-ad43-a8d68d5c4bda,97917,Katherinebury,SC
41a2b233-7c6e-4b90-9927-6520a8e146c1,42379,North Heidiville,GO
6a217304-06fa-423d-9aef-3779a66f2477,75738,Port Zoeburgh,BA
0bbcf616-8f18-4ec8-ab84-ea22d257d7b4,87064,North Amyburgh,PE
f8c09cd3-44ac-4183-bc26-2dff57e95cf3,40621,North Amy,MG
c994d545-a05c-4d2c-a534-a5591271f779,36788,Thompsonmouth,BA
255821b4-5ec9-471a-9dac-999240627b63,84233,Tracyside,RJ
85cab8f6-a274-4487-80fe-2a94ad833cb4,71984,Johnsonville,DF
4a46bf61-11df-49a0-a9df-861fdd9382ff,29393,Alvarezchester,PE
959d3e8c-a60e-4502-8bbc-aaef78809677,22706,Lake Brittany,BA
0e9e0dcf-b865-40b9-8d03-3978597ddd2f,96899,Port Jennifershire,PR
b77c2ef9-1066-4694-b507-ab2153cb2c2c,48185,Lake Scott,SP
617da320-88cd-40bf-9fa9-3936be53c857,73394,Paulabury,SC
cc7eaaff-dca3-400f-b53b-39f08cb87df3,63360,Lake Wyatt,RS
953ee0f0-ab52-42fb-b35b-45964d9118b1,49191,South Lisa,DF
9fc03766-c1e2-4dbc-8dac-9fac26658bf6,17891,North Anthony,DF
313d9df1-9dfe-48de-a128-7b93e8500c7e,40255,Higginsview,RS
7c43b83b-6e28-46f6-848c-1123a22d0696,69303,East Dianefort,SC
f58b9f95-8822-4f26-a559-4fe3ad28c495,31078,West Troy,RJ
e219fefd-06aa-40da-9ea0-ca5cb69d2be4,12473,Jomouth,SC
cf521778-6cd3-4794-9cb3-74e929606044,89179,Port Jose,GO
64aa8cf4-1004-4647-bf8a-ede4a4931b5c,19209,Jacobton,SC
dbe66eb8-aa75-4c52-b575-c78bf7c61c17,60979,Eugeneberg,SP
5c737454-8f1c-4b76-b5f7-e00217636f5b,25748,East Theresaborough,BA
3ffc7413-f08e-43e6-8a26-6b4cb1e2c1b0,34865,Erikatown,PR
d0caced3-a9b0-401b-a4d9-5e1f213604f2,13040,East Amber,RS
be7da735-df4a-4c76-9d69-3669207fdcf6,69247,West Brettchester,RJ
6b48d1d3-fff7-426d-b8b1-6b880ee675e7,72379,Leonardfort,DF
0caf552e-22c0-493e-9ed6-628b69740986,91212,Robertsonbury,RJ
b9b148ec-2759-4b0a-8ff0-04e51af3ffa3,52544,Lake Jonathan,RS
6d12d828-7ef5-4e70-b664-37d559c42158,75151,Susanton,PE
0eb703fc-6160-4d08-bf39-fc3f08c68e90,93099,West Thomas,SP
83cebd84-0e7a-493d-a69f-f7e14cb84238,32429,Heatherland,SP
e22770b0-1a1c-4e19-92c7-21248128f0a4,51242,Shelbybury,SC
4d912444-87fe-421e-b67a-ae563b9bda39,14571,New Barryport,RS
e542af58-e160-44d1-a670-fb3e40a0d38e,56594,Darrenmouth,MG
4034328a-8af0-464a-bc96-1a6984e6c945,80192,Liuside,PE
3a189acf-60ee-4e77-a208-31e7af3c4994,89489,Tamiburgh,RS
5534691d-9c89-4da8-998c-df7ac366c125,68780,Port Brittany,RJ
115ce59e-e46c-40ca-b8eb-85b686aa13fd,70363,Michaelville,GO
2821a0da-0277-43ba-a21c-3f0d26fd5470,81981,Port Dalton,RS
83a02f51-6242-421a-bf82-5ad27b3d5c0d,91087,North Leah,PE
86866110-cc0a-4200-bdd6-224aede1b9af,70737,Simpsonfort,RS
67fd1490-7daa-44ad-be60-16c4c2febf86,76664,Adamsburgh,RS
41bbcffb-fbfe-4383-9593-0cdc1f0589b2,86520,Johnsonburgh,SC
24e076b3-4f6f-4634-973d-0af1fbfe4d1d,98579,South Amandaburgh,MG
8e5204ad-60ce-40c8-9cd1-81c6a73f69a0,64772,Michaelbury,PE
66ca5af6-981c-486d-8f0f-49cc56301483,18144,Fraziermouth,SP
f8e4e3a8-f1b7-4f3e-bc00-6966bf770eb2,18426,West Carolynhaven,PR
42b09b30-85f8-471e-aba3-0bc308460e3b,48013,Moralesside,MG
d87e91e4-3f04-43f0-84ce-bf727c5d5cc8,92779,East Heather,MG
310a1847-b0e7-4aec-b701-b2b5153039a5,45290,Gonzalezchester,GO
ed051a75-2503-48bc-b083-0e9468e78059,96453,Lewisborough,PR
9bad95c1-0fc2-4efd-91d6-8e47fb072427,31612,West Eddieton,MG
9ee22886-0a7c-42e4-b080-537bb7f7d099,56067,Harrellstad,RJ
418aed92-772c-4776-92f4-869a1f6ecace,16357,New Timothy,SP
c722c5bc-7ee7-4740-b3a3-3a7d934311cd,92322,East Alicia,MG
ff8ed01c-9455-43cb-9956-39e7e6e874e9,71584,Port David,SP
d30f433e-97f5-4ae2-8103-b88eb2f736c5,64506,East Rachelstad,SC
4870ddb0-92db-456e-9a76-4885f4a05c3f,27815,Larsonton,RS
25016476-6ba4-4118-a0df-80a2863257df,53018,Robinmouth,PE
d4e259e3-7986-4aee-a734-bc799312fba7,79469,Johnsonshire,SC
3a8ee475-57c5-4740-9f34-99e3ea384a98,32870,New Michaelview,SP
608d1dc4-855a-4859-91f7-f52fef1aa65a,27254,South Lisa,MG
992281e5-9785-4008-b8a8-61d3adc11507,82255,Lake Michaelborough,PR
46ccefd7-a886-4470-be86-75501edaa98b,74164,Debrafurt,SP
0a11bd1c-5dc0-4e4d-b2b2-52986970f2b5,11711,Cochranstad,MG
e9b07290-504d-460b-91e7-7c007fe7cf08,44009,West Maryland,BA
74e37f7c-8d17-4e32-8bec-29a972ce19d8,81538,West Cindy,GO
b9b5a7a8-8d65-4c2c-a340-139badf2d2fb,55797,Mcintyrehaven,RJ
df6db2d4-9f80-4ea8-bf87-1e04c0c1f58d,92947,Johnsonmouth,RJ
d2dc62ec-443b-4e99-b2fa-f04ce8d1b65d,56729,South Devinstad,DF
31f49ac2-98a8-4e9b-87d6-c3d917c60f95,34955,Jeffreyville,DF
ea115a50-a69a-4308-a35d-af58827468fa,59590,Khanville,SC
a0417a79-fccf-4f80-a0ee-e4dc2a4bff2c,89351,Lake Kenneth,GO
cfb3eb49-0753-4083-bda6-3e63155f8f8d,27601,Port Annafurt,PE
9f15c4c6-fd19-45f7-abf7-0a087ff8d4c4,21831,North Alyssa,RJ
9c2293e4-b278-4bb0-81c2-45e27d041b16,17128,Lake Davidstad,DF
a8f88256-727e-4aa8-bdd8-bc907e51dd51,81190,Maciastown,GO
49428c01-5189-4b8a-a062-be6353c6a1e4,25715,Ericastad,RS
f63ed270-67b5-4197-b6cf-f8a656d51f39,86948,Dunnburgh,PE
a4582cac-20bd-47e9-89ef-6c0bfe08a93d,95451,Jonathanview,SP
b57394c3-61ea-4706-be02-a4028eb5d707,45435,Wesleychester,GO
61c1ba88-7693-4962-95fb-deed2e642824,20527,Ortizfort,PR
9c3f51f0-f386-4b3e-b6c3-9b99d33e278e,51896,South Alexander,DF
fd27891c-7e48-4a9d-ab1c-5f0c0077d91b,37231,Cherylmouth,SP
46a99121-5afd-4db2-9853-6363def6a62f,56983,Lake Justinview,SP
ee1e8d0d-dc9a-4254-9fe4-92825d0a1fa6,74995,Johnland,DF
4fdf1fe9-758e-4630-a132-b1bb3b6262d7,53217,Pamelamouth,BA
6a619294-d1fb-433f-b259-8bd13fa5f709,53433,East Donnastad,BA
d45365de-239b-4118-b1fe-667892d53fe3,82253,Oliviamouth,RJ
793dbc03-f726-44b1-9a6b-2262966f986d,16768,Reesebury,DF
aed0552c-e180-4d76-8f91-ce33815fd355,61900,South Robert,DF
c695e72a-e85d-41f6-98aa-32e2c6a8775f,38189,North Rachel,RJ
7109060d-06e1-4ff7-984d-0f51d7e67741,54809,Montgomeryfort,RJ
749a599a-e572-41f5-b49a-6901745a3d68,62718,East Billy,SC
d5b1e0eb-25fc-4348-a98d-22960e4209d8,42606,Debrabury,PE
f12d68de-6910-46d7-a418-8c3df14580f3,91975,Maureenmouth,MG
ebb232e4-1634-43ef-a9f4-77d18d6a272f,27774,North Barryton,RJ
2b4696c7-1e15-41ea-ae4b-ab5eae2b6ca3,44723,Lake Michaelville,MG
ff072753-ccf6-490d-9b58-18d34d9333fe,18080,Foxville,PR
d1dfcdff-588f-4bb7-b707-633df326e81b,31793,Stephaniebury,PE
e65748f2-004a-4974-b9b8-e4724df4d79e,24904,Burnsburgh,PE
f48e41be-dd31-4985-9896-9f53a652c6f0,60716,Stevenview,GO
03fea0f9-21ea-47b6-a5e1-17a468c9c0e7,93072,Hancockshire,SC
9769e6d2-97c2-4f79-a76b-5bf046bc4a1f,55011,Port Gabrielton,BA
fa3ef059-b29e-4f30-99f0-9aaa7bb8264b,25137,Kaylaberg,PE
844d443e-9883-4ace-b8c8-9bd1575b9d78,22378,Michaelaburgh,GO
5a3e8f1e-a59d-4980-9827-7ce57a7c584b,41320,Frederickhaven,PR
d399878c-ebe5-4baa-bb97-76fe20765802,60513,Michelleburgh,DF
f874ae66-200a-4736-ba88-47664e2d0d22,34046,Lake Caroline,GO
d830ea5d-9e26-4d1f-b661-3e37b9e59d31,68831,Mariaton,PE
17233174-95c3-4783-ab2e-3bd97e1c1a17,30065,Elliottborough,BA
69bdf3da-6348-4085-8441-f0fe9635052f,69869,East Alexander,RJ
8d85cbbf-84dd-45f7-8ce6-aad96f7f4724,30079,Calvinmouth,RJ
db73c6de-60a0-42bf-b497-33b0465379d3,34156,Carlsonview,GO
a10ebad6-4a73-45f0-9ef0-1933c78f571e,77082,North Lori,RS
ca0a153a-a4cf-463d-94d9-6842e5568bea,38644,Victormouth,BA
dcdd3b28-3f87-4aed-8810-1f394aaac17b,73760,Christopherville,DF
8f3fcf3f-4cca-4ff0-87a4-9fe7c407adf8,85666,Barrettland,RS
32fc4a95-87e1-403b-bc92-03cea63e1742,18197,Nicholasland,BA
d579c680-7984-48c6-93e4-ea4f51d599cb,90728,Lake Joseph,SC
7e4bf79f-43ee-41d3-a376-08a3714a3981,11856,Port Kimberlyport,DF
e2b24cb6-f6bf-44d7-9742-dca3246c6ddc,86527,Kennethbury,BA
9283ed32-36ef-4988-8074-afe8349bdcf9,26923,Johnsonborough,BA
d1c4f374-0921-4529-8b7d-1844d47eceb5,67501,Taylorburgh,RJ
ef405bdc-53b8-4d24-8d6d-b85975677722,81986,Smithtown,SC
8bfa5c4b-e2d2-43a2-87d5-85668ff68897,23090,Christopherstad,BA
0d0f2212-a98c-44c3-86e5-b33979bae9e2,33094,Alexanderland,SC
5d640fa9-abeb-4754-ad9d-b2a7f4319173,85495,Farmerport,PR
e46c3887-e47c-4aba-aa7f-88eb64da2461,21168,Lake Katherine,SC
90bd2ee7-7c82-49ff-bd04-e6182f83392f,24959,Savannahview,MG
d0287896-7766-4a36-8987-5e6112a3894b,59718,Lindsayshire,DF
953d5a5d-8109-49c9-89fc-83e395fefebd,13167,Harpermouth,RJ
b905babe-4bb4-4210-8782-09504154e3c4,47532,Port Joshua,RJ
b0079483-902b-45d8-a2ac-d7ff012e9091,12488,Port Paulmouth,RJ
896a255f-35f8-4e10-889b-95c1b4d1f880,62729,West Nicole,RJ
160c3369-ffa0-4492-83f8-d2319dabc960,31316,East Philipfurt,BA
a40a27a7-8c7b-405f-aa5a-2c7788188ed6,57327,Florestown,RJ
7cedb320-885a-4a6c-85e2-8b7ef1c76c48,99841,Grimesshire,SC
0f2b2e6f-3510-4837-988f-e07dd6fbe07d,92626,Hillport,MG
79c54075-0aaf-46a2-aee5-b15217c8b1b5,95788,Bellland,GO
0246f2a2-ac84-4349-b7e2-3df8af27d6c6,53630,South Michaelville,SP
d52857be-51ba-4da6-aedf-70ddab6e0eb7,17081,West Ryan,PE
449f6233-8595-4d41-ab75-56152b56493d,26456,Fernandezton,GO
f6b1d698-2ce6-4e35-9580-183471d536f4,99346,South Stephen,GO
08c6fd77-19ae-47cb-a4cb-16391c92b681,64630,South Colleenmouth,SC
528b1826-5be4-4bb1-a518-1dd808244a9c,42496,Velazquezborough,RJ
8e502cc8-0f5e-4f8c-ae83-4250739aa0ff,99605,Jeffreyport,BA
ded895ef-299e-4006-b198-8b88d4f67af0,37285,West Ginahaven,SC
0b7a29ab-fe67-4ea7-ad95-c23e4f1b71f5,67491,West Joshua,BA
3bdd31b6-b83e-4883-a4c9-459070800aa7,34733,Caldwellstad,SP
873550e5-93ec-4f43-872e-094532afbfbc,41217,North Anthonyfurt,PR
037679bf-1d83-4e69-b3f9-2b81b635c46e,76838,Harrisfort,PE
1ee38e5e-faee-4b05-93eb-0d4012b7addf,79515,East Richard,PR
73be6ec0-2462-46dc-b8f8-9181afde24e4,55203,Port Brady,SC
8ddda9d1-b413-421a-8823-206050331483,84194,Allenburgh,RJ
373df3a2-e2bd-4099-8a9e-9f5b9fd4054d,31260,Simpsonfurt,PE
0b775fee-8ce4-4f77-9995-a7b9b58883ff,75134,East Traci,GO
d53bcba7-a795-4ebe-9532-8664a52ab3f7,55608,New Carlosfort,RS
ef7794f3-3031-4c69-9be0-cd2ce9e75abd,88428,Coxtown,MG
78dcd9b3-d80c-4d95-87b0-707da9cbaaed,56068,Alexanderchester,DF
2f5318d2-3e28-453a-abae-80364a2cc6d4,95530,North Mariaton,RS
005e16b4-63d7-4ea8-b8ca-4f289865b75a,59129,New Crystal,RJ
8d4b146d-ff6f-4547-b4ab-b2efb58d56b4,97728,Tuckershire,SC
66f6f01a-d105-4dac-98af-fd854744e274,72693,East Tammy,GO
5ba074e7-e3cb-41e5-8172-b3166b072e8f,94899,Kelleyborough,SC
a883ef00-6c14-4624-9c27-057209a3889c,48746,North Nicole,RJ
88e8c8cd-e366-41be-9451-2fc4a78ab023,24407,North Raymondmouth,PR
b54d0812-2511-4c41-bfe4-621056d14630,61589,South Davidside,PE
2634ad81-c5f7-47d7-80b5-68e450761953,99352,Katrinaburgh,RS
5daca9d0-8618-4493-ab30-5ca7e8ec0931,34109,North Brianberg,BA
5b8ec250-cd27-435d-9aed-63bca53f5276,42061,New Margaretmouth,GO
69025f99-a0d7-41f5-b1c7-d5ea3fb61162,79309,Michelletown,PE
e02b8d73-e20a-4381-bea2-d2f84cd73d12,71541,South Jenniferview,PE
1aa8aa5d-0c22-45a3-965e-dc2304472fd6,75649,Maryburgh,GO
73fba70f-a72f-4e6d-8bae-35308d4c7dff,87839,Rubentown,SP
cdcfd7be-45eb-4d76-80aa-d94ab5ae4102,31836,West Scott,PE
67098990-0897-48d2-8c50-4a5dc38ef3f7,98887,South Lisa,PR
b2809bca-4b75-4e3d-b8e9-62436ef545f5,76137,Amandatown,SP
0f700cd5-30f8-499b-90d4-56a608756b85,49972,North Joseview,MG
204ed4c4-2974-46ff-bd70-5b94f1104065,48675,Mossstad,PR
8856b388-b137-42d4-af90-4d1ef595e3a7,99148,Lake Colleen,PR
6dbf3861-8751-4151-b46a-a351098397f9,48831,East Victorton,SC
66b3a226-e6b3-4812-98cb-2463f4f40bf8,90544,Robertsview,SC
64cbc699-2768-4e82-b335-a6033601c8cc,95698,Martinezshire,SP
62336bcb-545c-4551-941f-5446e9a4af8f,25914,Berryview,MG
bf827024-123c-4432-907f-d45bf3ff0333,35033,South Bradville,MG
67e910a7-533a-4834-a06d-eb552a2ff038,45535,Lake Taraland,PE
87ee0596-f4bd-49ef-a337-3eed15de6bb4,38282,West Tammy,BA
7dda31fd-5bf5-4a7f-8fd1-ce86fd59bf2e,59871,Reynoldsshire,RJ
02eaf95e-6693-4316-bf2e-9932eefa7adf,25701,North Hollyton,MG
c99c3777-0974-4a5c-912e-5a62d26eb069,86548,Taylorshire,SP
0a95e951-27c9-41da-a5b1-5d6db284feb4,71076,Youngshire,RJ
b30f79b1-121f-4d0c-a9be-2cd09a10d487,94580,East Aaronfort,GO
5fc2b8ee-202b-4342-8073-7bf5ea2b7de4,32342,South Mary,RS
da9aa7cd-3ba3-431a-a888-a20b960b1188,44175,Audreyborough,BA
55eaa0df-c042-4360-b474-10e27992ae23,92965,Lisaside,BA
c3713346-7f32-4dd0-9e5a-f39e3f460b2c,40606,East Alejandro,DF
a89af5b3-3674-4590-831d-d9c5f2d57d1b,21624,East Jason,SC
65491bcb-ecfd-4608-89da-a8009ca0a49e,99170,New Katrina,MG
001c6638-e89d-4636-a264-42c3f93b4dd0,14699,South Timothy,SC
a84c2fb8-0c04-47e9-857f-84eef1b4c6c0,60267,Chaneyfort,PR
a14689b3-6bad-4046-a07d-db43d28fb76f,42963,North Cynthiahaven,SC
207bba92-9eef-41b7-ba5c-e3ffe949247f,97960,Carolynburgh,PE
e83254a7-d917-49d7-a93d-406d6e155f69,88127,Lake Paulburgh,PE
6f3eaa81-6abc-4282-b00a-143b77da0831,15700,South Ronaldborough,RJ
d851f5a3-2df9-4e00-891e-f81a99225de9,86378,Bryanttown,SP
d3df3313-e052-4acf-b3a5-9ad292a20119,66290,Garcialand,MG
cd7d7d0e-2083-481d-9a29-0fbd7d2b665d,40429,Grahamland,MG
c7384e3f-38c0-4d4d-8ae9-e74eb1ff486d,14745,New Sandyport,PE
dbeac627-5fa0-4cf6-b8f8-d6d7e7e86093,89244,Flynnfort,SP
b09eab88-4692-44b1-929f-535fdb840f54,43276,West Christine,RJ
9d2194cc-6f5a-4e06-a47c-30ee58e1b240,74940,Dawnfort,PR
cb021c5f-3e0f-4750-bab7-d99d58c4662a,13311,Miguelport,DF
cc607305-a3d3-4e58-a23d-f82d5738a71e,31584,Lopezstad,BA
198471d4-407b-40a5-80c6-cb9b49da5054,50820,East Gordonhaven,DF
868a9cb6-93f0-497f-8c03-f0e205f0283b,12072,South Emmabury,PE
0b3efd5e-a554-4e3a-8c55-f0d299d6ec3a,84478,Sarashire,DF
2345ee20-6274-40a8-b2c1-be0e7436eeb0,51069,West Patriciachester,BA
1ac8d272-f346-40e4-8605-9d68de37f062,71105,Port Dominiquefort,PR
61ee87ea-6c1e-4a0a-a9b2-93989bc97d46,75014,North Alexandria,RS
f1ff2940-1be0-4493-ab55-67af68f626c0,85010,Elliottport,GO
cc14c384-e757-42a4-bd66-060b9e98e9d9,33964,Nolanhaven,RJ
8aa88668-68f4-4a76-8448-cf4843976bb7,82142,Bakerfort,SC
f93b171d-d6ae-4fb7-a37c-de0b63349231,78298,Thompsonside,BA
44bb375d-688a-4c24-ac54-6ffd198e9a38,79028,Lake Shirleyville,RJ
7d8c305b-051e-4aa6-acb2-bac43699e2df,58478,Kaylatown,PR
10d9b7b5-fd84-420c-bdcd-7f37b2fdff8b,53852,North Joshuastad,PE
175e8c07-d634-411d-96a9-d969539d36ae,69368,South Jacob,DF
353107cf-7422-49a5-b5f3-256cdf6399f0,79840,Martinezton,GO
d9c531ab-f8fe-4b1d-9d5e-413f64b9b47b,90992,Lake Nicholas,PR
460cad8d-12dd-4c48-8127-02b330979de2,67492,North Markville,SP
6c005202-56e4-4877-a3dd-580ff9ab7ff8,96056,Matthewside,RS
93d0d82a-8d99-4b9f-b911-a4939a1fc794,45338,North Carolynton,BA
ba3b01c9-e489-4751-8c71-c61f61952ed1,92138,Taylorland,PE
a63c0688-50d7-4c29-956e-ac4f4823f1bb,42877,New Julia,SP
009d7b9a-fa28-4fde-86c5-3277b4b5fc86,94433,Jamesberg,SP
74154a10-5630-4054-b916-f059b5ab74e3,74740,Port Marcborough,RS
b31315f4-bdaa-438b-b600-bdb3f8bbc9dd,50190,North Eric,PR
d63cae49-e75d-4c66-825f-8e3dd0b36133,92672,Virginiaview,RS
38aee72e-2302-4869-a2ce-5a4ae5354139,35222,Brianshire,MG
9a928e30-d4df-4a19-99a2-08bf31d941c3,71375,North Jenniferstad,PR
5812eb46-377b-4015-80ed-1e4407997eda,20184,West Brandystad,PR
f1f702be-8da2-4f23-9415-54d167be35d9,48273,Alexistown,SC
64f3afd4-46f2-4de7-8d77-4c47e9387363,81128,New Wesley,RJ
282efc41-722f-4003-8b97-1f5aed94c4cf,43637,Gonzalezfort,SP
fd321265-c765-4f74-a76f-28acc5585258,97306,South Robertburgh,DF
7b07a409-b733-4a2d-b23e-1936c326f852,56856,North Aprilbury,BA
8dd3fc3d-6c8f-44b4-8d48-16e39c549e11,53105,Brianland,MG
496738ac-be4a-4881-8a75-c91b35dd9557,26968,Jamesstad,MG
f5886f28-b478-427b-be1c-ca189dadef4e,66263,East Nancyport,BA
986c3189-5343-40cd-921d-125db805299b,60775,New Nicole,GO
e1b2b751-e531-472d-a6d2-8386276f5ae6,83326,New Paul,RS
674c03b3-de26-4361-9c00-bfc14d32b42c,17288,Millerhaven,GO
b1770c77-8635-499c-80fe-1d9d6cee2655,12757,Lake Anthony,GO
d6683d8c-83e7-47a5-8081-f1352d353944,98302,Garciafurt,SC
ba0ef2e5-0eb3-48b8-be0d-e97e79f63675,73389,Lake Randy,RJ
c526e556-d6fe-42f3-8363-59fa1810e919,24390,Hunterstad,BA
7dfc6499-e32b-4326-9e31-e90959447792,90412,Michaelfurt,SP
2e315479-c1cf-455b-b764-c4dbc0258c72,20623,North Jamestown,BA
b275a82a-3668-4bdb-87bc-2ae794a6ac9d,72048,Beckyland,SP
663334d5-ddea-4b3a-b9b5-65f49205d001,42360,Port Maryport,DF
79317387-0519-4bde-b60e-e25912b9d3ef,11465,South Abigail,RJ
c65419eb-3d57-4123-a056-7cd8e2a66e82,96228,West Tina,SC
f38817a8-5973-408d-b6cc-7b0173a8121c,59580,Lake Elizabeth,PE
65ba2191-af33-4160-a1be-27810a465644,43722,Emilytown,BA
534dfe3b-760e-481a-b31c-4771642fc1a1,64572,South Angelica,PE
f1716871-3559-4f9c-a33a-db2046a38548,26049,Danielsville,BA
f2a82a6f-90c0-4f4c-9ade-8f00e5f6eff2,22284,Stevensonfurt,BA
40b9309f-58ac-4440-a824-a5b9d802ce48,28671,North Christyville,PR
3242107e-52d4-47e2-a5a7-cc788ecc9bc0,98237,Lake Michelle,RJ
cb2bf13e-cb6a-4ecd-8ff4-9aae6f26d5ec,40027,Brownborough,BA
4e390761-3daa-424a-abd7-3449c7bd39ff,59608,East Angela,SP
5ac4db8b-032c-4b59-ac92-3521c4148939,72109,Morriston,SC
88150ad7-8e27-4660-ba54-6a52fe737795,45837,Port Stephanie,MG
2d1db2be-80fc-4812-a543-ac0df67281d7,30690,New Jeremy,PE
391fc693-8339-4861-94e5-239f432f0bb0,33349,Gregoryside,DF
d72effdc-6eff-4421-93c6-9821fc534616,75679,New Raymondmouth,SC
eb084992-1d72-4cee-a596-16fb758d8529,80266,Lewistown,RJ
68f5a173-a29b-486e-b3ec-e9533f5b143e,33518,West Sharonfurt,BA
62deceff-c763-47d8-bacb-c8404e907473,34315,Ronaldville,RJ
6d978a0b-7915-4359-8328-86b337a84e3f,26293,Samanthamouth,RS
195226a2-58f1-4255-b03c-c202d26d53b3,15006,Bradyberg,BA
8c9a1bed-2400-4799-99fa-82cf46d8711e,90438,Thomaschester,PE
68b08647-8eca-4500-ba1d-09f47111c8e0,80818,New Angela,BA
1f43215f-c155-4c4b-b3bc-25a400a4dd99,96142,West John,GO
28b5ec00-265d-4670-97ae-bfe9b65f2d6b,75716,West Sharon,RJ
7c3d46e0-f1f6-48e9-832b-2a96df9002c5,92541,New Sandraside,BA
1e8aaef1-0c53-415a-84b4-f09e0bcc1dc7,96995,West Melissa,PR
fecb7705-2ec7-450c-a533-51bcd7aa754a,47839,South Carlosborough,SC
4df8a210-1109-445d-9dff-96a66ce75e0d,10551,Mitchellland,RS
a29be9d9-4c1f-4e82-ad93-e8691cf5680d,94828,Matthewborough,SC
61a7abaa-05d5-48ce-a1e6-bc11bf543b2f,93209,North Andrestad,MG
4bcccf26-79ac-4e8d-8e8d-83174fdfe648,14839,Lake Jasonberg,RJ
9581bdfb-6982-4af1-84d3-7c51c804b09e,93360,Garciaville,GO
4b2e2c37-73b2-4f07-b7c1-b221e2b26e30,12033,East Patricia,RJ
8d45c462-a8cd-4ff7-8435-bbb150677f06,41012,Alishaberg,GO
ce70a056-7269-4046-8edd-72639528aafa,68404,Skinnermouth,GO
289a2cee-c8bc-4388-9088-07e8ed1ff0a5,22814,Johnsonview,RS
1376bdeb-01c0-41b8-8125-a7d9daea7be8,62697,Hodgetown,SC
dbf86e41-4907-4151-97e7-377d2f4dfce4,79195,North Kellyland,SC
d5263ea0-c663-4953-870a-6800b75f50c1,76102,Brianchester,MG
322315ca-12d8-45be-a6ff-a393bcf1d805,75197,South Melanie,RS
14e6bb04-4415-4e82-a1a3-7961d188fded,11086,Port Sophiafort,RJ
1b82f774-815f-4ff3-a36e-124a833cd248,40705,Kingstad,MG
1ffc955c-c166-42a3-81d6-97b420e49de5,36279,East Carolyn,PR
d5989441-de0c-47df-9a4b-e68e55ec9d65,86405,New Garrett,RS
ffda4114-4a0a-405c-ba1f-75774470d944,93691,Lake Michael,MG
b44d235e-f905-4de2-a320-b011debcc70a,22535,Leeburgh,PE
50940545-bf87-48e6-a0a3-5116ff4e88f5,68642,East Crystal,MG
111eb8ae-7ac5-414f-9b13-b1878a3ba050,49534,Matthewfort,RJ
eee334ed-cd5d-4ae7-9654-12c2ad67a7cf,77700,North Natasha,MG
85aa8e25-5ed5-49d5-8649-7a1cfc51ddff,91421,Smithmouth,DF
a095526f-a3ec-438d-998a-4ad114458b4b,66515,South Corey,DF
7c1effa6-53be-428d-97ff-88974c5a6ba0,95916,East Michaelview,PE
6f9ab75b-35ac-489a-9785-d236b4510e32,10343,South Jeremy,PE
d14a3740-6556-4462-9b96-1b86f280912a,82443,Evanland,DF
a14f64b2-e98a-439f-b04a-db0b9373a2b3,37849,Amyside,PE
109fee04-db63-4d59-b894-bc0b109bd6fb,18650,South Todd,PE
0682b250-8249-4b06-87ae-5674a74fade2,40601,New Kristinabury,SC
04e28469-4bf4-4790-9249-4a1be9c2f2ea,99845,Waynechester,SC
1300a86f-7986-40a5-b9c6-94a21102a69e,84467,West Amanda,MG
f0ff2d7c-0343-42bf-bf2b-5bb651ee4321,94153,Port Erik,DF
5fea4bd8-c46e-4348-8fd1-de5700950fb2,85860,Mcdonaldmouth,RJ
30068da9-58cf-40fe-af6f-e79a07f2bca6,14549,Lake Andrewview,DF
6ea36fac-299b-4fa5-a4fb-09970321d012,79446,East Jenniferfurt,DF
65d570da-0db6-4508-911a-b4ae306b4d16,10150,Markburgh,PR
9d893289-de59-4de1-b3ea-caa7a5903736,58369,West Karenfurt,PR
c19a53ec-9016-415d-852c-1cf5e2c909ec,89268,East Laurieberg,PE
42d42e2a-a507-4e1b-b34d-c4b299afdf36,81269,Robynton,SP
55698e4c-3a40-4d58-92dd-c4b0adadf1fd,14109,New Kaylaburgh,SC
fd278d76-d466-4c73-84e6-63cae7671a33,36218,Hollandton,GO
935d1b26-23fc-4769-bcaa-c00106334d28,35026,West Carolynview,RJ
803be628-c0ff-4442-af0a-069f4050871f,44618,Michaelport,PR
f006a1ce-eb06-43e3-add8-b7d1d123cfad,43825,West Laurenville,DF
9ad92b0e-663d-4852-8388-f58b0e1fd4d9,69692,Michaelside,DF
be1897b0-a60d-4966-82e4-ebe9be7cc053,96636,Tracyport,SP
02edcde2-f8e7-40b6-acf9-937b9ef03bfa,57612,Port Anthonyview,SP
55a9ad29-3589-4c0b-8e23-f2dff178188b,40850,Nunezmouth,SC
e0e1eb36-54d9-4885-a8c2-264f60c55354,23692,Cannonmouth,PR
c605031f-cc25-4cd7-ac37-8771ff3b6798,17995,Angelastad,RJ
a677cf82-11ff-453e-8d32-b114510d1699,70066,Jonathanton,RJ
5101306c-6b21-42a5-827e-e19f26ad348b,42727,North Andrewmouth,PE
87853361-99c9-44f8-8d06-c65b9b76d9b1,99818,South Devinfort,PE
90db3277-6b53-484d-be3f-3c329b309f80,92854,Lake Robertborough,GO
885f3a47-2e85-4577-9764-941fea224102,79656,Nelsonport,BA
ca04094c-f2aa-44a6-8c70-2478ee283446,52069,Smithburgh,DF
ee0dcdb0-8c3a-44e8-b31e-8dd186e29735,21022,Devinburgh,PE
92abbcd8-c7d6-4870-83d1-b165b5d4a971,69728,Guerrashire,GO
03130f4c-85f4-4487-9597-9d9285d49382,94977,West Wesley,SP
0ec11baa-1aca-4968-a39c-c0ecb60e5883,39129,Johnsonview,DF
261de3b1-2da3-46cf-9dbd-8d8798a51718,77139,Brandonfort,PE
fdf69e15-71c5-4456-9fa0-e4f2ce9cef49,53154,Javiershire,RS
de2b716d-4f89-419c-8ec9-0a78f03709fc,83659,Barneston,SC
ad851991-c335-4cc4-90ef-00e8c5be19f3,18264,Port Dawn,PE
37054995-e58d-4fee-b00a-5bb765825a11,28316,East Jamesfurt,DF
641b4f6e-f3a2-4e48-b190-8fe45f49b1ef,79458,West Aaron,GO
da1e2e3e-9121-43ab-ad82-ff4d44435845,90665,Hallland,MG
60d19c12-6655-4a0d-8e19-ea12039610c0,32169,Port Aaronchester,SP
d634b23d-2f8f-4ae7-bdb9-392978e392a0,44654,Lake Larry,DF
2ea77744-9092-40c5-9260-985679f02fad,13718,North Jameston,RJ
3b503bd1-ccf4-4b8e-ab0a-f030ddfd05b2,48247,South Beth,SC
e011ee82-7d1e-44b6-8478-01925af6c912,95044,Howardside,RJ
012a1159-d5ce-4ea6-836e-90633f72fd54,93881,Williamsburgh,GO
71088f27-abfd-423c-bd79-9597905c86bc,71521,North Kevinview,MG
d8270092-4870-4aa0-9670-12c17e5910b5,70209,New Rebeccachester,SP
63491edf-5463-4c1f-88af-206ac0cd2539,89800,Josephside,RS
aea4bc4a-bd90-499a-8386-559c806fa5ed,57720,East Robert,DF
9c77d93b-e0f5-4ae3-8c54-544dca4c5d7c,18501,Owensview,DF
175a33ad-405b-489f-a5a3-bae8c6aef5bd,38929,South Christopherfurt,GO
16f881d0-05a0-4e6c-b594-1c45134355fb,98189,New Stephen,GO
bd6dbc57-5be9-40c1-9cc8-d08434c14044,47427,Lake Jessicaton,PE
491f3e63-bdef-4d05-9d16-e4b5a1d3939b,99155,Whiteburgh,MG
c7f5830c-84d4-4ce6-898d-75233e726795,75205,Zimmermanville,SC
11516cbe-5b66-4049-a608-0c6c887739db,97553,South Kimberlyview,SC
251398e6-05fb-413d-8cc8-16a07a0387d3,39300,North Janet,PR
1e1ecc23-10fb-4c46-ba50-198f60e06e5d,33510,Deborahmouth,BA
c029c82b-ccc0-413e-8f4c-274b0cbdaf9b,62623,Johnsonstad,BA
ba6445a3-7e12-4b2b-963c-cffabbbbfc14,28719,Yorkside,SC
6c186cef-1d6c-41b0-a541-f3da9f71180d,67578,Hernandezview,PE
00c3c787-82a9-4ce1-9c09-3016e76ab213,61451,Bellstad,SP
2a4b51b4-ea10-419c-aa63-ced60d6dcd6e,27678,South Diane,SC
b2b71c72-45f4-4bac-a701-8cfaf1a5f97d,39900,Kentbury,RJ
b4d94749-bf6e-4a3c-946f-dc88567ac11d,12916,Ayersside,SC
17daebbc-042f-4141-98c0-df46cf7bde6b,56726,Wallacetown,RJ
8ec47906-70ff-4f7d-af96-ddab2a5bbf20,62016,Reginaldview,GO
ca2f713e-8442-48e2-9607-bd83e9ed1467,82300,Tonyatown,BA
81c91298-059b-40be-a079-b2697825a6ba,80556,North Penny,PR
884f2fb7-40ea-434d-a8f0-3178e72cd744,46628,Rodriguezchester,PR
9538d156-b46d-4c4c-89a1-b08b49f2c8b5,70830,Beckland,PE
59ee5087-befd-4ffa-b3ed-bb7fc15aaf4a,83594,Davisstad,MG
341d7a4c-0943-49dc-80fa-5812dfc0badd,14190,North Kathleenland,SC
fe84e9a0-8d37-4b22-af3c-afb8859b046c,13835,Carriehaven,RJ
82799be1-0f88-4057-9cae-446b974749c6,52478,West Brentmouth,PE
d6730b4f-ce75-4b15-9b17-fb3325122891,16703,New Rachel,MG
3edf30a1-06e4-4599-9bbc-3c57fc41d4db,14134,Byrdport,SC
94e896f6-c61d-474b-92d8-c1119b86faeb,96614,Kurtfort,PR
1441201d-10d3-47e0-9189-4dab8d9e58f9,72800,Lake Nancystad,BA
a52adab8-0713-4cb3-b290-13c06a8cff4d,98827,Hernandezfort,MG
5be9a440-6b10-4149-b712-2b4c97ceec50,81969,Smithtown,PE
40b0be35-b064-4ded-8ac9-779cec632d0f,34621,East Lori,RJ
9d40f994-9434-48e9-8bde-ae2a368c1848,24467,New Brendahaven,PR
72faa6b6-d85c-4093-922c-644b7f0e537e,36100,Lake Rebeccaville,GO
32e3a7b7-e015-4eac-9d9b-4cda83cb590a,84842,Hebertborough,BA
bd106f50-78d9-42a8-a83d-aaabc9010887,61023,West Arthurside,SC
1b29796f-b2b7-4ce5-ba37-08412e37c316,77236,South Thomasburgh,MG
e6ef7ebf-6087-4e0c-9864-b85840c487c9,44348,Elizabethfort,GO
6b9fef08-a183-4f33-a0fe-70ab8a799031,30684,Jessicachester,RJ
8eadf4f5-b67b-4d76-9a21-ec5ffd3ad43f,97758,Lake Rachel,BA
718b6ea4-5052-404c-a2e1-3fa2b435477e,21503,Amyburgh,GO
63a35c79-e6cf-4288-9a9d-b491d2db8e64,40079,Smithton,SC
c0f36749-97f6-4686-98c4-51dfde1d4bd7,87045,Donaldchester,SP
2d66bfaa-ce6e-4535-abdc-69b9ad1982cd,19765,Davidview,SC
a306d4fc-28fa-46d0-94e3-a077ddfb60ef,61738,New Juliemouth,PR
a0f2dae4-a814-4386-8037-4b185516c223,22107,East Heatherside,MG
0627a4cb-6261-4b4d-80a5-0c6cb1d1e1e1,85935,Weberchester,RS
81651e81-b4dc-4055-be9b-adc2a3f2ae76,23926,Jamestown,SC
521668e1-bb28-40cb-afed-613afd1b9f4d,93398,North Angelashire,DF
05fa084d-5d2d-4122-8656-586a7fc3ce6f,25434,East Tara,RS
9dd9ef05-927c-4ba6-bd72-46161275e27e,56194,South Josephside,RS
3655455d-603b-4971-896c-5befa76496b8,21791,Stonehaven,MG
cf84f817-ada5-4cfa-a0df-94a2585dd2a9,45203,Lake Amy,MG
85931357-9a1c-4821-8fd3-ddc4039147e2,32208,Cunninghamstad,RJ
dada0c8e-5af8-43e5-8397-50072a64f5e6,15686,Lake Coreychester,PR
ce68e518-4fd1-4e35-91cf-8a332026746f,62284,West Jennifermouth,RJ
eb214b6e-a207-4abf-a074-be7f8e505714,39359,Cookfort,GO
327313e5-fc1f-4bc2-966c-19793a43de91,66601,Palmerburgh,GO
2d861354-237f-4502-8b5d-ab51b087e021,75708,Port Robinbury,GO
f2610320-4510-41ff-8c19-46e4d60b9d23,11701,Courtneyhaven,SP
bb5617d1-410b-467b-9c3f-6438aaccef01,34796,Lisaville,SC
df2397a2-d589-477a-b76f-22bc59498ff8,79860,Davenportside,PE
364265be-8c46-4e0e-b29c-8a28c71493c5,38071,East Zachary,MG
b11ba622-711b-4c8e-bc83-efbd23cbafb3,27158,Rogersburgh,PE
c5869439-a166-4336-becc-f8cd6fbaabd4,29374,West Monicatown,BA
703bee49-07b1-4465-9110-fa5a207076cb,40312,West Josephland,MG
5e4c4e69-3d75-4840-9060-ad9af7cadd53,82379,South Paul,MG
d083cb43-6f58-4252-98e2-b69ac0e81d49,60392,Derekside,MG
b2dccc5f-1ee1-4138-b78b-c76e4a36b7ac,45510,New Ericabury,PE
0be9dfba-621f-4e5a-9b78-5fb28b5688dd,79226,Mooreshire,MG
d06cf683-9e8f-4e90-b945-3ac59fef3990,62420,East Roy,DF
692ff526-48fb-4eb4-a8e7-28079caac489,38247,Krauseton,SP
bbc9263a-ab0d-4347-affa-183bea4c8780,15555,Bergberg,BA
50a29dad-7a20-4b20-8192-9515f834788b,94348,Clementsfurt,SC
cdccc95a-e5d5-4abe-bb04-f0792d82e605,30089,Julieview,RS
76ce2e25-ab7a-485d-a2cc-248567778fb3,76293,New Johnborough,DF
608bf838-60dd-4c08-9406-d46857cf86cf,30339,Perezstad,PE
233e6c4b-be32-4fea-8723-f019df4dfcd5,55916,Port Robert,PR
ce1e8857-0dd9-4dbc-80de-32b98812c80f,56773,North Pamelahaven,DF
203e4f53-f706-43ab-bcff-54ae3a36f1dc,98936,Kimberg,RS
250821da-6175-45f6-9a2f-a25e81f8bc1a,38810,South Christopherton,GO
af71d10e-2260-4e23-b3f5-b3406bdb530d,45619,East Breanna,RS
412afe87-a253-4439-864c-b82e69f17c22,17177,Hollandville,PR
220cff51-9119-4409-b7b3-722e6cb1e9ca,65670,Davidshire,DF
53dbf219-1880-4c89-87a9-d9016e9313e9,64989,Sierraside,RS
ee2fac4c-ed23-4868-9ffc-0538dc2acaef,25877,East Elizabethburgh,SC
290d55bb-527e-4676-aacb-67219d816285,58590,West Cynthiahaven,PE
dd13da58-666a-4abf-be07-6984dd50b19e,10154,Port Calvin,DF
c3d0b2c3-6f1e-4d23-9d9f-1a368cae2a64,85705,South Erika,DF
0f06bf32-1104-43ed-82df-f09e0102508b,30016,Rodriguezbury,PR
cf0432ba-59a1-4b77-aab2-5762e9e26f35,85940,South Tommy,BA
b1662970-6d30-48c0-aca6-ae1b4a824014,93251,Alexandrashire,GO
95a6ac7d-cb39-4602-888e-93405fc141bd,88533,Deborahshire,GO
2cc2ece4-6703-4a7f-97b4-288b08303487,76128,New Rebeccastad,BA
aa3ee932-f477-48a1-aec0-8c3b0bcd754a,44672,Jessicaberg,MG
07eb2dd1-d43d-43cf-b079-ba5c17ffe00e,41502,Shawnfurt,RS
92626f4d-8be7-4517-aec6-8c532c30fd8d,22289,South Markborough,PE
fc20b358-d411-44bf-ace0-f856190f4771,92444,Greenberg,MG
09fa42d2-91d2-4746-9ac0-381a20eae467,60377,Nathanielchester,PR
38557433-64d5-4827-b2a6-e0e2dd1c69a7,17836,Hillshire,SP
5ca6842a-94e9-4925-b1ef-e2ee5e78ab00,21423,South Nicolebury,DF
0be8d8c6-5091-4009-94dd-9268e6b60256,64203,Kennedyfort,SC
f0cbc7e2-3727-4146-95de-b24ceea0de96,16764,New Deborahmouth,GO
f5ba4113-24d9-4c34-8c92-36e347b443d9,82731,Kirkburgh,RJ
bec37395-cd70-43b4-8601-5815491abfee,90977,North John,GO
ffd80031-c6b3-4019-ad03-08c173ce06a5,60367,Aaronburgh,RJ
4ecd60d4-ceb0-4a2e-8189-4b88e7743e2d,37244,South Debraview,PR
06a70f6e-a114-46de-8b97-ae2ac06ce655,75891,East Christopher,RJ
a0e146e2-5f09-45d4-987b-e103bb4126cd,99903,Port Cindy,MG
cf2b638e-4e2b-401d-b5fd-aa1b66d7221e,68807,North Robertfurt,PR
9973d30e-69bc-4ecd-a5d7-523af9617679,17151,Lake Robertshire,DF
526d6159-8ed6-4410-8881-881420155bce,15051,Houstonshire,GO
4b635297-e3a0-4568-b1ec-639b7485ce3c,11781,Cassandramouth,MG
1f5a1937-22b8-441f-9df2-ea7927fe02a0,54278,New Bethanyborough,BA
4c39c768-c7df-4cbb-a8eb-9b4d42345a01,28594,Smithborough,RJ
ad7b0a11-5834-4a34-8fd0-d085f4b4c7f4,70841,Michaelbury,RS
7a5513ec-1e6c-42ac-a147-efc7e302541b,23973,Lake Joshua,DF
080a72dd-268d-48ac-a303-671d1238a67a,65190,Grantbury,SC
87a60cbb-51da-458a-8850-0c391a7fd108,57245,North Shirleyburgh,SP
b49ba122-1fca-4c64-8770-fbc15c239ed2,99902,New Yolanda,BA
982fe7ca-61ff-4888-89f9-c5c8c3918397,41391,Lake Clintonport,SP
1982c698-f8d1-4102-9c80-7517eb6bba37,96639,Lisastad,BA
a1601b56-e5f6-44af-9cba-370933630d7b,66117,West Pamela,GO
54d327e4-f6b0-4084-a76a-07f55d2ca761,82015,North Michael,SC
cc30444e-0644-4957-96c0-7ab34b3a9247,31731,West Angelamouth,RS
afa88859-d972-4a55-87b2-7ad150e09e96,82706,New Kathyshire,BA
813a52c7-6277-4893-a93d-de8b4359af0c,90809,Port Christopherport,RJ
16c786b6-5584-4e7f-81ca-632e106e3ef8,60872,Pamelaland,SC
2987b4ab-70f9-459c-bfbc-8385c1d24766,15251,North Jeffrey,RS
9034443d-9c40-44ce-8e9e-1f55d5eacb76,78768,Rodriguezberg,SP
f8ae0ba1-7ec7-4a3d-a18c-8c0edfedbc87,13290,New Crystal,SC
7c84d40a-9d31-4605-b35f-0759f2be1e89,35760,Michaelfort,RJ
9ae8c360-e867-41a7-ac67-f3718a2717dc,75526,Lake Sethland,SC
6d2a5f03-c835-4bf8-a3b4-349dfca869b8,95977,Davidborough,MG
3d4e7313-b3cb-4ae6-a071-cf403741c90a,44536,New Nicole,MG
050e6fe0-7032-422c-9a89-5deadfa57ca6,70574,South Troy,SP
2367ee3d-d105-44d9-8d90-a373f864697a,98394,Angelahaven,PR
b20a44e8-f626-4d9c-ae49-301d7e8bc7b2,11841,Susanborough,DF
85f410d4-189f-4127-a7dd-8d16e83148c5,64207,Williamside,MG
63062c9f-77ee-4ecb-ac45-372672e0a008,40092,East Lawrence,DF
11fb3d7d-45e0-4c19-bd90-1394243247e2,56414,South Jackieville,DF
a8f05f68-a8ba-4cf0-a010-14e934ada620,34316,Dyerhaven,PE
2910b1ff-6eb8-4b43-97dc-5cd1014c5c0e,91004,Annaburgh,SP
2a6188f1-4098-4cea-9d98-1196f084b53b,35414,Brooksbury,RJ
f26bc1ce-1b2d-4e82-84a2-193c8bf8e2e4,93077,South Jodi,SP
81724792-5b4e-4a3e-b608-feaaf794817e,87878,Jeffreyton,PR
0fa9cf46-ef9f-4d85-b972-48726ecdb430,27341,Jonesville,RS
1ac2096b-6773-4ad8-9950-297b7546f231,66690,New Ricardofort,MG
43616082-52df-4a5c-911c-0752d2ede870,51390,East Shelbyville,GO
08096dcd-5d70-41c2-adbf-135249838245,27318,Lake Rebecca,PE
f13cc72a-341c-43d3-b753-e6c1f89f4f1d,73689,North Sarafurt,GO
e71ee62e-821c-4681-a5eb-106752765632,36947,North Johnmouth,BA
0281e96d-371c-4e61-8485-13f64254e839,86976,South Sarafort,RJ
f6edc3f2-34df-44a4-a6ba-fe4a3196f7ae,81441,Mcphersonshire,PR
b4bfaf45-d632-4aed-a313-5ac9c7395817,32258,Lake Maryville,RS
afbe1284-cf32-45f3-b7cd-ea2e0a6996d5,79496,Summerston,PR
7219604d-a22c-4550-9a4a-f384ce708b5e,78655,Simshaven,RJ
d5c9f533-742c-40f6-97bd-723ba025ae0c,37550,Kirkfort,SP
de8a56ab-5be8-4109-ac19-68f6eefc9abb,48479,South Thomaschester,RS
aa98b99f-e658-481d-9592-301d04467e9b,51930,Davidberg,BA
dd4db3d1-abd3-46f8-94ed-22109b4cf0b4,23645,Lopeztown,PE
2739abf1-5a9e-433e-b96f-91fb16e3f213,87216,North Gabrielview,DF
97052043-a716-431a-90be-4d7b2b134f0c,37785,Matthewhaven,RJ
dc251a1d-e149-47e7-966b-2c24cbfd2e58,39687,North Williamport,RJ
11c70cd8-3d91-45f3-b4b2-26790c058982,72886,Port Maxbury,DF
0841f213-108d-43e4-a1d9-a9f7e74abeb5,60780,Port Kennethberg,PE
a45e7492-5a17-4575-be4a-b2f9c7888e0a,45347,North Rachel,GO
9e136b5c-9350-4ad4-a892-f0636bd68730,54434,New Davidfort,SP
3f627b4f-a09b-49f7-bd77-143dc0de94ed,47730,Lambborough,GO
668cad34-82d5-4d55-9144-30f92508f0bf,20724,East Meganfort,PE
1e1ef691-3dee-4c2c-a671-2b57431b6dca,22999,South Kevinchester,RS
cd447ed3-c126-438a-9138-31a7a9fc9233,73757,Laurenport,MG
cefbcd6b-fc6e-4ecf-ab1c-9a9606e2b86e,39674,Harrisonborough,PR
cef39498-bcff-4edc-9f1c-ffc0da31d8d2,77059,West Stephen,BA
5c256350-0b9e-43cd-a163-80f298d74c5a,58685,Rebeccabury,SP
e640cd6e-ddad-40a2-8f7a-fe59c1237ac7,19543,West Debraside,PE
5593ac99-6133-4a44-b089-32dfdbe82d56,16987,Crystalshire,SC
8827587b-6e75-4422-a990-cbf17d1e5233,23802,Port Janetville,RS
5a66c53f-495b-4c82-ba6c-202270665338,70600,Christinatown,PE
e6dfcf1f-379d-40e0-a0be-480a32ce9626,25138,Mitchellville,BA
6f16dee6-9b0f-4125-8b71-f36e96a54a26,91665,Tatetown,MG
1a92292f-26e7-4552-8eeb-aa71b98cf21b,55730,Lake Feliciaburgh,RJ
27f70deb-ca08-4b3a-b7bf-8ebf5f5a6db7,82192,Port Jonathan,GO
7d4e7dff-2e5f-41f8-b1e7-ab58889720bb,22807,Pamelabury,SC
aa4283bc-65fe-49be-a748-76263ba37459,76358,Bonillafurt,RJ
eed7e9a8-6149-46a8-98af-dcf2bd6810cb,42439,South Kristentown,GO
79093bf5-309c-49ca-af54-59c4f238f671,66751,Vaughnfurt,GO
939054f7-56c0-4376-95f0-d50a1f2eadf8,17231,North Chelsea,GO
4888d920-97b0-45ec-b300-2a7b3f37576d,90813,Harperhaven,GO
77745efa-ff37-4713-9f60-9e2410c63970,57121,New Veronica,GO
3a3593bd-363f-48c8-bc2f-85ea6dd6e7db,19873,East Christianhaven,SP
31f772f6-b5db-443c-bf67-574bbde9ec3d,96700,Lopezport,BA
721a7c19-5d3e-4a37-a7e1-2ffc61b4140a,86844,New Rachaelhaven,DF
8e61fe56-891e-4368-9740-e2570f0f11fd,85360,Lake Tamara,SP
61026371-a514-4218-acb4-a118b80ec18f,83913,Erictown,BA
38bc3b66-3cdf-40b1-9a2a-19febd0d8640,22272,Clarkechester,SC
f41e4f49-a5bd-409b-b4f4-85685ce6094a,40645,North Billyhaven,PR
f322e8a2-e696-46ae-bfc6-4e84d7bbc585,47766,Rogersfort,SP
d31d29d6-6204-4b2f-959d-d6c410134a9e,45751,North Caleb,SC
5652a64f-c6f8-49f5-9546-6f6b52fcd8f7,18918,South Claytonland,RJ
1c82f509-244d-4824-b2b9-7adc66109c13,29293,Johnsonstad,SC
d8632909-339e-4cdf-85fa-d87fb63ec551,53198,West Michelle,RS
fee4f3ff-2781-4c0f-b6e4-e0b7f24948d8,21098,East Angie,RJ
7ea4d545-74ba-4fa7-8f9b-43b54096b639,29381,West Christinaburgh,PE
e24e9c1e-9dcd-4ad3-bfdd-03b3f694afaa,53390,Brandtville,SC
e9769480-4cd5-4e7f-8ece-1365c3c04ada,71129,Timothyton,MG
61809be3-b31c-4eb8-8bf7-72f675d4596d,83737,Brendashire,SP
6c159675-8da3-4920-916b-12b83d5d70d1,72552,Wilsonborough,SC
b3cd365c-ec9b-4cb4-b3b2-cde3d10bee55,88251,Port Brittany,GO
395422a8-7003-455d-a669-b4ef6adad379,85027,Millerside,SC
f96ea578-c306-4f94-a4df-c6c9d00e965f,42222,South Melaniebury,MG
13618ad7-83cb-4959-98d8-2ff7535699f8,60680,Thomasfurt,DF
91f154fe-4cd8-4e47-82ec-1a1b0c087227,28743,Patriciaborough,DF
5643a0dc-6f29-41b4-95b2-b39521992ec8,40775,Lake Shelby,MG
26e4a1e4-c195-417e-9c04-a9528adf3569,95995,Lake Austinland,MG
6664684a-3713-4a58-a80c-916d74e261f0,67047,Timothyland,RJ
2f2dacb0-0db8-4dd5-bfde-d4691edf0bdc,65100,Port Alex,DF
b84988b9-b534-417a-861b-c086411e3c56,73819,West Miguel,SP
c84ed43b-f6cb-421a-9ffd-ac60f668e0bd,76415,Port Jessicahaven,PR
f1cc7449-78b4-42d4-aea4-245b4d6abf00,73031,Port Robertborough,RS
494ab27a-9c4a-4caa-b09e-8aac3de7ddb1,34479,Kathrynland,SP
3aa82494-87a4-44ea-8d49-434130daa0a5,71809,East Joy,RS
aa3d2a57-6496-4c12-a012-890db62c7d02,48555,Lake Cheryltown,SP
1bea74a6-f9f5-4489-a627-d2f29ce3f282,89302,New Samuel,SC
98d7d7eb-177d-4173-8a08-27c2b1d41274,42524,Reynoldsberg,PR
0fb298ad-53a4-4ede-9329-0b35fcd869e0,72528,Port April,GO
e59e7d7a-1ab6-4776-b37c-7966e6db8a54,48200,Collinsmouth,BA
18335140-db2a-492a-a7f6-112614505e09,32696,Lake Nathanland,GO
850e4f1f-e00d-44ac-aebb-2daf76fbbdbc,55545,West Andrewfurt,DF
7f53fe78-29be-4471-9ec1-81f9f3fe4f1f,61263,New Matthewton,PR
491a7fd7-1da0-4051-80fa-d5b12b98b9bd,86920,Morganshire,SP
a0f63365-c8b7-4a3f-a054-35f7804abb23,36352,Hernandezland,RS
92359b22-0ff9-438d-b7b6-d5fb254e3969,40513,Port John,PR
a1fd30ce-f132-43ba-bceb-c481df8485b4,59491,Darlenefurt,SC
99db62bf-ddb6-44f7-9874-ab0e6d06f213,91742,South Jeffery,SP
6d11d6e3-f6e4-48b1-9dbd-7b47f0adf31a,88034,West Davidview,SC
9dbeb0dd-e86d-4cff-b87d-2d0d92249b86,81661,Stephenbury,PR
30bea3b1-137f-4d5c-b9e4-c34b758c5e4f,52251,Nicholasport,RJ
57d47a2e-460b-4d66-b36d-67260acaa2e7,28513,West Cassandramouth,SC
374dba2b-ef22-45fe-bf6a-72cce9846e50,18854,Zacharybury,BA
0cba8b64-bfed-42a9-8a8a-e0904afe8462,78168,Pattersonmouth,BA
9991e247-a494-4a2a-a3d7-f9a4b3408ece,33838,Keithchester,DF
15c0bc6a-137f-453e-a279-fa19b43415dd,42274,Leonburgh,BA
72aac3fe-13a8-479a-b518-8879df4132ca,62626,Port Joyce,SC
b4464d14-a60d-454b-8a61-9b659fa93574,58645,South Marissa,MG
8fb6454a-635a-4424-85a4-96f6d2c7fa5e,42907,East Jennifer,DF
34ad2096-463d-4b9c-b7b8-7e7f82dace2d,44902,Thomaston,DF
1d005e61-5416-42e1-9311-b40c0b90961c,13363,East Kevin,SC
facc2951-e714-438d-a7d1-7e91224fb539,69213,Lake Lisa,GO
c84202fb-96f6-43c8-997a-ff393cefa345,93119,Bookerhaven,PR
bef2bbc1-3deb-4e2a-91b8-729f1ff71636,74901,West Zacharyberg,RJ
610dca40-00ba-4083-a88d-df57307fb0c2,17741,Davisborough,BA
a3bdda85-8a3a-476d-97fd-200ea6911da1,78334,Port Darren,RJ
fdfe5933-bbb7-4bc2-a2e9-ed53bd627273,35973,Fergusonchester,BA
f0bf65c5-e676-44a1-b83c-0954044392f9,69386,Brianfurt,PE
4908708c-436c-4959-83ad-ba055124b10f,24137,North Meredith,MG
983a37ed-616e-4788-b674-2350fb2eaefb,62332,Allenfurt,GO
781bc9c7-1949-4465-b5a3-c2406ca2db35,53916,West Gabriel,PR
c28e60f3-ed1f-48f7-9969-ecacd5e1e324,70806,Port Taylorview,SC
58818ee8-14be-4a17-b73a-e769464c97be,94778,Garzaton,RJ
55b49fc9-dad1-4e43-9d12-ddb9d33b585e,26571,Bradyport,RJ
d9463383-7cc9-459c-8611-61be95fce8bb,81644,Mendozastad,SC
e304d337-e959-44f8-84cf-e0380c68d6b9,30103,Toddfort,PR
8c7d289e-80af-4042-9057-f8ae25685bbf,17138,Davidsonside,PR
cf8a3ce0-5494-4ef1-b65a-735578fbae12,28868,South Christopherhaven,DF
afffbb29-48c1-41bd-b163-17c1c4faa7ca,94361,South Davidstad,PE
aa7471e4-ef8e-4c7e-ad3a-658b21d68c2e,16296,Zacharyton,BA
27a6dd43-a538-480c-8963-02d67d27d5e4,16769,Amyside,MG
58b7c22e-ff11-402c-9b31-b9a7ac9bb05e,98988,Smithburgh,DF
45a83382-15f6-42cf-b415-8f253121dc63,25921,Yangfurt,SC
4f0cb878-6a26-4c76-a775-f4051b3a1d4c,96272,North Cynthia,DF
790a956e-4788-48d8-aab9-99e997c89659,82503,West Troyfurt,SP
bb419b88-98cf-4855-8778-0919c3622dfd,98826,Christopherside,SC
c163670b-28d5-40e1-8810-80b1d87fd266,68862,South Gloriaport,PE
66a774e3-a7c3-483b-b644-5c5848b70032,51847,Jeffreytown,BA
7449c178-ef37-4fae-ae66-5133c0f50ea5,33096,South Micheleton,PR
7b44c066-1243-4c0a-a529-5d41f21da52e,10249,Matamouth,SP
b5149c8e-3698-44bb-8d7d-e2fc5a0c419a,38951,New Brian,RJ
92da24aa-2bce-4d83-b506-cf62d55289dd,47479,South Travismouth,BA
eef6ae03-00e8-4d8a-9163-a2b2bfeb5d6d,42896,Arnoldshire,SC
e160bfc7-cba2-4b95-8213-62da30927d57,63564,East Jay,GO
01bd289d-714f-4094-95c1-d2d13b5e4b49,10900,South Albert,MG
6806ac52-c29f-42e2-80e9-dec33c212edc,63397,Karenmouth,SP
e2f2c9e1-5b04-429f-a58c-3dfe4293ecfa,81233,Williehaven,MG
d0bdea2b-1b22-4e61-b6b3-435443d5b3d2,81126,New Robertbury,PE
e32fd395-d008-4646-8370-001c5b023a38,55312,West Kimberlyton,DF
9f0e8c0b-c163-4ef8-a85c-afcfdaa906dc,31607,New Kevinmouth,SP
5e5bb604-003a-40ca-94af-17bf0039e48f,92476,Justinshire,MG
23e1e242-dcce-4a06-abc4-7ff533dde521,25736,Gutierrezborough,RJ
9f604360-05bf-49ed-b34b-28521afd39d8,62172,North Oscar,RS
3f9f32d2-bfc0-4961-9edd-0b0253799482,36876,Veronicaview,SC
25d79535-6d39-455f-929a-c56539bd8391,61438,South Joseph,SC
4448935c-6b2b-4d1f-bee5-9bb42f9fc74d,25351,South Patriciaberg,BA
06a4eba1-2afe-44f1-a654-5f72a13aef5b,67304,New Michaelton,PE
c23337c8-a4f3-437f-aa88-68a1dd95f52e,71785,Karenside,SP
357e4799-269a-49d2-bee7-238cc9873f0e,38703,Lake Trevorhaven,PE
7fda3c6e-78fd-40cf-984f-739c329463cb,87238,North Benjaminbury,MG
46767da4-c648-433b-8afa-d44a7c3e1f42,37060,New Abigailhaven,DF
558ff8f7-09c8-4205-86e1-0b81a06a8458,22813,Bassview,SC
a55e9d89-9bc8-469c-b138-5ac9a41e01b1,70231,West Nathan,SC
43ba8db4-2820-4ef6-9b2c-c9df265978ea,64000,Theresaport,DF
cbe36b16-4516-4327-8021-6bf6265591fc,28742,Port Thomasmouth,RJ
dec3f69b-0c61-4ae9-8945-d5126c5b6357,21458,South Kimberlyton,PE
7bb474b0-d722-4b58-a18a-cfba3bdcf678,84253,Barkertown,MG
bca8a69b-4773-4119-aa83-6af1221511ce,63836,Bethside,GO
bc7c777c-2224-4c05-88f9-e6b9da99d89d,45685,Wilsonfort,SC
5aa2fabd-46f7-45a4-82d7-4caa97eba91e,15599,Arnoldmouth,BA
f6c10172-9870-409c-b3a4-cf3acb4578a7,40086,Riveraberg,SC
e71ff5ae-bac9-4c5e-9ef2-c20b7faa7635,38833,Lake Jessica,PR
c05758db-237e-4098-ac83-fecafebed5e5,38654,New Carolynshire,RS
d8065e0f-6f49-442b-bd1c-dd989e76af7b,48279,Allisonborough,RJ
4bd10e1a-80ba-4db1-b48d-7389ed507fe8,44585,Amandahaven,SP
1092a31f-8ee9-4a98-879b-370070ea6496,89287,North Ericside,MG
da6a324c-b8fe-4fbc-9cc0-ee1442103dea,14402,North Stephanie,DF
12bf58ff-9241-46dc-a46e-615c3b14f95c,41983,Lake Susan,GO
c48be5fc-c869-42df-89ec-bc8724ab7869,59925,Port Bryan,BA
9b052c0d-f577-4754-89cc-7a4def143237,21878,Saraville,GO
934aeebb-b3ca-4fc0-8332-ceb79da89f0e,75399,Jennifermouth,RJ
abfd78cf-1d23-4592-9e2a-08c28c46e7c8,48683,Port Nicholasfurt,PR
c9b77040-198e-4b56-a4c2-a504f99acb7b,78795,Cameronborough,PR
37af87b4-4734-4658-a1a7-d5c2c39984b7,64721,Carolinebury,DF
91249549-c1c2-47b3-a1bb-099976210682,47561,South Kevinberg,RS
7ebe8456-4d63-4c0c-ace1-b804042be1af,50548,New Allisonside,PE
199caa27-2fdb-42e3-b704-3d5c2a983880,91174,South Johnchester,PR
a09f47a8-9e7d-49f7-8ff1-ce16855afc68,48928,New Elizabethton,DF
d2a8ce4e-f4b4-46a5-beee-4bea35a3b857,84699,Kochview,RS
9ae7701d-f15a-43b5-a6cc-2a6ab6d2c378,44161,West Benjamin,RJ
cbf17d75-275b-4165-bd75-6083bac189dc,70140,Larrymouth,MG
869a0b65-4de8-427c-900a-38d22c9c2941,21833,Melissaside,RJ
2d48b695-5c06-4d82-89f7-0163f29d51a3,42702,Susanmouth,DF
924a4743-c5e2-4d0e-9fe2-bd39c2e4a390,30430,Port Michael,MG
35a5826e-c2ca-4a07-b53d-e7208c2a6dc0,90844,Briannamouth,DF
889a157c-d698-4d3b-8416-0c6236923879,60103,Spearsport,RJ
ba2ae30a-1316-4e82-9626-6f0c57fc447e,26067,Port Brandon,SC
0eb2f72f-6de6-4ae1-b725-3bf7db6dfc64,58972,North Emily,SC
a355790c-3b35-4d85-9a7b-36adc6472fa9,81640,Hobbstown,RJ
4ff5c5fb-900a-4ea4-9a11-940e44971b96,48090,Bryanborough,GO
e9e6afde-aa54-4f46-8d0b-fc8a67acff90,73591,New Jessechester,GO
90007452-fb1c-44f7-bc6d-830081b24a65,31478,West Kimberlybury,PR
ee6ba395-4a08-4c87-a4e4-dac263aa6dc3,40082,Yatesfort,PR
b64fd53c-4d70-4f97-82dc-09807998bd48,98379,North Danielborough,MG
d2deb5b9-6773-4b96-837f-f6c22de571e4,20248,Ericton,MG
9bc06f5f-e1c6-4c34-b24f-7d6191d639fd,32615,Amberchester,SC
5f087713-f01d-4e4f-b66a-51d95a4e13b9,17477,Victorialand,GO
b7b37f93-b3f2-4d26-9ffa-773a984b0b1b,91210,North Anthonyfurt,RS
0f4abe2b-7f1a-4d2f-b28a-e878fcfcae8c,96642,Clarkmouth,RJ
e7ec29c4-5acb-45db-83ee-7e532d493fab,98350,Tammytown,RS
0734b3c0-7c9e-4d97-89f7-c8c98d1f6a72,91320,Robertsmouth,MG
e8d57200-9527-4c86-82a7-214d67f48f75,67054,Turnertown,RS
52bec57c-43a4-4889-a7d2-fa3f7f8b6ca5,95806,Kathleenfurt,DF
e9694c50-8da3-48b8-8353-5e745e310131,23603,North Timothy,SP
07b5ea32-80e2-48d1-a2d0-61fdd68dc853,38142,Lake Brian,SC
b03656df-1fa8-458b-926b-9d1488358a1b,47185,Laneborough,GO
76d19e34-9bbb-47c3-ac4c-8aa60021107d,28205,Serranomouth,PE
c62eebed-09e6-4488-b784-d256ab646d3c,43108,New Markland,SC
215b27eb-e5f5-4c8d-8679-f04567941241,74743,New Walter,DF
b8811eb3-c820-42cb-ac8b-de175a30ffb2,77889,Hughesfurt,GO
a0becfaa-e08a-4bf9-b94b-3eb0acec05a6,39920,North Jacob,MG
c2b51ee2-38ea-4077-b587-a4343a206271,40598,West Seanhaven,PE
f8787b1f-ee92-46f9-abbc-ca1a0adbac55,77793,Parsonsbury,RJ
cfaf1f35-fe8d-43b1-9959-1b5f86677963,54288,North Jeffrey,RJ
dcf02a42-4b9c-4978-8c63-b5f82219653c,74742,Baileyfort,PR
0fb98400-bcfc-465d-9370-c9e6a9ca6e30,66373,Brianmouth,BA
f42fbfb6-3e19-4c62-bc1b-23728892fdca,89776,Millerberg,DF
b41c71ff-ac4c-4346-b466-3999e1030f9d,29919,Lake Jonathan,GO
d6149be1-ba92-49f3-a87f-391de86ea11f,53233,North Kimmouth,BA
7af16cc5-f08d-44f5-b45a-e7bb1dbcb5b3,78569,South Carlview,BA
afc2ebd7-ff52-4454-9e76-04711a5290eb,83120,Karenmouth,PE
87c036c2-1d49-437d-a957-a07b2f5e8d64,74482,West Amberside,RJ
6d8ac863-b285-4575-9fb5-6b39fcc676eb,42986,Velezview,MG
ad5807e2-64b0-49dd-9ccf-97b450bcbee2,16064,Riveraside,SC
088118df-2a6e-4fab-90f2-45f7c794a0dc,63702,North Chadberg,RJ
830d1b79-4ffe-4d15-b674-338cb95375ae,48243,South Kevinmouth,DF
bb6044a6-f4fe-492f-bbaa-5f387471d5a2,68790,West Alyssa,DF
fe15b9f1-414a-4466-90aa-f58525834714,85143,West Destiny,GO
3de92303-944d-4fbe-82c8-ed1d350e7972,69018,North Franciscomouth,SC
d632d354-ca25-4df9-838a-5142cc4de4a2,42048,Whiteborough,MG
e90f094d-da23-4101-9921-1ed5814f5131,21664,Riosfort,GO
7996789d-a299-4883-b6db-68672e95ffdf,76867,Bishopmouth,PE
52f7cc92-4a49-400c-9501-ef27ae1431c4,48910,Lake Cody,MG
a55bea83-2132-4963-a054-4a56d800743d,59519,Colliermouth,MG
241e1d49-ccf4-4152-a3c8-4e416c9dc1bb,38803,New Robinhaven,BA
e26a4bd1-ca7d-4a7c-9d3b-90ebadf3ccf8,17324,Lake Markchester,GO
25c3abd4-6d6f-4759-bf6d-57c870d12740,78041,North Robert,SP
66c37a26-e67e-4171-b0a9-5e47962f1c5c,14094,Port Rachelhaven,RJ
bababb8e-46ba-42bb-ae6f-ad5b645adea2,97277,Frostport,GO
8de844c2-deec-4dbd-815d-5041c6ccece3,77509,Tateview,MG
b8dea129-7bb7-4490-9de8-7ecc7f2d1e32,59603,New Lisa,PR
e6fab540-3f63-4381-9b62-90946a8e540e,79270,New Jason,MG
691ebea6-9c42-4052-8de6-d99fc6bd8dd5,71822,Albertport,MG
11154522-13e0-4e15-a3be-2aacbcf59ab8,57486,Rebeccafort,SC
242e2974-e1fe-46a6-9423-535d3e7e42fc,50478,South Robert,RS
ce4851b7-66c9-4a7b-960a-0cb86b961296,37649,Lauraport,SC
b67cae8e-ae75-4fd4-a967-ccfe22958036,17308,Port Jeffreymouth,GO
dce38e20-b57a-4bd4-92ca-c61341820f16,30224,Gonzalesborough,PR
f2c7c2ff-afba-4c40-a1e5-c59be20fe793,26689,Gentrystad,RJ
c1ca129a-dc43-4ef3-bfa8-4bc6b755a3b7,59373,Brownburgh,PR
67c14b05-d270-43ab-8ffc-423a3a938b7b,95168,Port Suefurt,RS
73a51225-a050-4117-b9f3-21cfb88df5f4,34781,Crossfurt,GO
b87852b2-63bd-4ea3-920e-4d7e5b29b52e,41379,Duffyland,PR
aefbf800-48aa-43b9-be21-e3a41555d8a8,21362,Mckeefurt,MG
254feb6d-bb99-460a-a526-bf23ad6d6590,23125,Fullerfort,PR
cd0aa48e-94a4-4607-8062-43388b62bb8a,34089,Smithfort,PE
c97d1876-9c6e-43f4-afd6-ef2781e15bfd,33723,New Carolineside,GO
aa6477ae-512a-4536-b0a9-0ef7f21624c3,94318,Keithhaven,RJ
e00f4628-b78b-402b-9bd1-81413966c787,22609,East Julie,GO
c581ecf3-1272-4231-8572-a0dd6f3aef3d,61107,Loganview,MG
b14bbfa9-7210-4606-9e57-8d538028f110,40463,Tiffanyton,PE
48d9293c-c013-4a6e-a90f-c89b169d4f1f,87631,Johnport,PE
511740cd-b2c7-410c-8405-057e2690c7d7,71370,New Richard,MG
e6977d63-e16c-4fae-8b3f-507cc89139b5,93938,Lake Xavierfort,MG
1fa74855-df54-481d-bc9d-68de4f093082,82807,Williamsview,PE
8153596d-d7ae-4a67-a9bc-7cb6fa60c165,14231,Port Ricky,PE
71be1995-e814-4136-94f9-c126f27f9377,86735,Nicolehaven,SC
8d3725e2-de65-4c34-8f36-9887362f28db,53851,Jamesland,PE
aee01713-b0ef-4e10-bb94-ee7ddd5617da,35708,Georgeberg,SP
080d9852-04b1-487f-88b5-6ecb3735504f,49670,South Christopher,SP
28e290da-88f8-4889-a235-cd01070d8057,82228,Cooperchester,RJ
dfd096cd-8d35-4648-9dcc-a7724aec0c1e,11262,Savannahhaven,SP
55d1cec5-2ba5-4887-9e9c-63f8ee8d2c04,61618,Adamsmouth,PE
4feb525d-8ebf-435a-b85c-8519fec42c64,51232,Port Marymouth,PR
a679c477-2836-4b1e-9bba-db748c71ce10,70699,Williamsville,RS
9e23ac0b-d6b7-4f7c-abe8-8323e1ced01a,64802,Danielchester,PE
1e2ed501-1375-4138-9a41-d667171246ae,61232,Vasquezfurt,BA
9c39b421-2eee-4414-bce8-834e3f9cab7e,70657,Port Teresa,PE
c4a115b3-0ab3-49a3-aa5e-c1e1f87d6d21,58614,Crystalland,SP
0e8f6d32-4fdd-4ca2-8f6b-e4b1a59e0216,43845,East Caitlin,DF
2d2128ea-0fe1-4693-8fb5-1e48bd75caf0,19808,Jessicaberg,GO
93c0b176-da9a-47bc-a8da-79b5362d41e3,81004,North Lorihaven,PR
aa609ba0-8b78-460d-af14-800c6e715997,57658,Hooverborough,PR
36582de7-877e-48cd-be68-16e6e82ff634,18865,Davidside,DF
419d358b-0e4b-4353-99a6-75e524e4180a,48009,East Jose,RS
6dd85642-9214-4a67-bf3d-68e6738baec1,64612,Davistown,BA
a564063f-baf8-4043-b976-90e3acf31fc4,39516,South Fernando,PR
510289f8-cf70-4095-86ff-acc788d58e30,21255,Lake Nicholas,DF
be06a4f0-6c30-4aab-b76c-126fb5b28348,88949,Soniafort,RJ
f1423922-bf95-448c-810f-2323c3dd6e3f,53424,West Jesusland,SP
7e27f5b6-f3fb-47d2-8b4e-f45fec333f96,92306,East Nathaniel,MG
26dad0d4-ab7e-4431-949d-52631daa8ae5,53620,North Robert,DF
6a4a99b5-76b6-4308-b582-522c91d89cdd,37618,Thomasfort,BA
2f10186f-a339-4121-86eb-1ce5ce9af8c9,96035,North Jerryshire,DF
094b405d-1c34-41fd-966b-85561f294dc7,75186,New Kari,DF
08c02d60-c2af-406f-8b36-dbc1fc55b739,60873,Anthonyburgh,RS
ec136edf-ca19-4177-a6c7-d79ccc20021d,19039,Robertfort,SC
2f3c7658-cbf7-4177-9bd8-8a18bb8cd19e,26132,Ambermouth,PE
4cbbaf33-b06e-4eb9-b556-7dcdaa7f0693,44593,Transtad,MG
db743827-5e46-40aa-b111-6147e2a77155,35420,Jaymouth,SC
ac73a8aa-195c-4910-ac42-72b5222302ea,19005,Schroederside,SC
3131d7bc-27f4-4c6c-a8c6-72423f689ac9,54890,Thomasland,SC
eea0b797-eab7-48c5-b06d-89750ccef5f3,54549,Edwardsport,BA
ca92d2a5-fbec-4f48-9749-a133fef41592,62939,North Corey,MG
b28948cc-2228-4038-b0aa-d79a01b184de,15903,Robertview,SC
3944641c-e09e-43a5-a145-f9ce23a4fb45,13970,Mooreside,GO
7d44dc2f-95e0-4885-8ed8-fe086e5809c0,38781,Georgefort,GO
b075ce11-a589-485d-8cc9-d9fe080d27d3,18750,South Savannah,RJ
d38fa7f0-a7df-48d4-9e72-7261831e1df7,72414,North Benjaminport,SC
21d2f4b4-89dc-41bf-8a5f-566d5930b872,21127,Floresmouth,RS
e0552ff7-c97e-41df-a9e1-425a565e11c4,24214,New Denise,DF
cbdfd622-2dce-4118-9caf-d77f60ec0d30,24841,Ashleyburgh,RJ
3bb9890e-e7d7-4e57-b293-b4c203bcb16a,35642,Rodriguezfort,PR
c134f3d6-1ab0-4154-85e1-31fcfc8492d2,75365,Harrisonstad,DF
c197d380-048f-4dac-a696-3ed698130213,18825,Jameshaven,RS
02c74cf9-d6f1-48dd-8c6c-309e49eafb49,39673,Jeremytown,MG
e59d5c1b-430c-46f8-806a-8df7bffcbb57,67149,Jordanstad,RJ
c0a7ca7d-5f66-4a56-ae65-996d716444cd,33535,Johnside,SP
5de771b0-8386-4b45-a9d8-b0b6e019ade2,25798,Port Matthew,PR
ab1c2e08-da58-42d0-a16d-265a72de4c67,43526,Alexanderland,BA
d348d78d-b19b-4a1e-a141-f1e31a1be3e0,55022,Kellystad,PE
87bc446c-c485-4489-af62-c001bd36270e,38608,Smithmouth,BA
83e1b09c-a09b-46f4-8696-ab6104e76a72,54046,South Laurahaven,RS
2a2532f1-5ce0-4da3-90ba-e27294923996,86953,Lake Christopher,MG
56aa4d5c-de28-4b83-82c7-ff775a4002ed,52988,North Johnberg,SC
005dcdee-ba51-4659-bb41-b4f6722dfd8c,38322,South Christopher,PE
e52d1bba-f39d-4e8b-9927-c74a77ca02e9,89685,West Robert,SC
331bd8e4-069f-4b14-a902-0853f935592c,65384,East Davidfurt,RS
77e2317e-1715-49e3-bf5d-11083c02cc1b,76647,Johnsonburgh,MG
9d092cdb-c7f1-4aa2-bf32-6b28190a3141,37329,Lake Timothy,DF
c6f525a3-6c51-4233-aa19-e41b966443ac,45048,Gilbertton,GO
facbc648-1e3f-4e93-ab30-3175c0709c51,62607,North Jermaineshire,DF
f5405d25-ea58-427c-9a62-58caa4478dc6,64794,Robinberg,DF
702fda84-5b0d-4707-8f49-71035d6cbc90,63131,North Shellyton,PR
4900d251-b66e-4ac6-a1ae-e2000c13b118,75973,Port Teresa,DF
f54849dc-987b-40d7-99f4-aa43018b43f1,40435,Allisonberg,SP
2e72e682-1f4d-4ec6-919e-9bab1029c447,10439,Brianshire,RJ
4bef7c58-c719-428c-b9d3-5f55500633cc,30921,Haleyborough,BA
fb335d13-a42f-43ae-80d4-c9e76c7349d9,48206,Lake Juliachester,GO
a4d8f2ec-6966-4b80-b046-e3790567cfb0,28478,Thompsonmouth,DF
0e005d1d-4cf9-450c-a9b4-4b65b595f8ee,27079,Ramosstad,RS
57d21a1e-6214-4244-8b97-d663b57e21a0,11427,South Jonathan,RS
d21ae8e1-d34f-4f27-9b64-2cd86c029562,29709,Liutown,PE
38782107-2ced-4edc-a497-db140aa12289,88181,Pamelaland,SC
fd88cd96-060b-45df-a8da-40db9b1e1f66,44012,Whiteland,SP
18f0c240-a41a-4dbd-a5de-4403fdab2452,59803,Coryville,SP
74600cc6-daef-4593-bb44-96d8a700b544,36594,North Christinastad,PR
29680048-2e73-4d0a-a8f4-a540d091dd2c,11349,Millsfort,DF
0475a1a1-3f8b-4e0e-8541-d9fc2c249439,99625,Randolphstad,PE
01577334-eabe-4c1f-8054-3815de2cccd5,50734,Reidfurt,DF
8ae7d339-4e01-4465-b1df-c974abf1d1ed,73922,Lake Charlenebury,PR
db2521b9-36d0-42ac-bb46-034310a8589f,25337,South Jeffrey,GO
0408139a-e778-42a6-a8b9-2bcee7561b71,22683,Wesleyhaven,SP
5a2938a7-9290-40c9-ae0c-b41f9793faab,98078,Port Jamie,RJ
87605ea1-c81f-4d2c-a1f2-e2c21fc610bb,94399,East Miguelfurt,BA
d2afb48d-2b18-4304-ae9b-48f0ff94b560,63167,Timothyburgh,MG
57c174d6-2848-49e7-8d02-fc6a9ffa47ee,49635,Annhaven,PR
4ef39b85-e289-4707-989b-e90fac375e13,17699,Erinchester,SC
b4f35de2-73ba-4b37-a28b-144a3a60ba87,93864,North John,BA
b1bc84b8-a9d3-4887-9df8-7cfe52f9d3c9,15172,Scottshire,SC
355b8d26-5480-4047-bb1f-1b40b6bc30e3,63715,Lake Brianafort,SP
573e8650-2e74-461a-8763-b55349dba9c8,10346,Bauerton,BA
3a4cb33e-a634-4200-a05d-a70ac4f92072,12367,Patelstad,SP
09fc4b7d-7a3f-4c0b-a200-6f0cc9d21898,94892,Davidside,PE
2ceeda5d-0e77-4b0f-b04f-2bd4423eb327,25772,Justinborough,GO
4261aca8-d3ab-4b70-91a7-5deb6005376f,95065,East Aaron,RS
b1e7d75f-de1c-49c5-8855-a4f03202d08b,95033,New Erika,SC
a443f3aa-445c-4012-b907-1eee9d9deeaf,85361,Williamsview,GO
e1fecc4e-15e3-436d-b230-4d09ac6cae75,12485,Herrerashire,PR
c3e64757-4999-4669-ba70-befe38b28dc7,41877,East Stevenmouth,RJ
7cb9dcd1-9503-45e4-a4b6-3b93cb48c126,86290,Kendrastad,BA
e160c71c-8185-4cba-b0ab-e49425581c38,32451,West Cynthia,GO
3ad854b0-2e55-4bc3-8373-50066f71662a,71416,West Natalie,DF
31f85868-76bd-4aaf-bd8a-057af7e9b257,13519,South Jacob,GO
c24d1c50-9719-44e9-865d-af3a750d83ff,99911,South Trevormouth,PR
640a3f2d-e39b-4b53-a197-9a2aef6edd0d,51914,Deniseton,PE
70ef638d-3a1c-439b-accc-37fc62e7664e,40836,Paulstad,PE
822cadec-587b-4711-ae46-f63ea6013ca4,73598,Obrienborough,RJ
052dfb6f-bf4e-46d9-bdc8-1330c49f7194,70565,South Diana,MG
abf3c7db-60ed-464c-80c7-3adb11af9a65,76680,New Nicole,RJ
069811ef-4e95-4e2b-98fc-97755bac55db,82540,Lorimouth,BA
62c5e520-ee5a-423d-8692-971173742d1a,65151,Walterburgh,SC
420360e8-19b2-432a-ab35-51417ee71cbf,82686,Josephfort,SC
00a9a45a-530a-4809-a332-c0f3f6a3fdbc,43309,Herreramouth,GO
15afb4a1-0566-4a4e-978a-7b4732351989,24994,Monicaview,SC
44ea1341-61e0-46db-b4ae-bffcc0a7a36f,72097,Wolfebury,MG
d35ab45e-c147-43cf-8b50-ca0e951a2de5,58726,Port Saratown,RS
19609775-4005-4e2a-95ab-68561557d029,88285,Walkerton,PE
a3d55535-a8c4-4255-a67e-a44c14dbca7c,96745,Kimberlytown,GO
ac2d488e-25e7-48ef-af87-bf15cf084c71,26810,Port Amanda,BA
e2631846-aee9-4692-b136-cd7edc46b710,16354,Donaldshire,GO
8eeca092-5df5-4e09-973a-4e22b3ba4c17,11277,Denisemouth,SP
534ec8fc-e930-4690-b02e-4c433e9bee18,12193,Wilsonton,SP
d0a61d3e-a3f6-41a8-9136-2de66054c2e6,88914,Bowenton,SP
612b7027-b41a-4135-b06e-26d2ad7c991e,14548,Ralphtown,MG
80dd3262-02eb-4cb9-9b1a-a0e0fdb8ae7e,61525,Andrewmouth,SC
7ffe312b-4d58-4a83-9322-956f314a6728,47289,Coryfurt,DF
69d1017f-8d3d-4364-a371-99cb853bef29,98183,East Kathleenbury,GO
e3eef852-32dd-496d-a442-9db90d306e70,74913,New Daniel,DF
07cbaaeb-9b46-468c-9cb4-20ef95f4f3d4,69876,Thomastown,MG
a20329d8-d225-4326-919c-12ac409c9935,72166,Kathleenfurt,PE
80302ef4-d2ad-4e0d-acf8-fb8ebf86e858,94035,West Courtneymouth,GO
d6912e52-b2fa-4d0a-b308-4a1d542b77a4,55641,Smithfort,MG
a9bfbda6-a6b7-40ff-9d92-af89b62601d9,61570,Maryhaven,SC
2de44bf8-13f0-4049-acf8-2ab6b8d3ea71,25583,Jacobmouth,PE
bca8435b-e520-4080-b840-0bcdad84d0db,23768,Port Monica,SC
a377beae-d61d-4795-abe3-72130604bd6a,21863,Meaganmouth,MG
b7b20ce2-2e0e-4c65-93cc-0a1e2ec81da8,52358,Sullivanhaven,BA
96e3b4a2-27a5-4c86-8527-dc77a361b9bd,57766,Tracyport,PE
1e5f6f7d-a6b0-4f6b-a9d1-7d05bd0d0cfc,95346,Lake Taylortown,PR
63911787-fcec-48c0-8b77-abc6f07fe036,32050,New Paulaland,PE
445f6710-a6e3-496e-ae24-64b593cc4a94,85757,Freytown,SC
d6ad9d51-1194-4c5e-8141-6f6c2eb43e12,55993,Port Troy,GO
71dcad4f-5e2b-40be-bf68-8191ee734898,28364,Port Gary,GO
8921f0ee-213e-47a3-bb51-ba9cc7e9b500,81314,West Sonya,GO
2199e31c-c9f2-4de2-8f95-4b63142dc42a,55886,Whitefort,DF
3edc9ba7-fa4a-4631-99b1-e15e0e9f518d,96575,South Samantha,PE
43fdf0b8-697d-472a-84dc-ccac198b13c0,61917,Lake Christopherland,PR
2d000ecd-c78a-4d70-9698-e3bfbfabf1d7,66363,Foxland,DF
0856e959-be71-449b-9128-6c34e83e108b,95131,Wardside,SP
8911a352-2388-4b3e-8638-e1a79e7aafae,72467,New Catherineside,SC
4237455e-7856-4ae6-8c0b-7556cca523c2,27316,Taylorbury,SC
c8992885-badd-49b3-87df-0734c270625b,30337,Andreabury,RJ
45481c54-619d-49d6-843d-4bdb92b34a25,17973,North Lisamouth,BA
919c6f48-bb51-42fb-9acb-5662ba5e973d,22579,Gabriellafurt,PE
b0bedf47-ebc6-47a8-b4e5-4b453c01c176,90771,Angelaview,PR
681defe1-e0da-4f20-9892-22b07df4e990,94309,Adamsshire,SP
e57fee22-ee6d-44b8-8e1f-ada8f9605ca6,51750,Natalieland,PE
c7a1c5fd-b896-40f9-8a06-06ed7b373cd5,91914,Ryanside,DF
9de21f53-174b-438e-b0a7-3945c6367d50,74999,Thomasfort,PR
3adf0936-12d6-4e17-b7cd-8bf39a9926f3,18323,Davidtown,PE
df3fa82c-4209-4c09-907b-315077af93ea,67730,Houstonville,PE
612d30b0-d142-4ef3-a3af-b5a5e67d9322,15582,Jessicahaven,RS
80fd044d-231d-426f-9eb0-6ca7219f6f92,33805,West Jeffrey,SP
70ce3578-7b10-452e-a1c1-dd387396e171,18229,Rebeccamouth,PE
cb93c235-304b-4077-9828-a0a31395b3d2,75372,Dudleychester,DF
a33f0082-3984-4f5e-867d-ed9deba12ad9,76516,Garrettberg,MG
c1048043-a921-4142-9604-1c0242f62dbf,65787,West Davidshire,GO
d91ffe9e-3246-40d5-852d-1b00d68d43fb,99503,Andersonmouth,PE
d38590ac-8b3b-4ede-b8db-93790c0e0931,43072,Collierside,BA
ff970e79-aec1-417f-ba00-bf223bdf7b47,86210,West Cindymouth,MG
956a1060-0454-4b45-8606-a5672c835318,40724,North Alexander,RS
33d4265d-241b-454e-aa83-fe3d995d1316,93610,South Dalemouth,SP
7aba4089-8945-4005-87d7-d38f95897f04,49883,Lake Michael,PE
d688b0c5-6ad5-4260-9464-922198bdcc80,29526,North Marktown,RJ
1472092b-5d2f-41fb-9c14-1295ad71473f,34465,Port Bethany,RS
9acf74fc-4ed1-48ee-b489-d02258a1e09a,81757,New Lynnborough,SP
f1140829-9efc-4350-8412-7792ac69288b,51116,New Kelly,DF
e13dc586-4f38-48b4-908a-4e0d2bfff2fc,76419,Patricktown,SC
3dc351c5-f1a6-4153-b878-d2bc5d13512a,55825,Robinsonbury,BA
04757e4a-d7c2-4c20-8c4f-f877959aedab,43692,Leeside,MG
c92a0bd9-d24d-4f56-ba43-7e88d6d1cfb2,10130,Montgomeryland,BA
ddab5eee-9f20-4bb0-8ffb-ba45514d996a,72545,East Danielfort,RS
cb8f6b82-7880-4eb6-8c7b-7b8eac0a201b,18767,South Stevetown,BA
95cc91b1-c533-4109-92da-854ced76b606,93129,Lake Brandi,GO
75b0833d-39bd-4072-bb3a-2c4967807308,80891,Seanfort,PE
2d5cac0c-3527-4a0b-910c-3f34ff265d99,64995,Carrieshire,DF
ec61b7c1-959d-45c7-904c-107d71a6df12,46552,West Jaredbury,SP
8e95a895-3317-49e2-b946-3dc3f6389340,51702,Lake Mariaburgh,MG
9c3d30cf-15e7-4b86-80e7-70dd283b7ba8,22251,North Andrew,GO
3b9f0f3d-61aa-4414-bacd-973820418125,46989,Barrettborough,RS
3a723cc4-0eda-4218-9565-e4adb690446a,60065,Mariafort,GO
4da99c20-90e8-413d-9fc7-9587b5fcceb4,32774,Johnview,SC
79568f9e-8de3-4044-8923-684c0b136300,49543,North Justinchester,DF
3d0111f3-071e-48c9-9029-8bbd51d7986f,71925,Shawnview,GO
0bfe17a9-2f1f-41f4-8353-ec5f54e47efa,25920,West Shelia,BA
3451bb78-c70d-4a58-b787-82e6107bc7fe,15717,Ryanberg,SC
ef134c21-a974-475d-955e-fa10b49d5116,76862,Parkerchester,MG
1a2fec44-9b04-4e7f-b0d8-3fb12a197d40,82486,East Tarastad,DF
92383508-9463-48ef-815f-0ad9e788e79c,75347,Davishaven,GO
b2656573-7286-452b-b730-f036176821a1,62855,Rachelberg,SC
0dc3a005-41d0-44f6-83cb-04a7c8d923b5,99616,Justinhaven,GO
589d980e-654a-4d96-9c97-b22f0d236c78,47945,East Jennifer,SC
e9014959-f0a7-455a-a40a-a6a6279e02af,75555,East Elizabethbury,PR
9968e40f-8729-47e0-8615-2022e7b54c5f,85775,North Ryan,PE
d1cab5c5-a6e7-4f93-8458-736e6ea38fb8,63099,West Deniseton,DF
0c3bbfdf-4497-4e06-a130-5c7736dec5d0,11504,South Monica,RS
d58335a7-a1b7-4b7a-854d-fd12eb1fcb42,32677,Pattonfort,RS
dfcf47ed-e171-49f4-a1fd-4f6593db36c0,64064,West Randyport,PR
608641d6-a412-46d2-8ed3-153d1a374660,41186,Lake Brian,GO
06b6fc0d-a7f2-4501-8c9b-54d3630a313c,53573,Salazarmouth,PR
0ba5729b-2ea4-4a3a-ae7a-3297d60081c3,19402,Lake Hollyside,RS
48f1fa68-910c-4a13-9801-bb6f7b011db4,39615,Rodgersfort,PR
ee1a897c-e760-4eaf-97d4-ee33f858da02,14241,Harrisonburgh,PR
e1fdb46f-69e2-4f8f-8303-ed39f8d602b5,17681,Fullerfort,RS
44014387-039c-4037-ad29-a5b961a1e23f,54729,Susanville,DF
1005b67b-9442-47fd-bebf-69e9f1230663,72906,Mccormickfurt,SC
1cde9bd4-ede3-494d-8ad1-ecd10cec09ee,88844,Port Margaretmouth,DF
af89847a-2192-4afd-87c0-8cc7989c38c0,70250,Freemanfort,SC
6e3ba075-dfe3-4d84-a35a-eedeaea8c685,48365,Mitchellton,GO
d7af2d76-4cc6-4642-9687-01e7bd85019f,37015,New Kaitlyn,PR
7a3fad97-570b-474e-8a32-3f0bd2548242,31641,Dannybury,PR
77034f57-b25d-4f49-b545-c5b74b74b292,36523,South Justin,RJ
d0e96453-5a32-4150-af78-43c4fe140357,98684,Elizabethfort,PE
8bacab87-5b68-42f7-9322-3e99debffb0c,31026,Jamestown,GO
f09c9c10-0fa2-4715-92c6-a91018b43bd2,44099,Stevenside,BA
ae8745ae-aa25-4183-81bc-76af1c11eacf,99593,Marquezberg,BA
affff93f-c41b-4aa6-a166-42ff6c9d9c0f,41600,West Wesleyville,SC
ec826378-a78c-4b2a-adc3-dc932d395fa1,79672,Parkermouth,MG
183bddb1-6d69-4777-b783-57d2d1fbf0f2,96954,Port Margaretton,PR
b871d066-7aec-41af-b76a-85a96d09fd0e,62857,Lake Krystal,SP
6de21859-2d5a-4446-a11c-f60f281cd685,60998,North Mary,PR
b24cbbec-833f-4197-ac77-a9700e13a719,93402,Larsontown,RJ
e6c2ecf0-9f3d-4409-8d25-66d8675b0b61,37722,North Brianfort,SC
cd093627-3f33-46fe-9e2f-7fdb2c267d80,21009,East Laurenhaven,DF
5f521d3b-4016-4c3c-895c-7b3cc2a25687,17815,Humphreyview,PR
266e3705-0338-46bb-b8b7-39a5257f4fbc,61321,North Colleenton,DF
6ecbd9e6-02eb-4855-b6a4-d7f5a7855d85,91285,North Denise,RS
646f0a45-668d-4835-9bff-64864ab0670d,53363,Lake Kevinberg,RS
a7beac9a-38ac-49f9-a1e6-223e4de2b80d,13911,North Jay,GO
78200218-14ae-4aff-a74d-4e10b6d2c8b2,30712,Connorshire,PR
9a7ead36-3d72-420d-a9ed-d65f93425901,24544,Port Connormouth,GO
55e88825-ca96-40ae-b10b-fbac1dd6efae,44371,New Joseph,PR
f1e380cc-a004-424f-9de7-73e069e3aedb,14181,Hoodbury,MG
35293dff-e3fd-49c9-89d4-b579b9b38476,25756,East Gregory,RJ
20f9f377-b893-41f6-89bd-5fb8160f9698,76618,North Steven,PE
d6e4d99a-e6a3-4719-a949-4297ec89a0c5,80040,New Carolyn,PE
977240fd-e6cd-4466-8eeb-68c76e2385cf,71136,Port Lauren,RS
293910ba-c85f-47d9-864c-51f26ce3a54b,11175,East Bradley,RS
ac0ba65b-6f0d-4088-98c9-e63edd7112a5,31016,Greenbury,SP
fc01a864-be47-4a20-bcb1-d1908c7a7e70,75288,North Mark,GO
9f0702c7-031f-4c6c-9a35-8cced4187ef0,38238,West Jodistad,RS
71bf4b6b-7ff6-4eb8-a0fc-80e49ce7ccc9,10314,Williamschester,RS
605daa58-4a29-4072-9c1a-a55f55ed13eb,14683,West Marcia,SP
cd885d91-9240-452d-b938-c5048a7f945a,86954,South Kellystad,RJ
b229f60e-4735-4955-8e0e-7db3471fb7b8,32086,Lake Kellybury,BA
801a8203-0331-4d75-b0ec-b5d71966c541,66488,North Monique,SC
f2913b15-e5e6-4e31-9795-1b8b25a23d4d,52963,West Matthewton,DF
d6dcd411-11fc-4b89-b700-49a09b969e5d,53020,New Michael,RJ
480ffb15-bca3-4bc3-a304-e7855e436edf,54498,Garzaville,MG
c5c70228-8a4d-472b-b8f5-bb506227593b,37747,Mahoneychester,SP
4d2725e2-dc2b-4ac1-9c71-2dac62b834a7,30577,Garyborough,GO
c5d73a80-afcd-4d56-b469-8df7b55d7888,10001,Erictown,MG
0aac5fb7-e556-4af7-8163-263ce1c0635c,42655,Williamland,BA
a07021e4-b3b1-4d70-83f2-cfeeacebc1da,38336,North Debra,DF
c4fd1c4a-1b4a-4cd6-afd7-1def74f3329a,39842,New Julie,DF
874e9447-144d-41c9-a833-8a9d265aea73,55014,Christinafurt,RS
a22d8982-4bc2-45d8-bc15-2fed115f05b8,16955,Bestside,PR
92e5c2c7-3b34-4e8b-968c-f713d8c3e3ff,15845,Josephview,SC
464b3e04-8a81-44cc-86c4-f40d3777c16d,46476,Philipstad,PR
f364987a-ee8a-4474-a5b3-eb19a13d20d2,93739,North Darrenstad,SP
0451229b-5c5c-46fa-9458-57708699a0f4,56926,West Max,RJ
afa27334-6a34-484e-97f2-6963cc502843,55616,Port Sarahburgh,PE
687ba7ee-a984-49cd-a72a-a4f278625689,76016,Katrinastad,RS
2cf1b38b-8581-462a-bbb2-71eb9b20d284,17214,Garyside,GO
113b8921-52a6-4bb3-9094-63f7bd018044,94821,New Cherylfurt,SP
a7ec2b39-9cf7-4929-aaad-56437cb23034,70086,West Brandonfort,MG
d84bc8d3-20e1-4971-9a13-0a4d97b1655c,13115,New Kimberly,BA
2508d8b4-eaec-4b3d-bd8c-5e8126b52c0e,53899,South Samantha,MG
b9927bd6-7187-4fbd-adae-44169aab4f10,39355,Mccoyton,SP
c247f0ba-b4f7-4022-9bf9-8bfb5eed6285,61040,East Marcus,BA
a2c77c73-50d7-4133-b958-31f37c4677d3,58825,West Lisatown,DF
c36f03e3-314b-4b46-9219-19d1819684d7,21400,South Jenniferbury,MG
ec8512de-56aa-43a9-8c44-4d878679c215,56399,Reneeside,PR
0d44e1e3-340f-429e-a119-658b4058fded,38952,Taylormouth,SP
2f441a1d-694e-468e-a28a-3705207679d6,99455,Graytown,SP
9256ed45-66b6-46be-a02a-0630452d68dc,51744,South Gregorymouth,PR
b177bd41-245f-4c11-9ff1-143b5f1ad3ed,20829,West Michelleview,PE
691969ba-7dd5-4c2f-8ea2-11629be5f61e,96543,Tarachester,PE
f79bfc33-9e13-4b5f-801d-343f42aa1ab8,95849,Bartonmouth,RJ
55aa72be-1b9f-46ee-b047-d5845e610acd,13997,Reynoldschester,SC
6e75ee4e-405b-4f0b-b5b1-f0ba79bdccd8,98658,East Reneeport,PR
9fc8bbd5-d11d-4951-a85c-8ba72e5fce49,43081,Kennethport,DF
ca04f717-d076-4b84-8341-799f92720522,44373,North Charles,GO
ea5b9328-aac9-41a2-93cf-fa229357b0df,20561,Carpentershire,GO
c8e08a50-8435-4bef-af94-b0d0e91b8fc7,80083,East Whitney,DF
81e01ec4-fd2c-454f-9629-482c4f34648e,27835,New Jennifer,MG
3e7d2551-93c6-4222-8f0a-01fd33d7f4e1,27745,Peterland,GO
3ae9cbaa-227e-4bcb-acde-2ebb235a266c,20615,Hessberg,DF
45435b0e-abb5-4667-993e-22deac527656,13582,Port Justinberg,PR
7812e987-cbad-4bc5-8b20-fe70e5f8428a,18665,New Katie,RS
0790336a-ed0c-4782-9f6c-91eb027d2250,20718,Katherineview,RJ
6c23b7f7-d224-4481-9c64-545a9b19cc08,26997,New Mark,SC
6159444f-f473-40dc-8485-09233c795dd6,59592,North Fernandoland,MG
42479aa0-f4db-4b91-84ce-4e2f6614d0fd,89884,Glendaland,DF
81e24d99-08a1-4c7a-829b-7c62a610b513,79753,Hudsonburgh,PR
f648f049-0eee-4be9-b94b-34bef46a600b,21379,Campbellberg,MG
15cea36f-70e6-4574-a727-cf88ca294a1c,50026,Hopkinsfort,SP
e79bb05b-16b6-4073-95ef-c61ba4a5c582,68462,North Yvetteborough,SC
998fc1ef-6058-4811-a204-5d5c62cd3002,10279,Rosalesburgh,PR
339795d2-ddd0-496c-ab7d-b2b947db3fc7,69952,Brianbury,PE
d36b25da-236f-479c-a2a2-aeb0d1c8944f,97180,Coryport,RS
b0bbe3c9-1ff9-4b40-af32-58162e6587aa,86148,Lake Melissastad,MG
52b5b584-1a08-4279-a0f2-c79d7a1859bd,75104,Lake Ernest,PE
49a54cb6-f7fb-404c-b402-7026321711dd,59579,Stanleyberg,BA
a58d300f-fa60-4ea2-a15b-d4c707dab620,24052,West Stephanie,BA
df4a9120-4c5f-4cc8-939d-f094b755ccd8,36857,West Andreabury,GO
5a81e2b7-aa0d-4ba2-9da4-891d7b9ea5e4,78118,South Monique,SC
4627aaec-d448-4e4d-bd48-77089eda4768,67955,Christopherside,RJ
f48c7dc5-a87a-4a1b-ab71-212d437be576,36179,Seanchester,BA
f0c3b5c2-7b8e-42d3-a0a4-fefe2e2c4a02,29211,Richardshire,RJ
7da841dd-812d-459b-8eb8-200938e6a23f,68383,Thompsonberg,MG
fdeb829e-12f1-4caf-8972-e04e4493e9bf,41550,Pettyville,MG
6c0db5c0-aca4-463c-9400-99966bcc132a,32425,Fullerbury,DF
a69520ba-b9a3-4a04-8462-4912b7d190f9,41299,Karenmouth,SC
d33c2ea7-8589-4133-97a0-baefaa8d9a3d,19486,Rodriguezborough,RS
db754b15-7ba2-49f9-93aa-de21f3030464,17160,Port Shelley,SP
3b2f6579-7a8a-4955-a09e-8ed9adfe6fb0,80796,Christyfort,PR
e358427b-6c16-4097-aa54-e815c484bc49,54614,Gonzalezland,BA
03f861b1-c53c-4f40-8724-3269e0727477,27679,North Kelly,RS
b04d83e7-11d9-47bc-9ee1-653e4fa37405,47597,Lake Zachary,DF
a18a85f6-4d88-4547-980d-83583e13cb02,68601,Stephenberg,PR
b43512d4-d095-41ad-85a0-f75f4d7d0f44,95700,Torresside,SC
74335434-9f67-462d-a777-f137fcde905d,81933,Port Amanda,PR
97edbaef-f350-49f8-9f84-fadcca9502bb,10102,Port Daleland,PE
206ac1cf-ac5e-48fb-8f46-f5036e6dc1e1,78743,Port Anthonymouth,PE
7af69700-6570-43cc-876f-e7a68132eb83,67603,Richardburgh,SP
19491105-a7a3-4483-bbf2-3741bdd3db34,99877,Howellfort,PR
7705d8bf-e3b1-49ec-b5ee-a7087863a9a0,53436,Webbchester,SC
71ab18c5-dc22-40c0-a5c1-fee6f5154d13,15223,New Tiffanytown,RS
f5b2dde3-2333-4bd2-9a0d-64ab08fd68d4,40108,Toddmouth,SP
0c7957fd-beaa-4670-a5c6-d4a22a6d47d5,13903,New Vanessaland,RJ
3b85bf42-8996-44c4-9e15-f8798a5b7d4a,47111,Port Kimberly,DF
f2559e59-2a68-4166-85ff-1b7508daeaf2,16413,Port Tracyborough,PR
5f86c31c-a884-47ec-bc8a-e43ee6ae4725,35112,Jasontown,MG
1d2271c9-20a0-457d-bce9-0edf97788666,58362,East Anthonyville,BA
214a5060-2c37-4bfc-949e-ff0af8318631,30260,Alexstad,GO
ab840c3a-a788-4653-bb23-2f9647f07593,59470,West Deanna,PR
71e0cd0d-585c-41a8-ba5e-32c97520f96c,59177,Larsonfort,RJ
ed77d86e-f734-4c86-96d6-a97443c9d009,78668,West Martinchester,PR
c95fc37c-bd75-4c1b-9cbd-e0f82085163c,24932,Brooksland,SC
5da63b18-2efe-4863-bf98-1d2fe8bc2a7b,33166,Duranmouth,PE
cd7cd644-7d7e-4048-ae6a-2d3cb6a418df,60837,Alexanderhaven,RS
3c2de835-d2d0-48ba-9794-21610efa9532,64344,West Robert,RS
727e95d3-4a2e-49ab-8d3b-8442c5908e11,88595,Richmondchester,MG
b4b25e93-fd13-465e-8588-c90dbb1d62c5,97994,Kimport,DF
5f637164-198c-4501-a104-088ec6e83f56,79336,Williamsfort,MG
c3ed3ce5-4a4e-49ea-b32d-b7241e504c46,53522,Moonville,DF
59cb7c51-aae4-4763-9110-6be7d9cf1246,11402,Madelineview,PE
9a50774c-9b30-42b6-8a81-cad13ffa426f,32114,Port Anna,SC
91e12308-e5c8-4101-b48f-d37670eecd2a,25102,Evansview,BA
cf0b27ef-b2f0-4edf-8dff-4304f5619231,82368,Nicolefurt,GO
2c74ef8e-6eee-493b-9008-b50133d8a3a6,96716,New Martinside,DF
ad9e0223-8060-4c60-994f-6703a3583113,56412,South Kelseychester,GO
270f5c5e-4e63-4d42-b57e-b4c66d12ff41,85298,Armstrongberg,RS
e1bf79a1-07b8-4c21-af58-0c6301b19541,81783,Amandafort,RS
d034a594-3256-4dc9-bd06-1c788cf4805a,55754,Port Ashley,PE
804d5c94-e119-45c8-a3de-dae6b64d2c78,13336,Port Carlyshire,RJ
e4e31748-7024-4c23-8760-b0fec6d900d9,70252,Port Jennifer,GO
f65691a7-68f5-456e-9614-cf408c0cb9f3,88044,South Carol,DF
97a0f05b-f26d-4fba-b28b-ba2b9172ac08,77883,North Karenbury,GO
b3912ee7-e9d4-4c29-8da6-bffa21477387,98365,Thompsonstad,SC
3904ff66-ebe3-4629-996f-fb1e8bd574c7,23091,East Aaronport,RJ
d7244d30-dbef-46b8-a833-41890941e518,88857,East Jesse,PE
35e572f0-7153-4b8f-af48-37ff73ac748d,29622,Shawnmouth,RJ
48c64d66-ff6b-40cb-b306-8fa05dc2c967,50289,West Matthewside,SP
38dcd45c-b26b-403b-b9e5-48050bf3b2ae,51138,Lake Devintown,GO
492ddfaa-e770-4da2-b725-8cf68ac9462f,65580,South Gregoryview,GO
2be7d88b-82d4-4289-a046-49aebcc6342c,13677,Katherinetown,RS
7ade2cb6-de97-4a35-bce2-5c8cd298e639,29237,West Gregory,PE
327327e7-be67-49a5-8219-fec5fe0fa27d,87443,Roweland,GO
be40ec62-ab39-4b43-a3d7-a3a7c18b6ef8,70703,Lake Sandrafort,MG
6565aa69-ddb4-4bc2-9d5e-df4a42c9799c,24400,Ericchester,MG
b413da7c-9102-40e8-aa35-984c676d2a8a,48554,Jasonberg,SC
3bf040d2-2f67-4d0e-af7c-3d0c3030dc8a,60362,Rojasview,GO
85cf8f3e-310d-43b8-b006-dd8c32dcb2e7,69063,Thompsonton,DF
9fe70ed5-ddb6-459f-987d-6a9a9ff0a1ec,16677,East Louis,RJ
22971b2d-702c-4a2f-baf2-0efea1c2c09b,16578,Christinetown,RS
04a24ce1-00d1-4bdf-ba83-b4291087790c,47630,Ryanshire,PE
e075ac73-977b-45ee-8cf5-0b9f0e062b3e,62749,North Megan,DF
0a9afd26-8439-468d-8b9f-6e432a69b711,10201,Bethland,RJ
dfb5836f-72af-4f08-9cc5-9041a4ff5d3e,69665,Stephanieton,GO
03e16805-8635-47de-8d70-db83b13afc11,89092,Charlesfort,DF
b4b3abfc-3fb9-4730-a0ce-bf14379d66fd,20865,Alexisside,SP
95ba6f65-af2c-45fa-8b37-1fa4d281a861,66956,Leetown,DF
3c1a991a-f1f0-43b1-aa34-71ad47517a0d,37794,Port Kim,MG
b4ea2d79-7622-4666-bef2-fa9e9180ed9e,72477,South Jennifershire,GO
f3501137-d907-4b5a-a69b-f51988c88708,44958,Charlesfort,BA
08fd5a3b-a665-435c-af8e-3eb5201582e8,77349,East Christopher,DF
607af41e-727c-4b2f-ac60-9457b6cda90a,69339,Reevesstad,PE
31ca0af8-30e4-4bef-964c-363d05abf4af,68088,Smithville,SP
a0e8caf8-d147-4801-8933-14e86cb4fe53,52381,New John,GO
c0db76e8-c2a5-4db0-bac0-05b459769a9a,70687,Debrastad,DF
98e874e5-c47b-43fc-b776-1e8687f3f666,72583,South Kathrynmouth,PR
442beedb-622f-4e2a-a556-55835d0d1e6d,29996,Tonyfort,SP
ab279d05-4f53-404d-9cb0-05f60b9c1af6,63174,West Elizabeth,BA
a1e66e1f-fb5e-4f56-a93c-58d54e896d3d,70241,Kellystad,PR
a8de66d2-ef15-49ed-87bf-997573dd26c1,12873,South Ronald,SP
1d669567-d4e8-43c9-a0bc-3a11aaa058cc,99627,West Luistown,RS
f4dbb4d1-2923-47b4-b1e1-8b5adb449052,25225,North Kevinberg,PE
1e75835e-6708-400c-884a-56cb8be5e611,38811,Bowenfort,RJ
ef858726-2a69-4f94-b0aa-cf46ac3d6a52,32645,Matthewfort,SP
a23fc078-4091-4690-ba1a-3849c47239cc,54779,Melvinhaven,BA
4c05288f-1607-4ca5-b570-c8d39d125475,79234,New Angelamouth,SC
eeba07b5-91c2-413d-9678-91d57abd8f70,71426,Connieburgh,RJ
d19260e5-bba4-4088-b14d-533c6c3e9f47,91642,West Samuelport,GO
0fa0e4bd-4c27-4f3d-a21a-0a2040c273b7,38487,Aguirrehaven,SP
6b2d9fc4-af92-4f01-83a8-0bf5491e9003,33020,North Claire,RJ
a72be20c-c54f-4dc4-9e80-7a98e85d5613,78948,Nicolemouth,DF
da383772-60aa-427e-bf9d-74365eafe1d3,82742,Lewismouth,SP
020fcf9c-6b0f-4e32-9c12-7bfb33487e8b,89264,Hayesmouth,PR
18926ef2-89f1-4952-9a4d-e44b6ec6e0ec,56288,Larrytown,BA
162daa92-8d8d-4d67-8bca-f1d00fcde84e,74990,New Brendamouth,MG
9f6a485f-9185-4075-8ab8-5d2fc3ab5eee,32715,Lake Donaldmouth,MG
f37b12a0-b3d5-4b84-a7f2-7dd1130b56c2,85203,West Teresa,BA
b322e27f-50ae-4d59-b26d-5687d40f8bfb,81611,Paulbury,SC
7a5a02eb-3e3b-4c64-b27f-61a748fff9c9,19850,Johnsonmouth,BA
00afd6df-c276-4060-84dd-86e9266152eb,45990,East Ashleymouth,DF
205a7e2c-68ef-4156-8fa6-fc14dca09834,95327,South Denisehaven,BA
93e0a896-9630-431a-b5a7-04271ecb3522,56190,New Thomaston,BA
fe98140b-0e13-4ae6-b04f-6f750a29074c,82082,Port Angelaberg,RJ
b7827532-d18b-449c-9349-ed4d18f9a033,93235,North Kenneth,GO
7a98f7e5-9040-4aa6-a59f-6c7c037a1dcb,82447,Leroytown,MG
e2f38630-016b-4511-9103-d0059ad103a5,96266,Josephchester,SC
db75f59d-097b-4f8d-bd77-4a609a142a82,66714,Port Ashley,RJ
ab2cda02-af5d-4ab5-b63d-de14231e3b86,44802,Priceville,MG
ee5177c2-1915-4c91-9f94-5473f8b22f13,58923,West Stacy,GO
620bed88-b8f0-4fa6-9352-5ca2319eb4b6,32191,Port Jessica,BA
043a0c6c-5dec-445c-af9e-a1a949846258,84158,Port Margaretland,GO
b5173429-5cd7-4873-98b6-740a518423fe,95967,Tammymouth,MG
686c77f1-affd-415e-9c2d-a4646e1d9ba9,45149,Port Joy,RS
00aa9238-426b-4752-986f-bbe27f459a58,36567,West Thomastown,SP
db0a2f4e-48f5-49d1-a488-5590104a3b4b,87263,Summersborough,SP
4bfedeee-496e-43b0-96f7-c105c3734133,28535,New Hannahfurt,PR
ce839a4d-49a9-4055-902d-9a4bd4c4c9df,73016,Pearsonshire,DF
62be1eb3-97fa-4d9d-aba9-c6e5b2891037,54011,Margaretberg,GO
d3e26de8-d092-43e9-aab3-bf912c49aa3a,17748,Patriciatown,BA
8b15c1ab-b663-4978-ae1c-6b833400facf,19686,Brandonshire,GO
55feb87f-bdbd-4977-9ac1-cb51c5f7b2d5,18392,North George,BA
12417046-3f39-4531-91b8-71b17e0ce772,13573,New Christineport,RS
9e8421e0-d5de-4fb1-9df3-162a19b76262,14077,Martinezfurt,RS
e91ccfb6-e5e0-4747-a75c-ba173aca3301,12534,Port Christopher,DF
40d420c1-cc42-421b-a9ea-ecfc264385e3,87900,New Stefanieburgh,SC
a90c61ed-1230-4561-8e9a-4aa86e350f39,34131,North Krista,MG
59e6e2b5-3087-4203-933a-78365e45b8e8,83339,East Kelliemouth,PR
8b8133ea-208b-4089-b0dd-183736bd3ef1,65882,East Christopher,RS
bc638f33-76ab-4aab-805e-fff981f6c56e,56775,North Jeffery,RJ
63733945-d3e4-4ffd-b6cf-d90c7a419f6f,54019,Brianside,SP
5a62033b-fca1-431c-a445-a545c2414755,96032,Sheltonton,BA
f75807b9-88ee-4be0-a7b1-c75ca05f7adb,38157,South Alexander,PE
65dd8e9b-53ea-4a34-8c68-6e22108e55f6,55614,Armstrongburgh,SP
a8b0adbc-7768-4cbb-9dae-cf2a43b8cb5a,90697,Anthonychester,RS
60f2ff68-e855-4ff4-94ea-660a52314f69,96581,Harrisonmouth,RS
504205fa-cd3b-466f-9c31-e622fb904257,64925,Amandamouth,RJ
15e8ef06-970b-45f0-ba34-b683fc6ff378,30951,Taylorstad,RJ
d9a0fefa-41b7-45dc-b495-e215198b7bf2,83426,Wandaland,PE
3834b7bb-4fef-4b47-8ff5-450d363c5f1e,95127,Castilloburgh,SP
15e67bb4-fddf-467d-a2eb-325edabf257a,88689,South Bruce,DF
70ad8eef-a49c-4e9a-9d55-6ccd124067d8,25706,Lake Kathrynland,PE
d7004914-9fc2-429a-9cf1-d73555f91c21,54104,Port Timothy,SP
5b8da957-df37-43a5-b49b-9b12ac3d7cda,54531,South Zoeside,RS
1fbd1261-a9e0-469c-8329-fc53dd4b7911,90582,Danielsborough,SP
51ff4ab9-78eb-4542-ae54-bfdb13786801,72368,East Robert,BA
d396b34e-041a-4cd1-9cb6-be807c78aacb,51900,Port Jennifer,DF
3260f248-e88d-4bde-9b6e-27181f523466,54519,Danielsborough,RS
eb89ac1e-aa93-4dd8-91f3-e1a96e169f05,96596,Lake Michaelton,GO
f3d8192c-f510-4188-bd44-fa54ae921ede,46080,New Dennis,RS
3eced92a-873b-4903-b402-da502b273e25,85111,Chadtown,SP
d30d8fd2-7f6b-45b7-ad68-65f4ae9759bd,20006,Gilestown,MG
dcef33b0-0cf6-4ecc-a1f0-45b29c9d9fce,98615,Josephhaven,GO
e2874227-af77-4517-82f5-2f9fcc535810,84364,Karinaville,PR
703517a7-eb70-44df-95a2-5b3825597b38,11620,Christophertown,RS
7e6e1283-5325-41d3-b574-b6ae01fdc28f,43462,New Diane,PE
519e84e9-4d2b-466e-b19b-61b7687ac490,41586,Tammychester,SC
1ccc6393-2f38-492c-96bb-c41a26fff721,33459,North Kellymouth,PE
5aabce8c-02ef-47e6-9b32-03666d9b4802,12152,Davisstad,PE
af7e3893-5746-460c-a3b4-671e8cbe82a2,59015,Bradleyfurt,SC
1386dd68-13ca-4c95-8241-56e96aaa1ae8,30204,West Teresa,RS
48ff001f-a629-4fbd-b566-c22ab96b4457,44499,Port Sandratown,PR
f3de8469-0e88-4734-b64e-8edfd17950f9,92095,South Kenneth,MG
245cf4ad-5b22-42ce-b57d-f6cb47e6fe62,71847,East Travisfurt,GO
f1cbee5d-f2d7-4e5f-adf5-56582f102110,79600,Alexiston,RS
5a7438cb-33d0-45a3-b054-89765d2702ac,14442,New Amanda,BA
663b1683-98a0-4415-b406-19a024ca3b3a,70564,Josebury,PR
e65be404-e5fc-434a-ad00-2a5aedccffb5,48785,New Kristenside,PR
00809a0a-ad06-4db4-a8ea-3fb0a73325c9,35054,South Meagan,SP
90785317-c21f-486c-be9b-74ef45a8ea59,94896,West Jasonberg,GO
be58a5b8-4abf-48bd-8a7e-b053b61894c0,45136,Port Donna,PE
f93b913c-e020-4a0b-9f00-2318526a139d,29145,Johntown,MG
f9cf515b-a239-4164-8b69-fc813bb5ffda,57013,Danielbury,BA
3064cd2b-6ea0-4087-8aa8-b1ae069200db,97372,North Justin,GO
00aecde0-8aaa-4047-a0fe-51ead4e79782,84891,North Ryan,DF
88f888e1-f7cd-4b76-847d-0544324d94ca,74943,Stevenberg,SP
54a199f5-944c-4bae-80cf-d12fd8ef5629,36096,North Jessicamouth,SC
c5d09b28-1dc0-41e4-8897-5593c2fc6314,15784,Bradyland,BA
6f594969-8aa1-42f1-86f8-aa8a3728ae0b,89507,Prestonfort,GO
a6ec509e-9c0e-4380-a07d-ff8a90bbcfda,20730,Mandyborough,SC
86d55b3d-f0c1-4009-a21c-86af571f3db5,23094,South Craigburgh,BA
24a7ef1c-67ce-4a4f-9d37-ce70d69894b5,50339,Fernandezland,BA
2fca3dbc-24b7-47c6-a759-075a818600ec,30548,West Kathleen,MG
eb06e670-2b90-44ec-af32-daf8a3aee363,70281,West Jamesland,PR
6365c0b8-6c42-4bc3-8c4f-6075679500ea,97116,Carpentershire,BA
8b2f43f8-fd95-4031-9515-84df5236292a,78294,East Kelseytown,MG
8d331de9-4cd2-4090-809d-7393541c9b97,92041,Odomton,GO
6c0a0e4f-38c3-4731-854f-257309a2748f,43951,Billybury,DF
7b8c40e7-ea66-43d6-b05d-9e9eb82b4a26,12756,North Christopher,RS
229323cc-fd3b-4fd0-9fc3-f39b8d592f8c,35205,East Kellyfort,RS
2f72d3c0-ff56-4e26-86d2-4e8b6e5bd253,57754,New Diana,PR
6eb61dea-db41-4280-99b7-9e4ce1451518,19562,West Travis,MG
af2fd173-ee29-4c35-a27b-af430b465000,95509,Clarktown,DF
6319a23a-6578-473a-8a53-f111cb08c360,49951,Lake Joseph,SP
e8886fc1-b549-4300-982b-b456392a3d97,91429,Johnsonmouth,GO
7be54114-c5b6-4573-82be-3df9101553a0,54640,North Susanport,BA
ce8ac100-6461-4f2d-8310-c73ffbb60d55,79249,South Kyliefurt,BA
08501024-7219-4973-99b5-dff227add755,69246,Padillaberg,GO
46e749cc-d768-4d87-8a37-fb108edbe145,66482,North Dianeshire,GO
36ee474c-be8c-456e-8bfc-5e45fa343d80,92986,New Karen,MG
616224cb-7c82-441c-917f-fb509c192ef2,88803,North Kathryn,BA
0c7f192d-40c1-41a4-8587-d7add1a2a25a,94448,Loganmouth,RS
af6266f7-03c4-4b42-94f4-f6a48361bd5d,13609,Port Theodoreland,PR
0acbae82-3656-45ba-b9d0-e1c76b9e4155,40815,West Jonathanborough,RS
8594bc05-0053-41e6-8001-477c75c2f80a,56273,Huffmanview,SC
cc5c642a-4612-47c4-b404-8c6d558ba3c0,59381,New Amandahaven,RJ
fa44b7fa-81c3-4e53-a77a-97e4fc34b21e,58524,Floresland,DF
80863eb6-de56-41fc-b6fb-9424c0434716,36314,Newmanborough,SC
de4d3c05-b3f2-4ead-ae96-c300abbc289b,60981,Reynoldsmouth,RJ
ee70db55-0f9f-4b58-a5c7-ffd7d3969eca,35059,North David,GO
68669560-41e3-4787-85ea-3e360bf8b4f5,46247,Reynoldsstad,RS
81570f4d-833c-4bb4-a876-7ec08c35e95a,58877,Lake Jamiestad,SP
08bc402b-57d3-4f50-baab-44ad91665e8a,92437,Lake Christopher,PR
6dbfaed9-8a35-4c94-afca-ed34b1d68344,31099,East Daniel,BA
8ad8e393-770f-4a4c-b64f-f1052421e13a,86302,Mooremouth,PE
4a85df99-aedb-4e06-8f77-8c306b3fb067,31572,Thompsontown,PE
df62e04c-361a-4247-be69-9655589a8c3d,61578,East Juanshire,SP
9918809d-c3fa-4a9a-bbe8-83a8591d6073,81808,Byrdburgh,RJ
ec07c1a3-de3b-4350-93bf-63896df19597,73954,Lake Samantha,RS
181973dd-1b11-419a-a2e4-1f2e59221256,20597,Jessicachester,PE
96f787cf-ee49-49a0-97b5-a8fa32a4b5cc,18292,West Alexanderchester,GO
012031e9-e404-4210-8c06-834bff1a1b4c,93199,Laurabury,RS
a81f1366-a026-447e-b85b-06aeb1ca9342,51401,Thomasborough,DF
38522b7e-ba2c-4443-8b20-a3ad1807d454,23062,South Rachel,RS
43b40597-7ffb-4c62-bd2f-33d854979ce6,22270,Jamesmouth,SC
043f3168-c42d-4bc0-bad4-8c37a5fcdbad,48011,Port Steve,PR
838e90da-8eba-4a96-9572-dffa139e7978,50405,North Robert,SP
f19f2035-7a35-49a1-9f8e-d1d3fe74e27a,15867,New Rogerville,RS
9df17de9-82bc-49dd-bc0a-0ad9c1d4ef83,32813,Judithland,RS
44b53f6d-e6d2-4559-9f3e-a04ec0369601,86255,West Rhondaberg,RJ
7497e83d-3258-4c45-9ca5-6e2ee817ce1a,63477,New Kathy,DF
80703708-fd2e-446f-92d6-3c9448950f72,86261,East Ericmouth,RS
adbd5323-e566-4a60-9900-99342b1273f2,12851,Simmonsland,PE
05247aaa-abbd-48d3-b2db-911b741412bb,44380,Pughfort,RS
208cc424-5c4d-42e0-bf42-f981cd2c8c59,46079,Gonzalezfurt,BA
b112572b-4eec-4efe-b021-9198269d4a17,61404,Lake Patricia,RS
16560dd5-2a38-4c99-a58c-64f45a7c11c7,53272,West Jamie,GO
08ed25e0-6014-435b-be7e-b956d407b7b6,60270,Petersmouth,SC
de7ccd66-7309-47c4-8be0-2abaef3084a9,49187,Holand,PR
f322f7e7-932f-456d-ab48-e95ec65fc47e,41774,Annastad,BA
308df00d-f018-4a5d-a362-609e86d6e837,85938,South Amandaland,DF
1ca4ba1f-0e3a-471d-b498-bee644a368e9,52463,Nicoleview,GO
570f067c-1656-48e1-a6aa-ee25ae6b544e,76387,Sheilahaven,SC
31152886-30b0-4844-bbaa-76a89ed11ee5,62613,Andersonville,PR
1e24c6ef-0673-4ed1-ab03-4cb1c4350613,72416,New Robertbury,PR
e67f6567-70e6-419e-b845-710da5367e5e,99928,Suzanneburgh,SC
506e6adc-0feb-4e9c-b27b-4f3218489a36,94329,Evansside,GO
1ea6cddc-932c-48b4-8d26-11316313d82e,46178,Kellymouth,DF
91ee7bc6-c600-4f70-8a1c-cbb416d0a174,31483,Port Jessica,DF
a75b05d3-9bc7-4e06-8022-a98f141a442d,44105,North Michaelton,RJ
41d39b37-28b7-413a-8fdb-31857d7101b5,55762,East Melissamouth,DF
94cc11dd-cea8-4585-910b-815b27a977ee,10397,Donnaberg,SC
e6aba312-4be3-4b97-9041-0f04be4fb00c,82891,East Lindseytown,RS
58342bcf-a1f8-4063-908f-ddee7768c177,19099,North Stanleyhaven,SC
66f4867c-aa81-4742-8e17-7b008b9c7376,93125,Lake Jennifer,SC
f8d53908-ddc2-4932-8712-e5a53c963c24,25733,New Janeshire,BA
62f9d68d-41a3-49ac-bbbd-c4554bcfe026,47948,Nicoleborough,SP
90730f66-8204-4ec6-89f1-d8ffcbac2a13,57461,Port Jonathan,PE
c69b8a09-dbec-437e-a71b-7bd08008f6a0,35360,Hallmouth,RS
7cdbb6c2-569a-4156-9db0-d5a7979deb04,49554,Tylerbury,MG
f97f65a6-58ec-42e2-afc1-4b69aa2b5c36,59352,Lake John,SP
22ff48d5-4fba-4aef-ab8b-94825495715d,23946,New Virginia,PR
3565a789-0929-4e78-b77f-e1fa14b39a6b,95468,South Catherinefort,GO
0acbc91d-8451-4c96-ac98-b72c114475b5,17525,Port Richard,PE
4aafa0c9-5100-42f3-9e37-ec9ca9b916f9,52206,Christopherton,PE
e3480f9c-263a-41b3-bf77-55e632ae6d0c,55554,East Rhonda,BA
cba945f4-6285-426d-beb3-0b5e09b1fd71,29668,New Ruthmouth,PR
dc9aa37e-f92e-4a4a-8a74-4d318551b7f6,24151,South Carlos,MG
a6019ac4-0cc0-4cd7-9dbc-da378b73839b,22836,Kristachester,RS
10e3fcc4-7777-44e5-8c27-54bde65b2eaf,31878,North Joseph,SC
e00d6e94-ab06-42fe-8ab8-5753e8736666,90638,Jenniferchester,RS
45e08fae-53e6-481a-9ac9-4882cf6dc594,59039,Christopherberg,BA
99242eec-114b-4e6b-860b-914efa807711,34344,Dominguezland,PE
61e9200d-f03f-4364-af04-4d960cca8094,64679,South Reginaburgh,RS
b86aed2c-e8c2-4ae5-b17a-f7829e5f6502,45321,Billystad,DF
24732725-e068-4a30-8bdb-448e97cc3002,48612,Shawville,GO
b6cf3d02-2bea-4716-8ab8-6f80c4fb3fab,74021,Annatown,SC
ba95bf5e-86a2-455a-b093-591a69c709d6,51266,Loveport,PR
9b4fdf6d-d86d-4851-9548-6bb52ba7f58c,86872,Port Gregory,DF
ac84ab6d-14d2-4a7c-a695-9478def03f66,62943,Michaelburgh,DF
64d7bf46-a9c0-49a2-a614-fcdb139ea462,94279,Laurachester,DF
ff4cbf12-e0eb-483a-b61a-e65f7f135194,95865,Lake Joshua,MG
b7152eef-f1d2-4044-ac04-f07c13dd2e3b,29941,Lake Justin,SC
c7672011-7df4-4422-bcbc-54cf1441edca,75253,Mollyfurt,MG
aac3e30f-1317-4092-983d-18ff24778064,75821,East Michael,MG
2acce4c9-1c38-454e-b3d6-ab0eb979c8bb,62365,South Lauraberg,GO
8191eb90-e43f-468a-a313-50ab6a13bfd3,62306,Cunninghamtown,DF
401b9537-43d1-42b4-a9a8-8cea7ea8bd87,94556,North David,MG
08e006a4-5310-426e-96b7-06a4c408f27b,42484,Port Heathertown,GO
74c71255-f142-46ea-a4e7-89aebd2adaa2,31179,East Brandon,SP
7398820f-19f7-4f1f-aa31-c840e2a6f164,28645,Larsonchester,GO
aeb48fcd-48d7-4dd1-b9f0-84768334564d,98896,West Williamstad,SP
963e296f-30cb-4728-a246-da4dc14014d7,98946,Ashleyborough,RJ
f36c64a4-9e95-47db-a171-cad2cd6ac603,15793,Lake Linda,SP
73128ea9-6373-4fce-a353-4512a295c0bd,26325,Lake Lauramouth,SP
50a53d6a-7831-45ae-a5d6-0e64ff3ea0f5,58960,Jeffreyborough,BA
d4714873-6a6a-4f93-982a-bba90b199071,49884,Lake Victoria,MG
289f57c0-6f5d-4ad2-8643-c155ca71565f,47430,Pamelamouth,RS
9748a4ac-f60b-4bde-80ac-2bc4b9c075f4,52504,Wheelerstad,RJ
01297bb3-86d6-40d0-a55d-161778421f85,20048,Burnsville,MG
19fe12ce-702d-46c6-9fec-d1a864bf7628,90339,Hansenhaven,SP
07908c14-50af-4ee7-8e88-dd5336dfcd28,94609,West Jasmineshire,RS
3d15e638-7974-49b0-ada3-70ad710a9381,40591,Christianbury,GO
7b1f6924-e6c7-4957-8d80-b3b82abbec6a,90285,New Ronaldmouth,DF
e25dda6a-48e0-4b7a-abe0-b83901dd60ec,80018,Hollymouth,SC
aba71dfd-cd76-4a8d-b8ab-97bc3f97dd14,38396,South Elizabeth,SP
32a6af4c-9037-424d-b26e-0c0322979e8a,63817,Danielsstad,PE
807a4f67-c663-4313-b30e-d6eb119bd58b,53468,Sarastad,PE
b1fd4762-46cc-4291-ae5d-cf00cb0725f6,35834,Jaredtown,DF
1802af53-5d03-413b-af15-1006eb79dedb,64931,Lake Amanda,DF
d06eb8f2-5354-4442-a3bd-f27adb570979,32644,West Connorville,SP
26ffa130-ec4d-465e-b367-3f3676eb6406,93059,North Anthonyborough,SP
b9e0d32b-3a54-4526-8bee-072b80f6e3bd,97263,South Nicole,GO
87f8c9b4-f1b7-480e-a8e8-cf46cefa9997,71678,Jeremymouth,GO
fcdef813-904a-4fb2-b1ee-0cd2eb07675e,14041,Erinmouth,BA
e808e440-933a-428e-ba4d-82f1c620f5ee,13386,Andretown,SP
02823713-ec15-4b3c-be3b-3bc49b9c5350,83627,Port Stacey,SP
9acf2c11-f01f-43a7-a32a-f7810d0ba5eb,93253,Kellymouth,GO
88968e6f-2a50-4678-b42c-1e88d292472b,47142,Port Daniellefort,PR
11fb55f0-209a-45e2-aa79-6d2f0f51ba72,44992,Millerton,GO
7a8bf187-75cf-460b-adfa-070942f6962c,11292,Port Caitlin,PR
47d4bc1f-f5da-4dbf-9710-8f555b6dffbb,99457,Lake Alexanderburgh,SP
201ea4f9-f6ce-4c3b-9fc8-0ed85adc469c,19439,West Robertmouth,GO
975b1436-f1dd-4469-ace3-9ce7617f40a0,69694,East Jeremy,BA
d0c1842e-662f-4d0f-b620-47b3fbf93b17,23076,South Alexander,MG
22abc7f9-433d-484f-92aa-72b118731ea0,99317,Sandramouth,RJ
b39712dc-5bac-4280-a871-b7e401890fb0,47240,Karenchester,RJ
134db28e-41e1-489f-a1d9-04c1a8938cfc,81993,West Jenniferfort,GO
ee83da27-1095-4567-a4b0-01bacd847bf5,22095,West Miguel,MG
14e28e4a-5af5-4748-8e68-7df4a7769193,59055,New David,RS
e2d85706-b0f3-4727-aaeb-c5e745cc3e8e,26636,Brettstad,RS
ccf0470d-7c59-4c8f-a69a-ce38c9106775,68518,West Ellen,PE
ad629191-eebb-43f0-bf79-9feaf59e0bd8,96787,Jessicatown,GO
c05b2211-4200-401f-b90f-8de5f5817b5c,16349,North Johnnymouth,PR
407d6780-26db-499b-b871-f3cb00c05d94,17003,Cherylland,SC
492e4761-58a5-4f0c-99ba-eaa5c0fc351b,70404,West Andrew,PR
2e394a0b-8e5b-4bd7-8a33-a2d18c2e248b,51977,West Joanburgh,BA
67794688-55be-480f-a0a2-0724152069c8,95775,Fowlermouth,RJ
2188276a-43ff-4fd0-97ed-2f07bb129e12,60449,Michaelton,SC
04d804ab-fe9f-4bdc-889f-845a6720ef2f,23183,Bartonhaven,BA
cf1038e7-8068-40eb-bb8e-745c87dd5f6d,72264,East Jaime,DF
07698477-6a07-4a2e-bd65-bcedfc7448e9,79910,North Mackenzieshire,PE
ea3bbd6a-4b61-4ff9-90e0-deaaec22ad60,39269,Lake Jacksonberg,RS
bf2436f2-e092-4d7f-ab4b-04de06a3369e,99062,Port Kyle,RS
b44589cc-5359-4aac-a1b6-fa030311aa09,68251,North Janice,PR
31944c2f-c1b4-4c0c-88e7-ac159cbee6d3,97430,West Christopherbury,RJ
9d89dd02-a3c9-4e98-81aa-33a0d3de2376,74948,Villanuevastad,SP
21b4968c-f385-45a2-98cc-ec3080580e8a,11392,New Samuelhaven,RJ
f013dd9b-f0a5-4915-92be-ed5491dfe59a,61711,Lake Mark,BA
e2528163-b7a5-4177-854c-7c7bcd61a44f,55288,South Douglas,BA
8fae2961-6d50-411a-8147-838640c90692,25004,Mckinneyton,BA
02ce3f1c-b3d3-482f-935d-344a985cfdb3,76176,Stephenstad,GO
99807608-c7bf-4c34-9a1c-637f6b0a3aee,67212,Adamsbury,DF
29574666-3cc2-420e-b77b-6f6d2138d1ab,34096,New Nathanielview,SP
1a5ce89c-7bfc-472b-b651-78b6be58bb94,21047,South Janet,SP
c979ca31-52c8-4d77-9ee9-4889aea3d7d3,38063,Lake Shannonfurt,MG
4a8a3a3c-7c7e-4e6f-b2b7-501f989e4a69,72356,Hernandezberg,RJ
90646b04-cf0f-46eb-a440-ae178f31d2b0,35248,North Tina,DF
642bd790-c875-45f3-b90b-bd97467107a8,12606,Sanderstown,BA
cb312f7c-e7de-4a92-950b-8231c41d61db,79696,Hebertfurt,SC
8b5764d6-2b60-4ec2-9002-209ff89d4041,19067,Taylormouth,PE
e3fbc846-e47e-4d3c-a561-db3a1bcb8d85,71810,West Ericbury,RJ
56f8acdb-9760-4bf0-b0ca-7f7a11f0f677,52480,Holtbury,GO
0b40cf07-189d-4a00-bfbc-dadb715a41ca,41032,North Thomasville,SP
693f71af-31bc-4614-8126-67aa50416663,72556,Ramirezchester,RS
b3f5b33d-ed42-4520-a27b-3f6a2d772d19,33787,New Juliestad,RS
072aee8d-ab18-4d20-b698-30abd16b613f,69829,North Douglastown,PE
aaae7abe-eb4b-45b7-a984-b38b59ac1699,37066,East Michelle,DF
5a343b9c-f5b8-45e3-b6a8-d9fc13f19bd0,74359,West Juliebury,PR
7b0b993b-c87d-4d5e-b670-4d6342c25783,32991,New Davidland,SP
8302800b-e2bd-4937-aac1-04d4b597fe9b,28342,Carloston,RJ
2c93a68f-123d-4c7e-a193-fd1cbfde89e8,39448,Millerhaven,PR
ae07e82c-f334-4c45-850a-95eb8d3a020b,63499,Travisside,GO
b5b15470-df42-47ce-8a73-76975ea121cb,97843,Daisyside,PE
79ce6a73-6006-4772-be68-6a9c7d2c1233,15550,Frosttown,SP
723880da-63ee-4a9c-80bd-4aec50a494e8,67883,Lake Martin,MG
1c1c661a-f5f3-4402-ad5d-4643a9dcf68d,18741,North Michael,SC
3a2ef473-423b-4f3b-bbcb-5c4263196414,19552,Kristinaview,SP
b5e57471-f541-444a-ad16-9077911cfbc3,30779,Allisonland,RS
09691bcd-f160-4fda-b4e2-e9d4acf6d6ac,39347,New Chelseachester,PE
ba4b6692-d8c5-41ec-a9bd-8ebffc05ef1e,37658,Port Sandrabury,MG
84d497cf-2b90-4e40-a9e4-3e11881a11fc,25410,Michaelland,BA
c6e8095b-d54f-4b15-9271-59c93b4fd952,83144,Diazberg,RJ
48a973c0-7b01-4f19-88bf-5cd2540af7e2,32084,Bakerchester,PR
213e12dd-8c82-4d77-8656-ec020e304916,39189,Lake Brandyburgh,MG
b5079f89-b64c-4e7d-b947-50253aaf2dbd,79702,East Nicholas,PE
09d1d6e2-5615-407b-b50a-7d57b8719531,15442,Millerburgh,RS
ddd1c617-6c72-4f6f-8268-7a5aab850ca5,93352,Tinaborough,PE
fae36258-f5a2-4136-ae66-e5dc3baa2e87,82535,West Jeffrey,BA
83e6a885-3115-46f4-a758-e596c49f0685,41090,East Linda,GO
4e3556b8-827e-455b-abed-2914ea02e64e,20569,Lake Josephborough,SC
6b519d15-2c3f-48e7-8f01-1946157f6240,92192,South Susan,BA
b3e8e7e1-5e8f-46a9-a36b-a27d3b9c6c6e,58209,New Bradleyport,MG
87836b92-34b4-4ecc-b7b1-10cb411b2676,44213,Monicaberg,RJ
943ae225-dd59-493c-abf6-bed7de103429,92813,New Vanessa,GO
ee161c6a-eefa-48e1-8b06-79f41b4024ea,69906,Davidside,SC
b8a1695b-bd72-481f-a568-0f859cfd84e1,37762,Lake Stephanie,SP
267961c9-51ba-491f-8ba1-6490e745afc7,20299,Romanburgh,RJ
a8cb81fb-dc03-46b2-9f8b-c4f7c9e983c9,38200,Jamesfort,BA
4cf4fa04-23d9-4db3-9831-9119ee7808e4,80205,North Masonbury,RS
9ad11679-8b4f-42db-afa7-451dbed9438b,10503,Greenville,RJ
c7b9b700-a043-4bf8-8de9-42133e830f40,86190,Robertfurt,SC
13001efd-8d50-4dbd-ad9a-d0342c735de6,21796,Port Jessicaborough,PE
cf207f34-4e7d-4185-b518-60d3ebbd1419,52256,West Bridget,PE
908578d0-98fc-4a40-859b-235d6ba4c8b3,23686,Johnberg,PE
7ffb1fdd-06b2-4238-afb1-df6b11fb0dcf,13073,Samanthaberg,BA
749160cf-c5de-48a8-8f09-77177c75cfcc,87716,Melissaberg,SC
e0b46986-c7b9-4893-a9fa-bfae92e9d4e8,94645,Lake Melissaside,SP
c6ad7691-650d-47b0-9e6e-7b7e467ac989,21511,Cooperview,PR
87c2949d-43e8-4ef3-a3db-592a81572d42,91151,Lake Kristen,DF
b11414ce-3427-4e9a-9ad0-05fb80540aed,55736,West Victorburgh,DF
a246ed89-5223-445d-86f7-47c8ffe7fde2,89146,Leeview,RS
207e542d-41f4-4682-9bba-6ac9ea71b472,50524,North Kylestad,SC
f7e25a1c-f275-4d3e-a317-07564f15baf6,38757,South Sarahland,GO
bb721210-f375-429e-af5f-18340b18214a,95008,Damonshire,BA
22321b47-834e-42fa-932b-a815b083d650,13278,New Benjaminside,BA
46cbc1e8-0e30-4f80-b33b-94ce0540ff66,69534,Port Matthew,MG
fa610b8c-286f-41e4-a907-829b7cfa29d8,47755,Leslietown,PE
e87389e5-41c8-44eb-8323-f33b2ee2fbc1,16613,Ferrellton,BA
c07e2341-a74e-4ca1-969d-a8871c7bff9a,61169,Lake Vanessa,RJ
a0e72359-6df7-471b-be61-6426600144fc,43280,Castillomouth,PE
5180a8ea-1745-415f-ae1e-00a205cc1a04,88616,Nelsonhaven,PR
539ba252-2d7c-4a90-932b-66dc5f415b94,89783,Powellberg,RS
a8e48ba8-66cb-48d9-aa88-ba4d7616ab17,91676,Mullinsberg,RJ
d5484da2-db87-4e56-8e48-32c4c0fb5e31,54336,Beltranchester,RJ
782deb85-ba5d-47b1-a9b5-127ca589dea7,93365,Johnsonton,PR
56400c89-0878-4b6c-8619-cf18de1900c7,90909,New Ericatown,MG
993f3d81-523a-4be7-8d84-bc48e4bbac52,53158,Michaelview,BA
ef8e32f5-4cbd-46df-a089-e4c64990db33,96732,Port Tiffany,MG
3eac488b-b133-4b53-a2d1-5749d55a5a5d,94623,Santosview,BA
a579a7d7-35ee-4d35-9331-e4b1b8de8f9b,91707,New Rhonda,SC
f37e3e14-cdf6-4968-b9c5-65de0a860dd2,20143,Danielleside,SC
4649d832-926c-499e-b207-ac59a92df2d6,82056,South Jacquelineburgh,RJ
0669fbba-ff12-4ae4-9ae1-cc76c2c18abb,12220,Hubbardbury,RJ
8a851881-74d1-43da-bf67-4fc964146506,32488,West Kathryn,SP
3ab8a23d-2b86-42cf-959a-43d83dc4caa4,31974,East Juliamouth,PR
a2859edf-2efe-4dd1-8ff4-6516d795fe26,31803,Burnshaven,DF
3c584dc3-b472-4075-8eaf-093fe0b9581b,98005,Kimberlymouth,SC
99bee44a-3d16-40aa-9ce7-e18526c90524,81558,Port Cody,PR
45109e11-cbe3-42fd-b44d-8e73800d10a6,20533,Adammouth,RJ
bc0a5ae3-a91f-42b2-95f8-4e053a97db20,33313,Alanburgh,MG
d3cc65c7-7326-4de6-84be-7e5809e6259a,95144,Robertton,RJ
30831a12-18c8-4c00-806f-803ebc05f482,24676,Matthewside,MG
4832fcfd-f5f7-427a-8972-43cb4159c64a,40346,Port Crystal,BA
bc20d8d8-de9c-418a-b02d-46e4d33c6a82,48664,North Michelle,DF
a6c0fefd-3e03-4dd2-a35a-a81c6347ce56,46607,West Adam,GO
1a2f144c-1eb7-4dac-830c-b64305d6d81a,32467,South Bill,GO
8321811d-5a4f-4996-bc39-4971017f7e35,64386,Taylorburgh,GO
3a8d62c6-b8f4-478c-8094-c2c0e8a764c1,16420,East Patricia,BA
31f01f09-398e-41ce-8190-ecd1a69a43c6,18362,Davisburgh,RJ
bafefb46-cd2c-4c06-9146-75f0216c3756,55310,Bennettton,SP
0e81e501-d83a-4544-820b-83b9ec81d0c2,63946,Port Leahhaven,RJ
5322c0fe-1ef2-426d-b067-3d82c24688fc,35640,Port Nicholasport,SC
f219331b-fc8a-4a2b-aff5-957cc84730a5,98859,Port Jeffrey,GO
6df23a0c-ac2f-4b2a-ad1a-0819400bef04,86655,West Amy,RJ
62e4fd80-72f6-4381-acd9-73769f2f337e,93557,Benjaminshire,PE
8ffc7f04-ff30-45a4-bc7b-533490a3dcd4,91131,Monicaside,PE
8353e25c-a007-4234-b88b-ea4cd762dd5d,63190,New Tinachester,SC
c138719f-6c1c-4417-9e5f-438006144907,49272,Deniseshire,BA
4db85c5c-c977-4b51-a9fa-bd640cd94141,54708,Port Richard,SP
3bfb299c-5684-402a-8f7f-85e41077f5e1,56577,Dustintown,PR
bad6109a-a8d3-484f-a466-78c780118374,22326,Danieltown,BA
5f2176af-d529-4ddb-8509-49f63e3aef45,36819,Riceland,BA
6a20d9c8-a8bd-4971-9798-90f57ba3fa60,98564,New Stevenberg,RJ
fde7342c-afd2-4fd8-b710-b8e15d169057,74176,East Ronnie,GO
7bd8307e-6d5a-4c05-bcc7-9b76ab19764b,71027,New Kenneth,RS
bd11012b-a277-43c4-8580-a7ab468d5d3c,76766,Port Amy,PE
0e1cc05c-29a0-4764-91bd-3d53771d13f6,77577,Christinamouth,GO
2b292c39-a547-4369-a54f-289f8cbc0bb2,36269,North Joshuaside,MG
e1feaf0a-a1f8-40e9-9e50-c6d3bc6ca1cb,83919,Karenview,BA
b67975a1-d6a3-4d97-a375-69e7ebdfc039,59469,North Johnfort,MG
14388865-e893-4c00-ba60-1bfb8413c456,38125,Kerristad,MG
5e4d32b1-9d9f-43b5-9dd7-e4496bf60487,88958,Caldwellport,PR
fe4a7173-f1c9-44b0-8685-027d744cb276,87321,West Samanthaberg,PR
be8ebfc0-455f-47af-95db-b4b66479c0c5,89175,Joneston,PR
40137ac1-916f-4ee5-b22e-bff012bced8d,40574,East William,DF
a98dda2f-8090-4da8-a22f-d445a92849d8,19997,North Amandaville,MG
eaea2118-1ac0-46ec-a805-8b0ad478fae1,98355,Thompsonborough,RJ
3209f179-d650-42e1-98aa-ea6033b063dc,61286,Jonesmouth,MG
dc558e7a-3e8e-49e7-8cdd-c377b0082d72,84236,Kennethstad,BA
34e21720-e77e-4088-b8fa-e95ec7de80c5,63649,North Dean,PR
1c3b03a2-39f3-45e5-b41b-11f1aa4ee141,11562,North Jillianfurt,BA
23530db0-ee78-4d4c-ab6c-94418b046565,83498,South Allenberg,PR
44568523-c9d3-4503-a7eb-9d3b559a5063,64553,Patriciaborough,DF
c9c0b680-02af-4a66-af20-e48080abbec8,80191,East Jasmine,RJ
d49b1093-5819-4629-a84d-3f1083e6e2aa,56607,North Juliebury,SC
d4c5070c-ce79-4a2f-b73b-c6d5079c21bd,96699,Port Donna,PR
eca422c5-0905-4a90-9451-f59fd72616b2,90996,Lake Emilyshire,RS
c2f0463f-6745-463e-84f3-7fcf40cb5bce,26781,East Traceyport,DF
49153ad5-76b5-4cce-b219-dc0c65c6e4b3,47106,Williamsside,PE
cbf4d025-e2bd-49c9-a1d6-3403dd8e7e86,90571,Jessicaburgh,PE
f2fc4fe3-98c2-4e05-a080-531c03f7d301,41180,Austinmouth,RS
5027c98a-0b9d-4ff6-999e-3f608fa96d73,94198,Garciaburgh,DF
937afc49-7a6e-42ce-9a14-0b12a3b1f5c8,82942,North Ashleemouth,RJ
95084b67-3c09-4f1a-88d1-dc431ef1581f,43295,New Susanbury,MG
621266a5-0460-41fa-bc3a-43552c82d6ab,62274,Lake Georgeville,PR
73808f9f-85ca-4376-bd6c-0e2f9ae2700e,96963,New Erictown,SP
72576842-e428-4234-9acd-27d16c5fc4b6,38747,Thorntonshire,BA
959128fc-60df-46b8-9333-3e7a231fcb30,97801,New Taylorville,SC
ee4dfce0-8847-447e-a5da-80608f4105f3,52144,Jadeborough,PE
4d7185a6-ae8a-4734-9c0d-2bb92f5022f4,77860,Sextonhaven,BA
51975c2b-b8b2-4959-b65c-edca63fdac06,99699,East Noah,SC
f75a03be-01a9-475e-9020-c8a6a8e806dc,37427,East Briana,DF
8f9e3172-2c68-4ba4-9137-f22d15970b6d,90578,West Katelynstad,SC
ba6ade39-94fd-41e5-9808-fe99202f8300,87611,Waltonstad,BA
04c6c801-a863-4746-ac61-61660f288fbb,21519,East Wanda,PE
61def6e1-61dd-4ec7-9f6d-3cd1906989cd,31315,East Candiceport,MG
148df7d7-907a-47f0-b9ae-a2c2c2521172,49904,Port Justin,PR
835e7841-1f51-4141-b4bc-490153b63c63,94084,Andersonchester,SC
799c831b-f9d0-45d2-b874-10d387b168a7,52697,Jamesfort,PE
c1b40d96-0ec2-4ea1-95d4-ccdf2a12935d,66518,Russellmouth,RS
fa24d8d2-35ba-4ca0-a048-8591ddb72222,69425,West Margaretborough,DF
e0066543-9b56-4223-91ca-22bff76cd742,59319,Shepardstad,SC
9cc89ce4-5e56-4ce9-ba1f-a67b78227861,45879,South Chad,MG
50a8148f-f588-4c27-a84c-c251da837e64,33236,Sabrinamouth,BA
dc530699-d396-47ec-ac62-54fae2b11e8b,31439,Frankside,SC
5cf28bf2-c9d3-4e87-bf34-7d05fa168e10,94364,North Davidside,PR
8381da55-578a-46dc-b943-110ae3288a09,61064,South Anita,DF
0aa77ce5-1806-4895-a359-cdb9810cd570,56516,Zacharymouth,PE
15cf6402-e1d6-4a39-872c-be89abea55d4,60656,Lake Ann,RS
60bbc857-ba15-4035-ad25-d9ea38fbe01c,14375,East Albertshire,SC
69259536-7098-4dda-96c5-02a5e49852f9,40535,East Christopher,BA
8fb086c3-4ba6-4a02-ae28-f3e34f90d865,90241,Port Michaelfort,PR
cecebb14-c15c-463b-86c6-e953ca188838,26759,Juliemouth,BA
09196582-4d10-4257-bbe0-63bb189470b2,52796,Jeffreymouth,SC
36f5c25b-ad20-4207-87dc-4166199dff5d,81275,South Josephville,RJ
accda732-f5bf-4abf-863d-589d7e3b78fb,40722,Port Carolyn,PE
5e804659-6465-4a7a-b524-a007c400c686,83796,Silvaland,RS
ba61465a-e1a2-4d95-a996-314c41654f2e,66891,Port Devin,PE
1f432740-421d-4962-8574-9d49d3264d30,86505,South Sheri,GO
552b9cb1-35a2-4cc0-bb24-95720d7fa6c9,58353,South Steve,MG
218b66f4-f62a-438a-bd61-9153ad60ea70,42450,New Carlos,GO
9fc2ce8b-4887-4863-8741-a251a29f4056,28715,Christophershire,SP
fcf5fe00-b114-4d75-a295-c2fa2b6e434d,65578,Port Emilyfort,DF
595d43ef-d30a-43e4-8236-10dc00f74d66,48225,Alexstad,RS
e0f821c8-95da-4186-8090-9e10d5528268,17833,Ellisville,DF
c8b83328-86ea-4cd5-9e46-4232bb88fd83,47072,Lake Brendanfurt,PR
b8ee9b20-b0d4-41d0-8a20-15c48a9722b8,22408,Matthewfort,RJ
9f16fc58-bc6d-4f87-9587-685b44b30b78,64033,Martinton,BA
90e460f1-98f0-4e64-b6cc-b7cd7213ed69,31799,Christopherport,DF
303946e7-c237-4d72-8645-dc0dda17b14f,38179,Baileyborough,MG
d97a9592-bf4c-470e-bfd0-954ef91c6335,22342,East Carolynport,PR
935786ad-843e-4b71-bff1-2de512dac9b6,95005,Port Kylemouth,RS
f1fde33b-de45-45dd-beac-a0e3bbb215de,43773,East Mandychester,PR
a7e3441c-f6e8-476f-8784-4fd6315e5ff7,90575,West Holly,MG
5e0cb5a6-1aac-4916-9176-27e3fe6d0f48,95294,Port Sherryport,BA
3bf49157-2195-4a66-8a23-28091b19f332,48930,Claymouth,BA
d009d6fa-28cb-4e03-b885-dbfa712d9cfe,94310,Port Courtneychester,RJ
a7a0f069-b1f1-4b24-815d-986738f6b992,39305,Watsonhaven,DF
fb98ab54-b0a7-4d5a-b8ff-329e2f1df593,61858,Lake Brettstad,PE
34829a57-5618-430d-8680-fa40879893ad,12912,Port Johnnyport,DF
c2a1494c-94ea-4128-baa9-8addb3dda25a,83700,New Bobby,PE
c6b27cd8-7899-4a37-aa01-3903f374ab60,92050,East Judith,BA
de78a96f-df64-4004-96b9-cd522da0a520,19877,Mooreberg,GO
5ff8447d-c0b0-415f-905a-1638793a66af,67673,Lake Damontown,GO
a4bd411b-245a-491b-8f2a-eea709817355,55033,New Carolyn,BA
d43e7116-5a93-4db8-adf7-285fdcae1c47,72096,Haletown,GO
6a20398c-4963-4b1c-8d2b-7628d9f9fa30,31401,Jennifershire,SP
0b4984cf-1e00-4f90-ac28-e34b0bf016c1,37380,New Laura,SC
fc394cab-58e5-432f-806c-e7eb7b0c4cae,55802,Rodneybury,GO
cb7c714c-b77d-483b-9fe6-21f1ccb185d8,80927,Jordanside,PE
d69190b4-9147-4c23-9ba6-c3b08d813078,36900,Lake Joshua,RJ
e1feac48-206b-4256-b15b-7827a5d8fc22,69286,South Sara,RJ
d8178b61-71fc-42fc-a41e-d649cb0c1f21,22065,Juliatown,RS
1f5d195b-018f-4d8a-903d-9111ec229093,71256,New Caleb,SC
7c32aa72-b506-4621-9c20-1b9074fcacff,58655,Timothyberg,MG
530d48d7-c0e3-4488-863f-6720cc4d6dba,54356,Lake Jeffrey,PE
d84b08e3-c8bc-4c11-b97e-26643d225098,77027,Sethshire,SP
78904ce4-aecd-4f71-bf8a-a5dab4569f45,51476,South Rachel,PE
f800fde6-e956-4de5-a7ab-804422302001,26979,West Mike,BA
ebeb464f-7d5d-4eae-8521-889c96cf8137,86999,Tiffanyhaven,SC
eb666e65-7a51-4714-ae9f-5bb66181eec4,25604,South Christina,BA
469a83c0-0e5d-4bfe-b62a-2ccc24ca6799,58127,Williamsonberg,RJ
b3f5da42-6350-4ed9-be03-3b4c9261aebd,64655,Victoriamouth,SP
2c25f631-eaab-40ea-98ed-56407406af62,67862,Shafferstad,RJ
d5cdd923-aac2-4d9a-8cfa-5eda54aaa39c,41261,South Dylanland,PR
7cd55425-fb3e-420e-89ee-cf8412ec86ef,71093,East Dustin,RS
422bcc77-9221-4a34-aff6-ce8a52b99adf,99495,Robinsonton,GO
57d874f7-e6ea-45d6-aac8-df200b8d817c,15187,Lake Benjamin,GO
9e39debe-4a51-467a-8b33-9a52682db3d5,89282,Catherinemouth,GO
6e41c7a5-4bdb-4f60-90d7-f68b813840ce,87771,Jenniferside,PE
ac16ec96-e7d9-403c-ae75-7f9d4524dc42,35754,South Kristen,PE
a1c3d8bb-5354-46b6-9a5a-c7e04497a37b,84741,East Jeffreymouth,RS
5baff006-d9a1-460e-b030-b4280fc54537,46403,North Ericville,DF
bf95f29e-731f-497c-9d88-17b0e06b7a26,11078,Adamside,SC
a3d068db-942f-4659-ae51-756f2cc1eaa7,47205,New Matthewmouth,BA
a4eaf7d5-8bf5-4569-bc9c-b22c2756bdf6,21367,Jenniferburgh,DF
8476dc72-dceb-4a2d-bd59-73fd54bd4283,47818,Port Maryville,PE
e71279b9-0d32-4443-a7a0-f56304699e34,37798,Hamptonshire,GO
832e779c-17c4-499a-8fbe-eb3d42e58a96,82514,West Jordanton,MG
9f9f885f-8b2a-43ae-b5b8-8fe0aa2d8995,34838,South Kevin,SC
e85ded43-e7d0-4b8c-bf9d-101f5f89c425,27677,Port Melindaburgh,SP
af46b0a3-73df-43be-bacb-8dbc23854829,40975,Port Cheryl,DF
a6135f1b-b036-4c68-88ee-d4e901aed582,86903,Tranburgh,RJ
db9cbda1-5b0f-4ec3-b533-f3d77adeffa5,73303,Schaefertown,PR
4cc9495d-d6a9-4cdd-993d-c791661e0044,38513,Johnville,BA
03931956-ec51-4d6c-bc7f-2b34c6e90ff0,75296,Wilsonstad,RJ
3bdb2bcc-825d-4aad-bdf2-169dbcd5b0d2,95766,Stephanieland,RJ
cbdcc4b0-c7ff-45aa-a86e-8b5f44566afd,44548,Pottshaven,MG
0b2f279f-4c47-4f18-bca1-b65cf322ae93,19797,West Josehaven,SC
a9b34606-f57e-48ba-9db5-023ebf56d163,16305,Mariaborough,PR
6ff2eb11-5fa2-40ea-a30d-b7bf3ff9292c,19154,Port Josephport,SC
5c7c455e-cef2-493a-9565-8fa47f77b26a,29673,North Arthurview,DF
08dc15f6-4869-481a-80b6-21a5fde55e4e,91253,Ortizview,RS
c4be7ef9-5d4c-4ad9-9abf-a20659de939e,94839,Larryport,GO
b8277bd2-0545-4c2a-a602-050736151be6,54272,Housebury,DF
d29a0b9c-a4e4-4f7e-a51a-9ed3377b94a6,71446,West Jason,SC
fdda01e4-39d2-4213-9dc5-70df30e6a7cd,34812,Ortegastad,DF
d2e20f5f-bdc5-410e-81a0-8f9bf0e99109,30433,Franciscostad,RJ
0ac9c7b0-f10e-46f0-83c3-d36c11f9e0fd,22407,Fletcherborough,DF
2700f63b-e692-4ea4-be54-d55117765c07,51688,Barkerton,DF
475fa19c-06ae-4cf4-8e6c-d076a52cbf45,81939,West Margarethaven,SC
6e8445cf-fa3d-4406-a557-0925f5c55e89,41114,Alexanderland,RJ
1e99cf29-c417-4458-8a0f-31c58e43e305,74841,Lake Susan,PR
c7d1b932-2680-4e0c-a1fc-37fa47c9e35b,12829,New Ashley,SP
01b2d7ff-205c-405a-9100-d1d69fae0dee,26037,Webbborough,RJ
ac9d106b-eb9b-473b-99df-4964952f2d66,34782,Markview,SP
954c56ee-355b-4d5b-bae8-86a3d73066ab,64770,East Paul,SC
ef16e99c-31df-455d-9462-182b3c056b02,72045,South Lindsay,RJ
86630b73-68d6-4fa2-8040-7e732674a6ec,39009,Buckleyfurt,MG
c70ae016-62e4-407e-991b-4e9a07302019,51995,North Timothy,RS
685add10-9214-4804-93e6-5e791da74994,62432,Port Todd,GO
f1d5c984-20e9-43b3-bd0c-308603a86fd7,96902,Gordontown,MG
18cc9da4-f85f-472e-929f-b2d851796626,24420,Joanneton,GO
98e9324b-dbb3-47a4-8d99-5c44a760c805,91882,Hamiltonville,MG
7c8b2e01-b5da-494c-b156-d11c90cbaf69,26721,Robinsonton,SC
a63a2b23-5de4-4009-80f8-e651cadaba4c,40029,Port Zacharyton,GO
cfb4d6f4-098d-40a3-89bd-a184c249e337,89398,North Brianbury,BA
9048b102-4397-4b01-87e5-3bd9725e0551,81792,West Leslieburgh,DF
9a0b148a-a40d-4455-8b74-1b1c35c22d91,39266,Grahamhaven,RS
3fb554d6-5dd5-4472-836b-69ab5476b931,10614,Adamsland,BA
92cd1205-b300-4093-856c-ee8db591852b,87131,Port Tonyhaven,MG
028fb8c8-1132-413a-9e91-e748762e8788,58885,West John,MG
cce01398-d0c5-4f39-89f4-16dbe10b88b1,31989,Ellisstad,BA
7d8dc044-81e6-4bf0-972c-ad8da9c644ea,87594,Stephaniehaven,BA
c8b95aa0-321e-4db8-a434-af43f701d53b,50354,North Sydneyside,SP
5646b131-14ce-450f-b38e-8c2fc569573d,12233,North Lindsey,PE
5d1845d6-4f72-41f6-a9b4-d6778baaaea6,83860,Lake Laurenberg,RS
26442d44-3da9-4602-8881-0c03a402fb84,92701,West Janice,DF
5042a527-ea9a-48bf-9150-d04cb3b8c2f1,80603,Port Emily,PE
ea7c2d4a-f35b-4443-b5ea-5c73a90d708a,78857,Stewarttown,BA
ab4bcfe8-6b75-483c-a6d5-a8909afec42c,49643,Jacksonshire,BA
d68e39b4-57af-419a-800d-abc9cd22ecfe,69504,New Kimberlyborough,SP
f4e86721-2f8b-40fb-a9e6-e08c5b73a61b,55766,Olsenton,RS
fad77ab3-41e1-43df-903a-b72ec2d6d7a7,99695,New Randystad,RS
be061d55-ddae-475e-bbbf-24d8eb73f3db,74528,East Pamelaberg,PR
155332b4-74d8-4f0d-99eb-ab226f92c88d,35725,Garyfort,RJ
a2f48d3f-3a6b-48c5-be5b-5ae107702e85,94185,Hernandezbury,PE
39f93c6d-5c0b-4b1e-9218-3436f18176db,17362,Laneshire,RJ
7ba42c11-352c-4fb2-b8f8-375473391982,92709,Michelleland,GO
b4d2376a-f594-45a8-bf06-2ba8b97eff3f,42321,North Drew,MG
7d8a007a-771f-41d1-8157-38a4b3e8f08c,32232,Williamston,SC
c654a84f-e4eb-4263-a46a-4526461958ab,35630,Natashafort,SC
028f237f-d5d2-4624-8e9d-98893ac627e2,46224,Lewisbury,RS
59a6d650-c72d-463d-bbd9-7a4b279490df,82440,Keithtown,DF
1b80c82b-d39e-4dd9-831d-a665a16c9014,55489,Lake Robert,RJ
703bf1cd-a2c3-4a19-94c5-52f361d93bdf,30948,Wumouth,PR
d061e870-263c-450b-af1d-f59182be4092,28885,West Michael,DF
caa9cd50-c2d5-476c-a14b-c1cac756e97e,63594,Stouthaven,GO
4e00d7f2-8816-4c4e-9d93-583d6646685c,95483,East Patrickport,SC
5574eacc-f5a6-4f70-8863-86f53c73a350,17183,Lake Daniel,PE
1f6e9293-6663-4ed6-afaa-b54fc8d02e22,62793,Lake Ellenberg,BA
b4a3dd23-aa98-48ff-bc9f-25047efee63d,60590,Port Andresborough,PE
c0c6ae02-e74e-47da-8500-7f7030d828fe,62459,Joyceview,BA
0f7b7a88-9005-4611-98f8-511abdca5b4b,11158,New Joan,PE
c6e918dc-3d9c-4277-9ce1-c05d42765cc0,16508,West Christinastad,RJ
29e37d8c-27e2-4b8e-bb4e-93e100fc2abf,96080,Port Georgeside,SC
038ce7e1-b2e1-41e7-b321-a7e6053afd8b,71259,Aprilton,SC
20cbb5f7-b319-47e5-94c0-1f94bfbf0b6d,89159,New Dale,DF
2ea95e5d-7d28-4c06-b8a1-6c1f89cfd37d,37056,Perezfort,PE
02579da6-e2ec-4926-aa55-1b633a5b5171,39462,New Amyhaven,MG
3f2078c7-7cc6-4b38-9d6c-947a9ab89313,71069,South Williamfort,PR
30fb4db2-5b8f-4bde-9963-d4ac362d0430,60662,Lake Phillip,PE
d045a466-18dd-4828-bda3-46aa5bb09ad2,97680,Dickersonmouth,PE
032312dc-791b-4694-bfd7-cdb2ce2d30e5,57389,Erinfurt,RJ
37f35d1c-427d-4e3e-b532-7909c101f71b,13544,East Rachelfort,MG
6f9c8f54-d105-4f9f-a5e2-07b79f828812,22310,North Elizabeth,SC
65eaa74e-dae7-4d12-871a-01b693eb5fe5,87098,Alanside,RJ
7afb015c-3a64-4781-9eba-32d3b0d83ac2,87403,Parkerville,RS
104648e2-5679-4dfc-bce1-83ced63283f1,76772,Andrewmouth,PR
28478e98-c4f6-4d01-883c-9236f6ba10f9,80052,Clarktown,RJ
63c48819-c347-4f9a-ab50-86fb0bdca494,41377,West Crystalbury,MG
380c49f3-0240-42ba-9e1e-291c3681fda9,72567,East Jimmy,SC
722bc81d-264e-4f82-968e-73a2cd9e0766,72710,Port Kaylaville,MG
86ec8d88-fd79-4bef-8cf1-2e421ae4e886,91298,Colleenside,GO
9ea8b000-d15d-450f-a425-7a16ff7076f6,81372,Lake Melissaberg,BA
df69662b-b4c7-424d-bbdb-6e3d9337c958,58814,East Krystal,BA
5cf7c203-a69f-4057-9ddd-8e3979364db0,99553,Stacyfurt,PE
6de9157b-0755-4a57-bd26-93f25c53ac0b,10153,Andrewberg,MG
3029bbdd-dcd8-4283-a29c-0949d4bc352c,42773,Campbellborough,PE
c65d9cdb-5062-4264-87b9-e8f5bbe4c37e,97977,North Marvinmouth,BA
ae7a07dc-5a19-4d93-8fb7-be1cc4dc0622,97930,North Shane,BA
fc202968-0aac-4b26-b527-8e48ee70028a,13234,West Bradleyshire,MG
1ee3c697-70cd-46de-bc97-88abd19fee0d,92409,Garciabury,DF
38927d16-4d93-4c33-9579-223a6836c943,34801,Adamschester,GO
dcfcbf0c-f616-4b34-addf-da33a0805ebc,11322,Michaelburgh,MG
d742c869-fafb-47f4-82d9-24d9bfe28d67,91389,Smithstad,GO
7021d81b-a558-4e65-abfa-eb45b0c3f1ad,90532,Cummingsberg,MG
45aa4a8c-0cd3-4e7b-840a-8e15e2313ce5,65950,East David,DF
b47cdc08-824b-4227-9433-dc12caee5b9c,61315,Jackieland,PR
84139ff6-2e25-4b29-8fc8-80c1dc63df36,10731,Thompsonville,MG
f86da5af-267f-4082-8907-8e311a7cd1e0,60646,Salazarmouth,MG
84093f71-3c31-4fc4-b8ab-9297fb935c9a,91594,Murphyside,SC
0955ea52-80c4-4fe4-be01-e3e383fd2b8a,70135,Lake Nicoleport,DF
caa74771-eca1-4763-ab20-5e7222db8dd9,62411,Yvetteborough,PE
0b12bb24-8afe-43bc-993b-cb62c0cdb693,46568,Lake Christinahaven,SP
25931612-7187-4dab-8948-f32e70b218b6,66915,Joneston,SC
96c82a13-f4a1-4284-9db2-bc61dab80875,93848,Port Kevin,SP
6a7cc1df-ddd3-469f-abc0-cde7ee3fda7f,52650,Michaelberg,DF
7f76c7f7-e46e-43f9-8bd3-6a4a4f319e8e,31309,Whitemouth,MG
27c69058-279c-4673-b979-bc3e27ee670b,96281,Baxterville,RS
102f25bb-6f78-47b4-96a1-b31804e77a72,34600,South Kathytown,BA
0756d5db-df8c-4a2d-a0e7-0cc036b9af54,27938,South Sharonburgh,GO
10534377-6d22-4609-b1d1-737f2080add3,79462,Emilytown,GO
1e4e1a07-04f0-4b1a-8cb5-fae8ea23b0be,76924,Dukebury,DF
e89478db-1a8c-49cb-af75-fe46d671f3fc,55276,Byrdville,BA
1fbf662f-2055-4c27-a481-84997c779609,70238,Territown,DF
0a96f450-1410-4c1d-b7db-1f56cd834428,37371,Patriciaside,BA
6f028c33-ba64-4c0a-b6ed-86d3ff8b273f,93907,Robertland,DF
4698f12a-8294-4255-942c-80d3adfcda32,99540,North Stephenbury,DF
a6ac7572-b4c4-480d-a6bc-245bc573e863,94523,Caldwellside,MG
b76ac693-968f-4bca-8483-73c98ade4fdf,67086,Dennisside,RJ
77cb6c9a-83ef-47de-8f41-6898970f7831,97656,North Christopherbury,PE
742279ac-0460-45d4-aa5c-c737ecb0638a,80429,Lake Louismouth,SP
081be6cb-cf7b-48f5-bec7-800fd0dd134c,93376,Millsbury,RS
8d392102-4815-42fa-a40e-45f899ce8980,94056,Perezberg,PR
fc0d67ff-42eb-4657-8325-ba70c92ef196,94782,Port Steven,SP
9427af21-6549-433f-9271-fc885c097ff5,88757,North Josephside,PR
d2b1040c-d28c-431f-9a6d-e3af28b0e82e,24531,South Heatherberg,RS
5ed42f33-49cb-4028-bd1e-283cc144948a,32333,North Kelly,GO
c6329170-c3f6-475f-94bd-3b591b99c3d9,24181,New Jacob,PR
6bcd5ccb-a9fb-4a42-bb1d-e0499e964f59,87256,Dianaville,MG
f9e86af0-2f87-4a89-91ff-91b70a1a6dfc,42554,Port Elizabeth,DF
a260d788-f881-4ce4-8002-c18039f417c9,53334,Melodyshire,PE
3199bbfd-a40e-47f7-b931-1ad1203a0637,16890,Robertport,DF
22117bf0-764e-47a0-8825-90e6a9f4eecf,73674,Powellfurt,GO
61423342-1ed6-4d55-baec-88dbc4475138,41041,Erikaville,GO
2d726190-5d98-44e6-abf7-97ed8889c552,83896,New Jefferyfort,RJ
e80258ea-5e6a-4a9e-abad-5451181f6a5a,17597,Garciachester,PE
04a94c7c-554a-4894-bec1-8c2953b2b22c,23302,Tiffanychester,RJ
4c469d6c-5287-424b-b915-f649dea9b00b,43610,North Peggyfort,PR
352b36b1-944d-40f7-9aa2-7730e3a78e2a,57335,Williamsstad,GO
25d7f37f-5606-449c-afaa-ac783d117a1e,41646,South Debrafort,SC
4d61c6b2-8226-4346-81ea-59043305ea9f,87120,Lake Lisamouth,GO
d2cdbe32-0c6c-4e12-b548-5bac94c01fb2,38191,East Joseph,SP
edcfaf7f-e92c-4f68-af72-23e2d03fd05d,55934,Portershire,DF
b8797bba-c470-4d17-b1e4-207e118ea003,65176,Cynthiamouth,GO
e3a94ad2-23d9-4e59-9621-4381cf491135,21996,Jeffersonbury,RS
c0373baf-873f-4cb4-b4c3-2c88dfa4ef56,97657,North Catherineburgh,BA
7b9b25cc-e6d4-415a-bf81-8a56ea94d64d,10176,New Elizabethport,RJ
99447c77-a3d1-48b1-a957-f1f1ba4f8fd9,72786,Peterhaven,RS
93beddd6-6e22-4904-91a8-3246cf35748f,46095,Flynnton,PR
89c316dc-eac3-42da-afad-572f093061dd,77505,Melissaview,SP
9ddd6a57-8bf4-4410-b6ab-357dfd824fbf,92884,Jennyhaven,DF
2cc3a7fd-90ae-4adb-973a-b59736fb08ee,96609,Steelehaven,PR
3115e2f0-21b0-4420-83fd-b6bdede2c89c,60475,North Danielmouth,SC
87eb6e3d-08e8-48d1-afca-17bc8722fbf6,71823,Port Scott,RJ
0d004f24-98e4-4cb4-bb2c-056a2ffed73b,95437,North Laurastad,DF
6c24a42c-db5b-4402-b46a-1d8d8eb267e2,15893,North Ryanport,RJ
390dcacb-d3d8-446c-8907-5f8976d73485,20404,Alexashire,RS
8a16c152-c7e5-4b95-af97-973ccdd60d02,93888,South Karentown,RS
e7d62fe9-ba48-4567-a1e2-0b07b955a025,67916,West Raymondport,PE
f2c9c59b-3006-43b5-9bc5-fd11b13befe8,68504,Smithshire,SC
e3256902-aa1f-4b71-9432-1e7c11cb3f59,79267,Hernandezshire,PE
c20cf6bb-5e5a-4c04-8b83-bafa30b37151,58964,Jamesville,BA
c7f3319a-f7f7-41f5-9f35-62f693ac6f32,94043,Port Carrieshire,MG
35192931-f037-4253-b7a7-848b1e6dce0e,11591,South Linda,PE
0e21b53f-5099-456a-9904-dabaf2c97b2d,22612,Arnoldville,MG
1d9a95df-00a1-4266-adc3-df57c111f785,84998,North Codyport,RS
26e38816-b4de-49f7-a9a5-45000429fdd0,94265,North Carmentown,RS
6b67a4ad-847f-46d6-a1dc-32a9eb043348,69227,Brianfort,SP
d9755d6b-7e43-4d0d-bf5a-dddfdeef047c,91010,Brownmouth,PE
95392960-a54e-4242-b561-14d7dbc3dd6b,68881,South Patricia,SC
f0560cd5-57b3-45fb-a141-9d2417542d69,91565,Warrenstad,GO
2210eee8-9f26-4919-b315-d1c9d6ab881a,28820,Jillianshire,PR
9c4993f5-2ad9-40f0-9b55-060401104994,52063,East Virginiahaven,PE
fc88896a-7507-456e-b9a5-c13a3e061337,75410,Cervantesfurt,GO
75052af7-8ee7-482a-8943-4c25837ad523,73511,Ortegamouth,MG
44383c89-8203-4838-a2d1-9b5936b9ccac,60500,Lake David,SC
3682a5e1-9de2-4e1b-aad1-7004b86c66e5,27017,Jeremybury,PR
ded974e9-a442-4bcc-8e19-7feec755e62d,97113,South Ashley,PR
4ce2117f-6219-4953-a0d5-c8ca335978c5,98740,East Haleyburgh,PE
608cae25-0b85-48bb-a754-bbdbc31b0eca,56702,Mollyview,PR
3342cc0d-5b64-4da0-b792-9f20bbbb3d62,52546,North Michaelville,GO
0e663ce2-90b0-45c5-ac29-659545814c64,25816,Dawnville,RJ
74d4e6f8-d234-4d29-9a7a-67409ffd866b,69854,New Jennaport,MG
85220190-b240-454b-8068-9a0343ba1224,13597,Langtown,BA
a5732c61-0229-46ad-9508-a0091cdbde62,42746,South Ronald,SP
ee539057-6978-4893-8da7-bc6ea3cbc243,53964,Kevintown,PR
72e13681-91a0-48b2-a8d7-16d97274b286,79691,Williamsshire,MG
257b3a93-eac5-43f2-91f8-b33e95686c30,94694,Jimenezborough,MG
8f096d83-dba6-44b5-a34b-7630814a5e68,38964,Larryview,RS
71aefe2d-82a2-498c-8a0b-e8e6d7e43b39,86800,Lake Cindybury,MG
669e63dc-f775-4ece-9c18-e13aebdf3b53,94233,Elizabethview,SC
dda409fb-47e2-4957-85e1-eb0546e51b78,42901,New Davidtown,RS
f091f289-bad6-4904-8834-4f0c54aee0d4,40425,East Matthewstad,BA
749d3a46-2425-4fbc-af60-5f142bb4f9b0,53031,Melanieburgh,DF
66f9ad26-0c80-4609-9282-1e33b34e450d,89866,Josephburgh,MG
68fe738f-5ebb-4f9e-90a9-92ff6df6df80,92030,North Barbara,PE
430d14dd-e372-4e52-a97d-5a8e6fc6c459,44680,New Paulaport,PR
ba054409-cf4c-40f3-b820-b89d2357703b,38659,Thomasland,BA
20c928dd-a2e4-4b1b-8589-bc786648c7b7,82340,Lake Andrewton,BA
debf256a-c7d6-4609-8614-817b9329ae58,15408,North Tylertown,DF
09605c6b-8453-46f1-8698-83424604eafd,29283,Smithbury,RJ
4d391857-e509-46b3-bbe4-de117186ab79,73754,West George,RJ
a30421d0-954e-4ec4-9dbd-6f2816fd6032,79728,East Richard,BA
2ac4d840-3d3d-4cca-a3b2-606cd0056e8a,80923,West Stephanie,GO
dc32bd98-7f98-4b05-a026-068e2f525048,93203,Terrystad,PR
981af0b7-e35d-4cca-907e-5a36c50a3c70,46768,New Cynthia,SC
b3b18967-86ae-44a0-9c21-ff831f17225f,66086,Smithmouth,DF
4da9ae94-9f35-43f8-b9b0-83b32aed483b,37151,South Sherrybury,DF
4ab9ed97-d7c6-4bd0-bc21-0dae757ba39f,81609,Lake Ellen,SC
e26f2ab2-9445-48cc-9bd6-8ee454f7401e,22338,Noblebury,PE
1d8fbf32-27e1-400b-89c5-9fd8fea42405,29981,East Carolynfurt,SP
b5b7d5cc-0c1a-4c1f-b705-6da9a5984742,80338,Adamtown,RJ
bc4dc105-1358-454a-809a-ad170225dbf2,47182,Port Jasonland,DF
f8f90bc2-aba9-45ea-9f20-1f5730205fbf,27945,New Geraldshire,SC
447f5667-c396-4cdf-af92-86e6375e3a55,35906,Gilbertborough,RJ
6e67fa5b-dcf0-4cac-8ab7-317d1d7781f3,56765,New Davidshire,GO
42a23ddf-3ec3-4009-a2a4-d51096cc1002,90304,Alexanderburgh,BA
e498827c-434f-4833-bd29-3bb4c4c08d9b,27783,Ashleyfort,RS
277fa20f-d433-4e07-8035-a45e63da2a1e,40186,Norrisfurt,BA
23fc7b01-21a7-4ef5-904c-79e95c7c483d,87590,East Glenborough,RS
c8791209-4baf-459d-b197-041dd8c3fe0c,89653,South Robertport,DF
1398af69-fbc7-47e4-ae47-bf8c28c037d0,36975,New Randall,PR
66f71354-a2b3-4d2e-9d1c-f5af53498967,25281,Averyland,SC
5b5508c2-2fa9-4d54-8f22-17cfbdfabd6c,80130,Myersbury,PR
8c080d91-7129-4d30-aaac-3f26545a0e18,87763,South Charles,SC
c8e34775-b6a1-4758-aa03-fbc34f6e0da8,65799,Marvinport,GO
180bf689-226e-414e-84e0-35af645afcf8,18204,South Jacquelinemouth,PE
b7d0d260-7142-409a-b6c0-5d4ebf436a47,53920,New Seanberg,MG
ff075d68-6141-4e4c-b83a-c7cecd9a0041,11284,Espinozafort,PE
67a30858-fec3-4dce-b52c-c76241473627,34321,East Nina,DF
932be74d-53d2-40a6-a78e-dcd9f4acde40,76459,North Lucasport,SC
a0825a15-5d15-42cb-a8db-f129bb1cda05,69150,Port Matthewtown,SP
e2ee132e-10ed-4305-be55-539c03618d87,26048,South Richard,SP
d7c389f9-d8be-4923-ae36-39f03264ef3c,45135,New Elizabethfurt,RJ
4da66a77-232b-4be1-94bc-fddf5155daa3,32648,North James,DF
52dbc5b3-4157-48a3-8ee6-1eb00cab0511,92749,Clarkview,SP
8139bc54-1f44-4e5c-932e-31d92d047f46,16355,Cindyfort,RJ
98631709-90dd-4b7a-9743-9df889a55b92,48267,Timothyville,MG
0666c6ce-8cfd-4a58-b28d-4cafb0e97ba3,14317,Bradfordmouth,DF
159c7313-19c3-4c4c-abc0-41eaa6f83d8c,70622,Wilsonborough,DF
f0928876-f33b-4e40-8f89-42c131ed3345,76117,Bradleyland,SP
3452122d-fe02-48b4-875e-47f86eca192d,25376,Lake Hectorfort,BA
97ddbcef-8002-45e8-91a6-1477fc0f343a,52098,Hudsonside,RS
cc1b04a6-e2e4-4526-82bb-f703db6dba7a,11478,Andrewhaven,MG
8f3d04fe-e584-4c0d-b8ce-8fba303ae4bf,70254,New Rebecca,PR
da4618ad-7911-4335-9b4c-b44088ff1054,60655,Ericaland,MG
a53510ce-d93e-4d5e-b1cf-c161bc0e8a69,65098,Parrishtown,PR
a517e883-8003-4f62-b243-4de81432dccb,94997,South Cassandra,RJ
7e056bb8-5b3b-45cc-a74d-96644020b69e,35739,Port Jessica,SC
874a7901-25ae-455a-ab51-d1403a09c074,76023,Jamesport,PR
77d91b15-207e-4cfe-8ad5-835915d690ed,95391,Mcculloughland,RJ
1ed54b52-2fc7-4b1a-929d-bba0db780606,37956,South Jacob,SC
0f0c21fc-9da5-4392-a98c-03007ad0cc27,20224,Melvinburgh,MG
820c4e12-52d2-4353-89df-49e0baed5b33,72196,New Sharonfort,SP
8e5c510d-d8bb-4935-8b4b-c575289a9bc2,98114,Bethborough,BA
5257b3b4-af9b-48f0-8b6b-6455b7c4a6bc,78134,New Heather,PR
6a985aad-ace9-4975-a59b-1c308e7e4d90,69834,East Jessicashire,RS
d4f06974-3600-4816-ac49-f21248fb7b4e,23343,Lake Joanna,BA
c7cfa7fa-7d2a-40a3-8396-ff551b55b4e2,45694,Smithfurt,RJ
55a89105-e09d-4644-bdd2-99cfc6bb991e,73768,Kyleberg,RJ
855e237a-0482-4c41-a36e-bd88e5d05532,84808,West Michelle,SP
316f4201-4536-4679-8e26-9216b5a33da4,76395,Christopherland,RS
60d1e39f-e65b-4bb2-b33f-a06a59ef0cc4,15281,North Tyler,DF
31cb56de-c1d8-4169-a777-361c6822d6fa,55247,Lopezmouth,RJ
47ec978e-009d-4448-bce3-a5b8386389d6,88098,Smithside,MG
b4f37626-f574-4caa-8173-711a30617dcb,86465,Mathewfort,PE
b0c52a4f-808e-497b-816e-93669feb95e7,45050,Roberttown,RS
3a0f4ede-ce88-4570-b8d2-8354b51bf004,51548,Barrettfort,GO
0eb9595f-b30f-4dd4-96c1-7054a27c33b3,78729,New Ricardo,DF
2579b14d-6ead-4014-b2b9-bee2ba4be476,12457,Stephanieburgh,SP
6cab60cf-fe27-4c4f-9baf-8927a475b8d2,72602,Wisebury,SP
eba0b5a0-c932-420d-b96f-aaa18dce33c5,15037,Port Ericaberg,SC
6c057aa6-bcbd-4ae2-b631-8e2de02ad07f,32398,Port Kimberly,RJ
203dda10-a05d-4a05-b203-89eec7c587b2,28548,South Sonya,BA
84bbc1bf-2310-4333-9f82-187432d8b97c,95149,Johnsonborough,MG
ab4f7022-819d-4e4a-b64d-f44ac1877996,53789,East Wandachester,DF
02f927ff-2ddb-4693-b09e-91dd03f7869e,94746,Mooreport,RJ
46e12761-4fed-40ca-ae5f-14fd1fbc5881,75022,Elizabethborough,RS
1f4baec9-da0d-4d2a-99b0-9ac667297a23,12759,Masseyside,BA
ee1ed567-91de-4fe0-a8c8-50cf9317fa78,23109,East Amandaport,RJ
5c727d93-6873-4c56-b9a1-c9e94325edc4,16652,South Roger,RJ
13178952-c3f7-4b77-9ccd-9ddeb23843d0,84867,South Jonathan,RJ
2064b7e1-176d-481c-ad0f-f15786cf62c4,78244,Darrylberg,SC
75a75180-5410-4db8-be5d-c5139a664dfc,96251,East Joy,SC
c4d6bc66-7ab5-4b6c-929d-a83a240daf3a,60709,Turnerview,PR
051d93a2-169b-4dca-922a-e222be5d64b3,35084,Lake Leslieport,MG
e227f0be-5fad-4dd3-aa05-e5d48d3204ec,18117,Kathrynland,BA
7eaaa5b1-74a3-41a2-875a-9ffe403b523a,80575,New Karenland,MG
afca3ef9-c39f-4668-946b-f404da800508,43571,East Sarah,MG
801c6c1a-6d89-41fe-bdb3-e86b8c94e155,24542,East Stephenborough,RJ
88dd6faf-2f46-46f7-b2fd-573a876b892f,54831,Port Louis,GO
0b7db2cd-04d0-4496-b3bd-3846840c7a2e,30154,New Natalieview,PE
7258e301-9347-43b6-b6be-6773441d4ccb,33898,West Cheryl,SP
2bbeb8b5-843a-4223-8278-17afe60814df,58047,East Dawnside,PE
5f3dae7b-cc87-4644-bfe2-eb47af293267,41039,Ericshire,MG
6d07e9dc-df77-4d0f-a7cc-2013451bbb4a,78991,Jonesstad,DF
ce60e42e-ce6c-479a-a011-e21f2dea295f,18045,Sethmouth,SC
5729f1fc-1ffe-46ad-ba88-c7a1a240474c,41291,Port Wesley,RS
b5686c53-288b-4b54-9173-ac7080287fba,26061,East Deannamouth,MG
0637d0d6-bdc0-45ba-88f7-e4592f98c972,94118,Mclaughlinmouth,BA
e22064ef-20d3-4a88-98ce-a4726234992d,76758,South Mariaberg,PE
beb753b2-59d4-4c15-83c5-d7e0291b5f13,82423,Sherrychester,DF
295efa51-77d6-4395-8d30-038a204ec892,68261,New Matthew,RS
4af83858-2dc4-4661-90c7-fe42ab78a657,73222,Sandrashire,RJ
2a8cd9bd-d166-4543-923c-c6e253965f8b,84725,New Vanessa,RJ
413df316-f75d-4ab8-ac88-249512b02c79,77601,Hernandezport,MG
4cb08555-69be-4c2c-8ed2-48fafb7481ab,26866,North Dawn,RJ
9900166a-e133-4989-b6bf-5236306314d1,65267,West Alexisburgh,PE
1529620f-b4d7-4e81-8bab-586ed29c8d48,86082,Ianberg,BA
4f0eec60-3302-48dc-919b-0d282aaa1c6e,33452,Torreschester,SC
321aaec5-2100-4caa-9f83-c401f4f4c673,75736,Lake Johnshire,BA
f0216fdd-9475-4155-bd83-e4110b0435a4,73670,Rachelland,SC
c4d5a888-7246-4cbd-812b-ef910242a0fb,85635,North Kaitlinside,MG
88779055-8846-4631-9e38-e1f7fb411ce3,16386,Melissaside,RS
dd96d848-4909-454d-8423-4c240d6d9624,37579,Port Henry,PR
ce13bb28-aa1e-4d13-9f9e-6ad4eee1bcb1,56546,New Ernest,RJ
4b06bd79-8a42-4eda-aec8-65e3c4da0b7c,84681,Ryanside,RS
efdc8fde-b26c-41aa-a0d6-215490d68ca2,42184,Stephensontown,GO
62c6a384-36c8-4f12-a36f-59ebcb6fb850,11056,Port Destiny,PE
1aacf91f-8297-41bc-a318-cd047c91caf9,50300,East Henryborough,PE
b4f31952-ec9e-4710-9c85-5f983c3c8f3a,19796,South Kelseyshire,PE
b03b9730-9ca5-4440-9db4-53a52ee352eb,45356,Chavezhaven,PR
a1d40ba5-445b-435b-bc93-3cb384a3979a,58922,North Charles,SP
c512f16c-d7d1-41b0-8a96-ed10ca607403,10755,Larryview,PR
b5438771-fee2-47fe-829b-6f33c4dfdd13,39941,Danielmouth,RS
42493661-bef1-4f93-bdb9-92f862128067,86168,North Patrick,GO
76b63eba-9eea-47c9-ad0e-e07ec4a3d997,36476,South Kennethchester,PE
a26868c4-ea9a-4b75-b11a-44e8c381f5e3,57124,Danielview,GO
add6e0db-1d5a-4ee4-851d-fda5eb7ee744,48010,Lake Markland,RS
0d7247e8-d369-4e59-89e5-ea637a8d366b,36481,Derekfurt,BA
dffc2234-9b55-47d8-89e8-716181baca33,38518,Ortizville,PR
f849bb53-235b-4a0d-b08f-9788517c7e34,17042,West Johnberg,SP
1a51170b-f1b4-42fc-9431-2a19ce9cae6f,31719,South Corey,RS
4c5cd2b0-44d0-421a-a277-f916db17c842,44155,Lake Linda,DF
b4b0058a-7c49-4928-96f4-73269cf730a1,78171,West Erik,BA
81ecc349-626c-4b03-aa1e-55caeaec2bdf,54488,Angelafurt,RJ
ac61ecde-96b5-4b2a-b9c5-51537907f197,78327,North Sheila,RS
d4dbefa2-5600-493b-8913-64ba955d8510,38032,Port Jessicashire,DF
467db644-9a66-47a8-94f6-4365821df705,24037,New Joseph,PE
bfbcfd20-0fde-4d2a-ba1b-9b6c2f9a75f7,42710,New Emilyhaven,RJ
2a7655bc-d28b-4795-a9ca-2554a53624e5,37422,Wallstown,GO
6686f401-d63d-4dfd-b397-0c4b5cb53df3,11850,New Justinton,SP
abd47160-1ee4-4949-982d-5c8a1765994e,64583,Amandamouth,SC
084873bb-6bac-4f33-b612-2e94ce462a2d,37997,West Trevor,SC
03dfd176-6624-44f2-9bfd-7e5bf382d070,79241,North Rogerstad,MG
58c23d92-c0ec-4593-9bda-38a2d04ac477,73220,Batesborough,BA
6c3b26db-a69d-4447-bb57-d900868a90bb,47672,Port Michaelfort,PE
4e8e6fb1-7e71-49cd-807c-08ae06b5571f,43430,East Emily,BA
9b75a2b6-cfb9-48a3-9098-1355cba54080,63714,North Phillip,SC
b0d7954e-1791-44ca-8440-386d90275db3,54867,Sanchezhaven,GO
bbd09d2e-57d6-49e3-83c5-cc41c648f263,92310,Ingramfort,MG
79ed66ea-2f73-4ff9-98cb-6606a1b322f9,10719,East Anna,DF
53356656-ccc4-4623-a33f-30da52d97437,23374,Jordanmouth,RJ
acd8d7f1-5a48-4460-aa75-1245a80cae12,69889,Marshallton,SP
58eaa843-7cb3-47e4-b7ec-1df8a0b59e6a,69267,Herreraberg,PE
813a172d-0396-49ce-b9c5-49f978b32eb6,66771,Thompsonfurt,RJ
765383b8-3f5e-481c-b7c7-58c0073d6290,68893,West Garyfurt,SP
62c36b2a-a0a2-4583-87de-fdba3b3cc4fa,48246,Garciamouth,PR
b1a19425-492b-4e9d-ada4-e902f55877a4,80028,Gordontown,RS
b6e93cb4-59b7-461a-9669-cb783f4b1354,38552,Aprilchester,SP
ac4aff2c-337e-4673-9e58-7037c8a83393,82838,Craigside,SP
59501d85-261d-4d81-b2dd-72e3051e3937,11116,East Michaelbury,BA
792a207c-25a5-4835-a84d-5a70da5520ee,74009,North Nicholas,GO
0f5cd43e-1a33-438a-8b9e-a6b7f8daab1e,97090,East Alex,PR
9d275cf7-c072-43ea-a2d5-136948413013,86380,Port Amyberg,GO
24c37b22-3686-4bb0-97f2-dde62661c61d,58768,Ericton,BA
41bc007a-877f-4614-83b4-74c81a73b146,55122,Jacobtown,BA
f5709b44-1acc-45a9-97ab-82cc70195fd3,70557,Greenborough,BA
bc27eb79-a678-48c0-acdc-6ab13878c7b7,14172,North Eric,RJ
09165b37-999c-4824-a437-f3e8ac4b180f,95499,Port Marktown,GO
85075ee9-7a4b-462f-9edc-9c43d28c3192,53604,East Danielfurt,GO
32340855-9b6d-4997-b8d0-15baa0535599,49841,New Elizabethview,PE
6ef87761-8e95-4072-85c1-2d785345be37,46559,Port Nicole,MG
a28ba141-e1bb-4bb2-97e0-488b35b6398a,68788,Catherinemouth,PR
470bfc58-626a-4812-bcaf-875fdd270d88,37526,Reginaldberg,RJ
504f28d0-0755-4e9f-9a09-0725cab8dcaa,18457,Timothyburgh,PR
37f93e72-a6cd-43cc-8e8d-6481a2ca9805,61615,South Jeremiahshire,RJ
a240f259-39e3-4b58-937d-946b1b13a133,86723,East Davidport,GO
b22502fb-8ce2-4532-9b83-f28141adf89e,16927,North Kevinberg,RS
d4863fbd-a2be-44fd-a45d-f8cc034cfdce,75467,Ramirezstad,MG
85212bdc-a4ef-4fd3-8a09-22fb89e99e49,40167,Jenniferchester,GO
e5f6aae9-36b3-4c6b-b4a4-5c177ded05c6,51958,Port Danielberg,SC
5368ce27-8794-4f93-9951-3fd12f3b649a,93438,Joycemouth,BA
310a6c5b-2ac6-4625-9a06-3d5e650bf780,82469,Lake Kevin,PE
a087ae48-d75b-4c9c-adb0-61f8a8857e6f,40160,North Robinbury,RJ
ce2cc77f-5624-4fb6-9b51-be90a0a1b19e,68708,Harrisbury,PR
63eb6d0f-e636-4d3a-86eb-b8d96ed6e5b2,62571,New Jasonmouth,BA
50241844-6baf-4e33-bd31-c04f09fd1c62,96531,South Cynthiahaven,RS
1620759b-2599-4cad-a1ff-49f29230f42a,73915,Port Chadmouth,SP
516de56e-159d-4ff5-8edf-c6e9ff28c1e8,60944,Fernandoside,RS
63e175f0-a9cf-4792-8002-f7326027a9fa,79157,Lake Brian,RJ
5db8c880-7974-4f39-aaaa-00221c82ca36,30240,South Juliebury,BA
a43cf3ad-b989-4294-9af5-98a304453055,76823,New Dustin,RJ
c08aaaa0-5cc4-4c3f-874f-4cfba6c69287,84117,Christyport,DF
3bb20abe-bc0d-43fc-8682-8521464cc66b,95170,Port Davidtown,PE
0e2baf84-19ae-478a-9438-742127481e87,87617,Harrisville,PE
e929e624-8719-4da0-8d3d-001cbb089630,94065,Davidland,SP
8524e24b-f85e-47a3-9317-e16808ac3fda,37179,Darrenbury,PR
3ed15d33-9a46-43bd-9f13-b00b51891143,27600,Stevenhaven,MG
a35a9c3b-0df6-4e71-80d1-ddcbfee1f7af,75491,Port Danielletown,RJ
2125452c-da55-4dad-b96f-88357a62e845,66174,Amandabury,SP
eaa5c0f9-3373-4743-a5aa-d6e9c180e804,20849,Wilsonton,MG
1ddf5e04-caad-4041-90f5-205d85c3852d,82119,Alexandriastad,SP
8667d4a9-edee-4284-b7c9-4a6a5375d2fd,11475,New Nichole,MG
59e6beeb-d51f-4a40-b504-ea11199da4cd,50440,Jamiemouth,DF
fe5068e2-872e-4d09-85c8-f867e0a86ada,37901,East Lisaburgh,SC
2cc0e4ad-79cc-49f0-be91-39f3c13b88c5,32974,Ericbury,GO
f6108fd1-2ec1-47d9-a87a-5bf426f84b4d,31776,Nicholeberg,GO
738fa6a6-cea1-42af-a7dd-bb6f025f04d2,73696,Wyattburgh,PR
7c477fbb-e092-4cfe-a9eb-8012bd2fdf55,32618,East Deborah,MG
7cf348d4-319a-4d6c-94c3-ac8f6d9e5ce5,67207,Port Rebeccaport,SC
ced8c0a2-8a71-4735-8d93-07a7713f5382,32586,Lake Christopherview,MG
c4debad0-d9a1-4487-88bb-43e2cdcdbbd0,41054,Adrianview,PR
2de33596-9639-4586-b8ac-9be28cd1fa85,37923,West Christina,RJ
c99b80cc-d194-4cbb-9002-3356c293d731,58044,Douglasmouth,SP
08f03919-2c9b-4dd5-b13f-8f69c61e4138,65493,Rayville,SC
375f6041-e0d7-416d-b24c-7a14122adc01,40680,North Annefurt,BA
6806a2ee-fd2b-48d9-be48-73a4ad8641cf,20973,Lake Sharonfort,PR
e78a7560-516a-4a9e-b50e-ac1ee35654da,68544,Jonathonchester,GO
49323503-89fb-4d57-b83c-6a1c3f54b816,60365,North Heidi,RJ
9e9a3cc5-b797-4476-aa9b-391e08ea9e63,68542,Lake Kayla,PR
f2290f41-2380-4a53-bd22-24cc7a2a193c,62723,Port Gregory,PE
879bfd54-9e73-4e78-b5e8-2e8eaff0e738,31762,North Amy,RJ
162402ca-7ea1-4f9a-86d8-e4dda8777088,79347,Nicoletown,DF
0241c002-8585-4308-9601-be9882ea7c6e,18714,New Elizabethborough,DF
aeaf54d8-4f7a-4a2e-82e6-d4b196a9a40a,61778,West Joeton,GO
d19e148d-e267-4010-b7f1-5e959e735b9f,72046,Gambleview,SC
c7e9050d-2662-44dd-becd-5a278cbf7626,96052,West Shelly,SP
23df49f0-af47-461a-a70a-a5281dc0a56e,52679,Port Nathanielchester,DF
498a0ce0-1214-41dc-a550-da433b29b9f5,47122,New Williamfurt,PE
2f841d52-284a-47f9-abdb-d45825963edc,65264,Lake Natalie,MG
50bb01db-4e1a-4f24-a19f-2eb9ba97167d,38401,South Amanda,SC
e8d829ff-232b-47e9-b23b-547659983dbc,77958,East Benjaminhaven,MG
c9b77c2e-ef3a-4227-a217-df226a608a8f,41093,West Juliatown,PR
b52ef2e9-6b8c-452e-9558-e0ab0bf7c49c,83599,South Davidshire,RJ
99f544a6-41a0-416a-a2c2-06b153d0e0ab,27342,Kevinburgh,PE
9e3d2cda-a244-468a-b1d0-06caba9d74fc,97125,Lucasville,RJ
9547e397-44f2-4dea-8a61-047c0b6cd694,95655,Arnoldberg,RS
3e1cf968-ec4d-4e32-914e-cab7ca0b5eff,68617,Goodwinborough,GO
03aec43c-989e-47a7-adb3-dc44e2e31036,41929,South Mary,SP
d3b88c32-9308-43fb-ae9c-75935ad0232c,30171,Brianfurt,SP
66172eaa-3900-481b-b212-bdb135baf1e7,11700,North Yolanda,SP
185e540a-6fd0-46db-8c63-a572b47417b3,45498,Port Sarahfort,RS
6712a344-5640-49a8-9e85-4dd339ecc80c,41619,Flynnberg,SP
cd469ecf-f219-4a8e-9aa1-18f7aa669ddc,33145,New Shaunchester,DF
3f1a38de-0729-4297-9972-7bd9d3501a53,63518,West Laura,SC
d12ac16f-1eba-411e-ace5-5eb8e7922038,68983,North Kendraborough,BA
57af071b-43a4-4421-85ff-56cfa1fc6559,28608,Rosarioville,MG
975e777d-dfcb-4217-9136-375a16522772,51994,Michaelborough,MG
7deeb492-b707-4ace-ae92-52cd2bd5f333,80821,Graveschester,SP
90fdf288-9703-4e98-a389-1d57b3fccb01,62470,Jonesville,GO
692c354c-05ac-4937-a9d7-ba2a43c92dca,98171,East Ericachester,BA
a69006f1-df5e-4d82-b5b0-cecd925ea475,96800,South Michaelside,RS
e996444c-18c8-45c7-91a5-216fab132dd6,23314,Port Sarah,SC
bcdfbb15-f898-4de0-82de-043889053afa,23952,Robertside,RS
867c1411-ffb1-444f-a053-a594484e82a7,77032,Michaelhaven,BA
6afde6c1-0f09-40dc-9c02-9652710e88dc,61765,Osborneton,SC
b8a84307-67b1-4f46-bc85-09291da11ece,28990,Marshallside,PR
d675d7c4-4964-44c3-9a1a-e229a3dc3bde,52998,New Jasmine,RJ
3bfa61a0-8747-4118-a841-727228e72ae9,26836,Jillmouth,PE
f9754894-e55c-4068-9b3e-b674d061eebf,43471,Rachelberg,SC
2f755b16-b7c3-45c7-86d8-a4c6e6b041ae,26130,North Mary,RJ
57a03147-e9ab-4f29-8c9e-014d2e7aa6ac,65050,Ortizside,GO
c66aa317-6900-4548-a1c4-5e509ee7072b,91524,Lisafurt,SP
f524d627-3412-48fa-8d0f-c3f04604f429,63008,Port Amy,MG
642ec532-4445-490c-8695-dfac734c9e25,89317,West John,RS
379afddf-dd2d-4349-91d5-0f1300b223f4,67646,Carterview,GO
63ee3fc3-acd6-4077-8d27-852ebba40eae,67556,Hendersonland,SP
68392f74-0fbd-4165-916c-b5ad354747f6,91720,Maureenberg,BA
f21a5248-ecda-4cbc-ac8d-06954414f2fc,89858,Bradshawstad,RJ
c4d37565-b88b-4e1a-ab53-cdd250b9b338,21627,Medinatown,DF
70b16136-3801-41fc-9d81-543d8b0b47cd,61455,Erikstad,PR
508e9d23-94e5-45c0-ab60-128e37c260f7,63257,New Kimberly,PR
cffb9cd5-5a81-4962-ad70-bd95662ad6b4,20930,Rogershaven,SC
f003efa1-594d-4b2f-a677-575e5afc6358,37065,Robinsonstad,RJ
5ce018e8-02db-4eee-880a-fd43b85d4862,74270,Meadowsmouth,GO
88cab34b-3c1d-4eb6-b943-1aa26ddf2231,62763,South Davidville,DF
9c380228-54ff-4b0a-bd7a-ea70fafefa2a,58085,North Brandi,SP
232b36ca-c5f7-475e-840c-5bd6f586f2ee,14088,Williamsshire,SC
02aba52d-36aa-490c-8735-2e42c4a3f50f,10453,Kaylashire,RS
10b6d901-6da8-4430-923b-391fdcbdf587,27397,Lake Kennethview,PR
06b0acda-df96-4d87-89a4-59d7558a0d31,82982,Emilymouth,PE
7144375a-c4b6-4f5c-9cfb-8a376bcec625,95510,Port Krystal,PR
0ede7cb3-3768-4dd6-a9c6-1ed1c99f44d9,28813,Carterside,PE
b3bc2a95-1c5e-4afe-b786-45b49001af65,39865,East Debbie,RS
6b5bed87-b5cb-432f-8991-6a2e828e44c4,50209,Port Jonathan,DF
f6f5d2b8-b083-4dce-b19f-e0f842e08ee2,53615,West Jennifer,SC
a0c32e0c-e990-4e37-9284-39ae5cc181c2,58671,North Amandaborough,PE
c05f3007-8669-4c29-9471-97ff0c98c732,15854,New Stephanie,DF
c4ae4ff2-8138-4fdd-92ad-2ed6054f1ce7,54362,Lake Yolandaland,RS
ff177d5f-4c94-40b5-bcc5-1c0ccf861e82,35670,Rileyhaven,GO
cd9c4553-2433-4efe-a4be-9b2e71dca76c,32830,Benjaminside,RS
634aa36a-f784-4d59-b41e-0fcf1672dc8c,25056,East Brianna,MG
d5b5bf2a-1d48-4104-b58d-84ac682b5302,53606,Lake Susan,SP
424067a5-28a2-4e8a-b075-6c13de11db05,15437,Port Pattyfurt,BA
c3c276aa-2993-442c-b61d-7a88850ca89b,75412,Samuelfort,SP
a3fdbd88-0888-446c-a5b9-f1fce295b99e,29641,Ruizberg,RS
be4f1891-4a79-4492-88c7-e8f8793914e4,66930,West Charlesburgh,GO
ce7fbda6-07c2-4e55-9eeb-e7d02aa9ebd6,85919,Joychester,SC
8fabb7d5-99dd-41b7-8a9d-d42d1beeed19,44950,Melaniechester,SP
c4eac70d-edf2-4c35-800c-76467fc72598,85996,Caldwellmouth,SC
053ec64d-f442-4896-ac47-3fcd6ecb17c7,59706,South Brandonport,SP
19334d00-0037-49f6-b845-b3bc69d32412,35608,Vargaschester,BA
eab923b5-962c-4f6e-a586-60b944fd44a6,58774,North Justin,PR
b1afded0-4465-491c-8e4b-c3bc5b78e35e,81359,Lake Amyshire,RJ
0c7a1229-c65c-4609-a77a-652c579e9247,28792,New Kyle,RS
4a1da03a-815a-46d2-9e3b-830aabe17480,83669,Jacksonfurt,GO
4a024af1-f635-4332-982b-be00f9ee5b9d,41133,North Jimmy,RS
b9fb1d9d-c8ca-40b8-b405-5e1d98df3722,21259,Lake Christinefort,BA
06a73911-e5af-499d-a816-ada9392ba8ce,26713,Cookhaven,DF
923755b2-2fca-43ee-b40b-f293b10b3985,11978,Mirandaborough,SP
c50ab0d0-640d-4b19-88b9-a5bd2a14fdce,22372,Julieborough,MG
7ebfc36a-adfe-48e7-b061-b1d7f63c4ed7,46096,Mendozaberg,PR
86fcf4a9-2678-48ad-990d-460182d123c9,37013,Ingrammouth,RJ
031d6964-6243-48db-a654-81dd24a0bb9c,64902,Brianfurt,SP
7b9772a9-46df-4fa0-80e5-36111cfbd129,90470,Matthewside,RS
ecff34e9-52b5-4925-b1c4-55a7c5c2f7cb,69663,Priceville,GO
91c6eb8e-fefb-48df-bb33-1c7004472b80,91283,West Brandon,BA
db204c27-24b0-4e35-9104-01d811be21ee,85967,New Angelicaton,SC
e29fa9f4-d481-4772-8a73-0cdc88fd667d,71625,Gonzalezfurt,DF
a02f6b21-a716-4b17-ade4-c80aef064047,95888,East Joe,RJ
dfa91a71-d506-46ef-866a-36650e08abbc,83488,Johnsonstad,PE
d483e252-7d7a-4b64-918d-5212acd90324,33256,Johnsonhaven,RJ
d7823933-2899-485a-9eb8-33e8fee18ecd,25277,Johnsontown,GO
18ffb056-2441-4010-b010-6720a828ed2e,16243,Antonioville,MG
b0d9745e-68fb-4a34-9339-49a53173acd1,90466,South Loriland,BA
fe236718-dd33-4e56-9578-43ca9b6bd6df,12668,New Emily,RJ
1a655a2c-7d62-482c-9626-c31727df77ff,72762,North Aliciafort,PE
f8f05088-d3ba-4a5b-9c16-ecd2a56bf403,76829,New Nicholasshire,PE
24849e76-c696-41dd-bd0a-061c3341bbb6,53408,Cervantesstad,SP
5a0cc02f-44b0-4c4a-b834-518bc3178a7f,80802,Kaylahaven,BA
df6ad17d-dcc6-4a31-bd95-fd3c791a9196,17470,New John,MG
1093b359-2e25-4c9f-a465-2af7d81c1a57,16138,Victorshire,RS
e6a8c14c-47f0-4da1-b6cb-3bda5be8ef52,27140,South Michael,PR
e590386c-7ff3-442a-b1d9-b48f7484f736,42933,Lake Matthew,PR
e7b6da5a-1adf-48f9-b4e1-84fb9ee10409,16537,South Mariachester,SC
63645a6f-d704-400c-a86d-15c9b7ba5b54,18158,Deanmouth,BA
8d1f0cf7-43d8-4110-9608-fbfb3a347603,71249,Port Erictown,SC
5e890c95-371b-408e-b8b4-03bd4c27ad35,62967,Aprilville,SC
8384edf8-0eda-49b8-b1c5-44033888064d,72695,Keithstad,DF
730e36fd-aeba-4a97-b837-622456313966,38643,New Madeline,PR
4591fe89-ef30-4f85-ac2b-a63c0b058fb6,96263,Justinburgh,RS
eb9edbba-948c-4081-8b0d-0305cb813b92,93168,Millsborough,RJ
eb0738a9-97f4-4d9e-b147-a69ada6d5d45,94800,Lake Dawn,RS
d6e95376-cd08-4cfe-9604-0bf7605d39d7,50971,Donaldshire,MG
8698b82b-45c4-44bb-92d1-80ceeb7cd25a,13538,Port Jesseview,PE
8ca7f808-9d44-4f0c-a56d-287860500570,28590,Melissaport,RJ
3a68a96a-fb80-4a0d-bd98-b00db7222bb1,70450,North Rachelville,MG
bbfee7f4-d9c0-4595-b9b0-fa653cab67a4,46663,East Danielshire,RJ
37095336-d6d5-43cc-a6a5-a516b423d954,82740,Kaylaville,MG
73a88e81-06a0-4d46-b28e-0403c44cf2dc,97368,Ryanton,DF
49defb56-f521-48b3-99f5-aa6f15b7f97d,19759,Lake Melissa,DF
ac7a3dd4-57b2-4148-9fe3-9b4a01487f7d,36385,Meganhaven,SC
0f7236ef-d01f-4071-b4bf-b7f2ecab402e,74004,Wheelerland,BA
e829cff4-4dc1-49b8-9754-3d06f08f7ccd,84830,Lake Lynnhaven,RJ
cddd63f2-62c4-40f7-aaa2-1a8b8adc49e2,62268,Port Natasha,GO
7ca3853a-a13a-4383-93e1-12a4d65cc4e3,52350,East Kathyview,SC
ff97d4fe-9f11-4d92-8294-67e3c19cbc6a,98271,Gregoryfurt,RS
b9ce2e4c-5980-4452-bbfb-57c44da278cd,75999,Marystad,DF
aafc53ba-0f23-4b55-8737-590952857ec0,48257,Hudsonport,PR
999f13d6-b203-401b-9478-f1b8ea307cfc,40618,Port Toddhaven,DF
15568b39-9e45-4658-9728-a32e151709e8,86820,South Davidberg,PR
dc768195-2005-4bb8-bd75-e68b8ef004ec,56732,Port Adam,RJ
e350ee50-cfbf-4871-b2b7-e11439e6fa88,85776,New Richard,RJ
9cb5cbb7-f37e-48cc-898b-00d70dd97630,72494,Lake Paul,MG
d69b052a-5930-4d7a-9fc0-3edeb85aa03e,68772,New Laura,PR
dcb00104-4176-4b11-8292-70574eb83d1d,75715,Gilbertville,PE
08b039f6-65f9-4182-b345-fb10c4227438,35675,Floreschester,SP
8742f210-8fae-4e4a-8b8c-e84e55d28648,66923,New Mollyshire,RS
890597b6-562a-4af1-adca-38ee14378266,28070,North Ericburgh,SC
cb52b5ff-c37e-4155-97e5-6d2553c13299,96835,East Henry,MG
efa35433-00e1-4800-ace2-1cca572a1591,64846,Bowenport,RJ
d8e2ec54-a248-42dc-8332-16779825d7eb,50143,Richardtown,RS
c2b0d8b3-77a8-42c2-80d4-2ab46fbf41a2,53751,Christopherview,SC
97c3de19-25e9-4044-ad4a-a7189996dc7e,88966,Lake Melissamouth,BA
6ca1f04f-e4ff-44fe-b250-a11026c1cfa9,89980,Orozcoside,GO
5a71d608-c608-45a0-8b13-95d650150ad0,26825,Walshburgh,SP
3e64258c-6c5b-4119-a49a-1e6d02c6b700,75593,Garciaburgh,PR
ec5dbb0f-19a2-492a-851b-9253faa365ad,29614,Port Bryan,PR
5aa469ff-4856-434f-9076-a4be51814064,78950,Port Shane,MG
edf381c1-00ee-4821-8aec-5cfaa50969c1,10173,East Stephanieville,SP
0f1fe8c2-fb66-4bc9-8eed-270a2b4cc6ba,61600,Coryland,BA
5323fb40-b279-494a-847a-251069c1a6ef,71058,Kimborough,DF
48cdedfd-e72d-43a9-832e-437afd33a612,94574,Lake Scott,GO
ab15948a-e84b-47e4-9d13-3e15d9718e37,95926,East Lindafurt,GO
5f26f733-c9cf-4306-9023-d118ead3cd28,16133,South Patricia,RS
8bea302c-602a-48c4-a449-8f5fa2b32a6c,22135,Brownmouth,RJ
21a0e6d5-cef4-42ab-a45f-12a046913d84,97137,New Randyville,DF
f9517fcf-3cb1-4566-beb9-c5ff642e6b2e,86381,Mcdonaldland,RJ
d5bb17b6-2c8a-4bbe-879d-7f0cf6b78450,57308,Karenfort,MG
dc0192f8-9ef5-480a-b9a2-39da57edf164,22698,East Timothy,RJ
5ce1ad64-0189-418e-a77b-0209c3bd4a1f,84868,New Alex,SP
3a6d23c6-80bf-4372-a83c-dac5f4e9716f,63643,Danielchester,SP
49bee19f-b006-4c54-9605-feee85649cf9,15912,Port Michelle,RS
4b3acc7c-1448-4815-9cfe-1c0992bb79ec,58576,New Angelica,MG
78d46896-5283-483c-bc5b-2fd79bddb8f3,75075,New Donaldmouth,RS
fee9b81d-f847-4a66-9af5-26260403be21,29477,South Megan,BA
66db755f-d24b-49b2-91e1-bfe55f14837f,47333,Sherryville,SC
9812718d-4f33-406f-9e1c-01d0a1658393,49892,East Debrachester,RJ
b8ef6f07-c785-4dfc-afa2-f456ae866697,31605,North Isabelfurt,PE
c09e0764-dce4-4357-b5e0-461f30482c36,70820,Harrisville,PE
240a9869-66e0-40f8-8306-c6dacb0e4b37,13843,New Maryfort,PR
50f5664a-ee33-449a-be8a-0079ef0cb870,37463,West Ronald,RJ
3efa2134-405b-4b06-8621-4ef8963ee374,74791,Wallacebury,SP
a19518c1-632f-4eee-9a63-3c8ec4413f79,57393,North Jamesbury,RJ
5f98edc5-248b-4d9d-9a2d-4a60527bb463,31602,Hardingland,RS
99a6373a-d0bd-4909-814d-c2cfe54c5a76,11055,East Derek,DF
554091b1-696d-4e73-a9de-3afeb698f8e9,58051,Ianfort,MG
b60595a7-b989-45a9-b0ae-ecf3873d8c4d,55696,Lake Stacyfort,RJ
45d03fa4-853b-40d0-8764-ec8e7e78402f,13898,New Ashley,SC
953500f9-f86a-4cf1-a895-6b7923ae5cf8,25770,Campbellbury,RJ
24962dff-436e-4e62-b9ec-44eb50707f46,86205,West Courtney,SP
29f71e5a-3ddc-4c4d-8825-9e400c473f1b,79464,New Josephfurt,DF
626af543-18f4-43f9-a935-471c85aba432,58186,Stacyport,SP
de65f854-1289-4ad5-afcf-de684a481e43,92275,Shahstad,MG
afe6a50b-84ec-432b-a034-ff52cc89e6a9,96844,New Cherylshire,PE
b8ad8193-fee1-48d0-a67d-f51478641a40,39737,East Larryborough,BA
b9cc38c7-eeca-43ef-9c92-9f2ddba709be,96914,Lake Earl,BA
ce77a004-a1ef-4d80-a4ef-07da59af893a,39884,Sierrastad,DF
ca7b09f2-8055-4bd2-9028-dd7e4e9fd121,66533,Rodriguezmouth,SP
3f220675-902e-4bf1-9af4-c715d5ec3c5b,56148,New Brianshire,BA
b12012c5-bf0c-4105-aac4-c2a551ebd98b,60580,South Cheryl,BA
a8acf032-6a65-4b00-a6d6-7802c769ccc7,82596,Patriciaburgh,MG
c872dbbf-ed5c-47aa-a7f7-c79075674210,96799,South Stacey,SC
13c4ba71-99e0-4b9f-94d8-d14674a6f793,78619,New Staceyfurt,RS
500e0563-f8ac-4b0c-9c1b-91e2afb50a1b,34665,Port Daryl,MG
931a04a1-a1e8-4be5-85e3-021f84057dd7,47218,West Christopher,PR
db97b4b4-b5c3-451f-b551-0e20b8bf7754,72853,Ortizbury,PR
23500660-9fd9-49e4-bc28-be47681d045e,15379,Port Karaberg,DF
4b2ffefc-f97a-4e2e-b47a-a831ac1d83d1,25522,South Logan,MG
c2b544cc-5a29-4f05-b619-7110ab1db7e7,88039,North Jermaineside,SP
24ed0201-ac12-464c-ae12-5996f6e5b613,88621,South Hannah,PE
86608d0e-9178-4bc5-97cd-0caa860d02fe,59411,Smithtown,PE
63495c2d-7824-458e-926f-97aa46c078fc,49668,Lake Katherineport,PE
f08479be-5ce4-4765-8f68-0a045634ffa5,51757,Morrowmouth,RS
8548694b-93c9-47e9-a6b1-6074af7d8384,44218,Hunterstad,PR
041a796c-19db-4bff-a453-fe2ad45aaa74,80387,South Robin,DF
bafb6c75-b15b-4899-9d50-7fb6035126ca,73093,Lake Charlesfort,BA
7f74e0d4-b478-4617-8393-168c6abd6593,96526,Lake Wendyborough,GO
5e08322e-78df-4f3d-9063-158319291014,94242,East Katiemouth,DF
73687a0b-1f57-47a6-9c98-03f086627343,52631,North Amanda,SP
d7cd99c2-7c14-4ea2-84be-ebfe331e747a,30002,North Christinahaven,RJ
4287e598-72e0-4fc9-92c8-31f93baced3d,70186,Port Briannaside,PR
10e84f10-b491-44a5-a809-296c2c58ca1c,33909,Jonesshire,BA
38a14a9e-2a94-4559-aaa6-e1a658b82961,23765,New Marcton,MG
37aeda67-662f-4675-abe4-86f316f87f91,23691,East Wendyton,BA
eee23323-1643-47cc-9973-9e4163eaa2cf,53918,West Alexisburgh,RS
ed3a6936-a3da-4b14-8487-dca67ada8d0d,95857,Rodriguezberg,GO
88f15fa4-bb45-4018-8ad0-e24d3f5be82c,56600,Port William,RS
59e98893-98c4-4f8f-aac9-d20db3269c6d,57687,Whitefurt,GO
a92b47e4-829b-458c-8a18-354bf8f1919d,97759,East Katrina,SP
b074cb0d-1f98-4bb0-b6b4-62c7c9260671,52756,Lake Jamesborough,BA
68e508cd-945f-44cf-8b9e-54dc29c9f27a,99378,Hernandezshire,SC
3d7d365b-a299-4149-bccd-9c0b430cf57c,59619,Bentonhaven,DF
62c76b43-68c5-48cd-a011-43b629fbbc1f,35493,East Lindsey,GO
7e602293-20ad-4d34-b6dd-55f42d8d33b8,84043,Jenniferville,DF
a225669e-1677-427a-98dc-b9ce223a101b,66559,South Anthonyberg,SC
6a2ce5cc-b1f1-483e-8634-86a0237eccd6,12204,North Devinmouth,PE
81d19802-aa9f-4a23-ad82-3f5454275c84,38046,East Stephanie,GO
8782fddb-c3f7-4ac7-8199-9e0b8bef7dcc,63305,North Bradleyburgh,SC
e489c9d2-eef9-40a9-90dd-bf2c18626db6,40889,Jonburgh,BA
099d11a6-d775-4022-a87c-fa7568afff8d,28069,Mollymouth,PR
285a2240-669b-479b-a2bf-8e52933e462f,97836,South Chadbury,MG
8d6a1bdf-a729-48e1-9c47-25e13725d699,49582,Cherylburgh,SP
ffa6b560-11c2-44e9-8cd8-aedb87c1edf7,72234,Youngfurt,SC
9a14a217-aee0-43c2-ba2c-ddf286ab06ed,97675,Troyport,PE
fe53b5ab-0899-4ce0-9661-6508a668a20c,64600,Tapiaview,RS
9d7a21a8-fdfb-4bca-8628-86ec5c8dc176,35575,Hectorfort,SP
3432cdf8-a9c5-44c0-ab15-b9b00f97c652,15973,Barnettview,PR
f7711997-776b-43bf-94b4-fa4e13f32814,79273,Karenborough,SP
86d0e3ae-7109-48c3-b025-2928c13d313a,69990,New Timothyville,DF
052b6e15-4ca2-4e8a-8196-11904122838e,37153,North Shane,GO
f0e9a96b-cff9-4a2e-8eb4-cf79f22677f4,40418,South Rebeccabury,SC
acd846e1-0991-47e3-b10c-f0db70c699ad,68514,New Andrewburgh,PE
6816e2bc-2ab8-4de4-a331-9a14003cf68a,67254,Parksside,RS
93f7ba38-2a5b-402f-95d3-5526f05cb5d6,34119,Solisport,MG
26188c70-2ebc-49d6-a6ad-f2cc0db6df60,87229,Port John,RJ
5ac14bc8-d60f-4b7a-b2eb-de5e42bb7270,60710,North Cameron,RS
8a2c7a6c-e595-40d1-a4e2-6c2a85998b43,28682,Ellisland,RS
1542708b-a61c-447e-af3c-3e6807c353e4,99051,Buchananstad,PR
9f09c937-d2b5-4e7a-9846-366c987b69a8,56425,New Diane,GO
6ea1e31c-45ba-4bda-86e2-d1934f0601c4,90235,West Gabrielaville,SP
1a78e54c-2ab1-4384-8444-b972e482818e,11253,Port Chadside,RS
3e3b1950-481f-417a-916b-dc3636aaad4b,40118,North Sharonberg,PE
3f4b46f1-4457-4c57-a73e-56f3411ace50,77258,North Andrew,BA
d6406c9b-e6f0-4c2a-a42e-fb2512f50996,71761,Wareport,SC
aa0e844b-5ab7-4d85-84f6-23378e0bf8ee,31104,West Garrettmouth,MG
e47265d7-0b46-496a-92d0-23bb86685529,47912,New Davidmouth,MG
ef6cd93b-7186-44ec-8675-f2de34598f73,80551,Kimside,RS
e6ed003c-b27f-45fa-8e38-7a32a9b75549,96983,Christinaborough,PE
4ff7f104-3489-4959-88a5-848cc28d53ae,92606,North Jessica,SC
83d34a3b-6a8a-4326-8848-fce9125a8169,64301,Kellytown,SC
822ba22f-e19f-4ca5-8462-41a584664ee1,35890,Port Ashleybury,PE
50723555-7823-4dba-8e7e-8f651579b91c,51147,Patriciastad,SP
baaa6c61-b0e8-4eaa-acf3-341e5d3c2565,74895,New Amber,SC
6043a0bb-0998-4fa3-bde6-30f7f12faa9a,69168,Julieview,PE
6b9ff347-16d7-4dcf-a491-29bb17fa8a31,32624,South Kennethberg,PE
0107758c-c92c-4f65-9960-6906f9f55cf9,44002,Port Brandonstad,MG
9962d0a8-e830-469a-a98d-e4dc2adeec4c,10935,Anthonyberg,PE
3f4e2e39-3d8c-436e-8fe7-3130a5a1d186,83675,Gregoryton,RS
73155688-e8b5-4361-b412-6e5b37d3e968,18974,South Aaronborough,DF
1fdb2a6b-b171-4025-a62e-ac126e3dc374,10117,South Alicia,GO
0b7852de-8157-4209-8d2d-08920c02675b,82582,New Timothy,PR
6e641de5-95ca-4211-a2ba-69c443c59799,58890,Andrewburgh,MG
b0ff24eb-29b8-491a-918c-227a7de05df2,87588,Jacquelineside,DF
d1ce61b9-1a5a-4974-9a03-bf357a5ae0b9,22940,Zoefurt,SP
500b94e2-55d2-4f21-83cf-aeba493cfea0,83905,Nancystad,RJ
1d56b073-9bf1-42cb-9f77-44cad484d065,27176,West Deanna,SP
d890e7e7-efb9-471b-847f-d352e204487b,75540,Murrayton,RS
c93d9b4e-d180-40cd-bdb5-090ef4d16668,96855,Adamport,PE
b20d0f41-d2b3-4f9e-a6c4-c0735d01a4d1,48802,New Anthonymouth,RS
dd09ff6a-2f87-4458-87ec-5ea421078e6b,25822,Rayborough,SP
41c76fa2-3f40-4e1b-a01c-fcf7d8bf150b,31020,Vernonshire,GO
908b49f0-a600-46da-b817-1c002cc7e6eb,23418,Gillespiechester,DF
ab6fee26-601e-4a9f-8945-5b8a77176af5,71793,South Jeremy,SP
a2e348b7-4233-4071-8936-d68e86ba90f8,48592,East Julia,SC
3bdd3f06-b2e9-4619-bcaf-bad533e4c947,75245,Mitchellfurt,PE
a34c5f94-7181-42a6-a57c-cfa579cf0a53,60106,Maryburgh,RS
22ced922-2936-42c8-bb5b-a6b5b216b8cd,95150,South Bruce,MG
ab0fcff9-8bf3-40e8-b0b3-e25ea8ede313,41436,Jennifertown,SC
8b46a1c2-0c76-4955-856a-6eb8ac27ade3,70609,Leviborough,MG
4406f896-b7cd-4b75-aaaa-4761fb7be624,95765,Amandatown,SC
b0edc935-3944-49d7-abe8-16263d99e8a6,20158,East Kendramouth,SP
fb5e3955-8a75-41cf-8ced-09ca8a442ce8,96805,West Matthewstad,SP
91e38ff3-e053-4702-b631-2ae1386a0023,61861,Stephenfort,MG
69039ddc-47fd-4630-a42e-2cc7f045dbaa,65495,Adamstown,PE
1debe7ab-2120-4756-aa14-eca51cfe847b,84755,Pettyfort,MG
92e7e247-ed68-4f24-b147-20cc48a05070,34228,Johnsonfurt,RJ
1872d107-61e1-4311-9bd5-8ff05fe32190,86225,Valentineton,GO
e5e3e529-cbde-4669-a890-6129c6f4c869,81878,Lake Bruce,SC
147034d5-93a3-4c8b-bd12-13dc5b43a4ed,16035,Walkerfurt,RJ
3ee6c91b-e92d-4e81-a65d-487d879d79b4,61206,Thomasland,SC
5dce09af-a8c2-41bf-912f-846356b6f2f6,74369,New James,BA
88618c04-dda2-479d-b4f5-ceca81a76d22,49182,Hendrixland,PE
fb403ff7-8654-4da8-91bb-f8ffe0448376,29948,Craigfort,RJ
533fe65a-adbe-4cea-9bfd-162f1186fcab,76987,Antonioville,SC
7a60da13-293c-4f8a-a395-759110dfcbb9,68472,Frederickfort,PR
73a9d560-222d-42bc-bc05-8e17628b538e,53849,Leeville,SC
4863e6d0-ebb2-459c-b893-837ae5891f87,97346,South Rodney,MG
f0ffad62-b5ca-458e-affa-ca2ee267cd62,61684,Lake Beverlystad,MG
4dfe53a7-ecc2-4309-af7a-fe91107c0c9b,15193,West Allison,BA
a58b4060-ae8b-4b35-8b3d-92773993f7d0,64157,Simpsonhaven,DF
5cde8702-5d48-42b2-b1a3-4550a5330904,14225,Port Mariahborough,SC
1561b4f0-4c5e-4288-b417-d66f3a36fc9c,63122,Moniqueville,MG
4212c616-5131-49c3-bbd3-85a3b2a2d2cf,21737,Heatherhaven,GO
e48b64c0-ee92-4961-80e9-b8b0d65ebc28,53695,New Jonathan,PE
277debaa-c366-42eb-8752-5aaa5282ff0c,55281,Katherineshire,SC
dfbef433-f1a8-46bd-adf3-0bb8f6f76b33,78629,Marybury,RS
d459b977-d565-4931-bed7-7f96a2894bf5,26786,Blairfort,PE
5b6181f2-bdef-4d6f-8ab6-ee4c5003c8ca,55108,Fullerfurt,MG
c0f1cc14-b029-4e9a-abdb-3b4e5ac6c250,68649,Benjaminland,BA
de9416a4-a52f-4d58-970e-041da8e97871,52452,Kimport,PR
d4bb0975-45e1-4689-a046-2a2f6a677cd3,11031,Dudleyside,PR
768a0f0a-c840-4584-8a70-04760c668b08,46964,Lake Johnburgh,MG
b7dd755e-2ab6-44e4-8465-9526cfac8717,16893,Youngburgh,MG
db130271-1d17-4962-8ecd-846b7a9bfa46,97991,Smithfort,SP
f2f399da-c446-4ed3-ab10-e83748c3a9c3,85273,West Michaelmouth,PE
aefffe5d-347f-426e-acc7-8eddffeae621,76163,Fordborough,BA
c9c92994-b0ec-455d-8d20-a07399122db9,88153,North Austin,PE
4568fc0f-2460-4b94-9edc-dc63abb417c5,63385,Port Lindseytown,SP
69cf408e-1908-4425-937b-0ca6104cd5f2,10618,Vanessamouth,MG
e5f59f80-4451-4c11-bc28-43e16f7f763a,70085,Chaseville,PE
518e36a2-ca5e-4e7d-b4c0-e8880aa04f53,36186,Karenberg,SC
ed406855-0e34-4c14-93cb-01fa431f7bc3,63106,Lake Kelseyview,PE
a80e3961-b0a0-4bd4-83e0-e4a3353bcf7c,71301,Jonesmouth,RS
8855a2c9-c3d9-4714-a64e-f560bd3d0320,37957,North Allison,PE
536fc667-0405-4293-96ca-8de3f5e2c6b5,36471,Lopezmouth,RJ
38e61696-0c2d-436d-b08a-3c0cb28b3961,78998,Williamschester,DF
b3ce997b-1c23-4cf3-b79a-e20baec4928a,21760,Tuckerborough,MG
44cdeec1-806c-4d64-8e33-31a52c801538,45305,New Andrea,SC
b003f135-02a2-4bdc-a81b-7fa785bb602f,92735,Kylefurt,RJ
209c8f1d-cedd-49fa-91eb-06a35ba5a414,46311,Peterland,RS
3ae0216d-01ab-4bb9-bcd4-1135c75a3b90,67484,Mccartytown,SC
3faea023-6606-4e2a-b594-fbe1385ce7ad,47090,Hermanmouth,SC
a80fabc1-1a64-491b-b72d-c079bfa14622,36873,Angelafurt,MG
f211b93c-f570-487b-8d7f-8ff9d6e75129,98025,South Dylantown,RJ
bb441283-beae-4646-b41a-346f25c9d7d4,99209,North Markfort,SC
cc77a560-776a-4586-81ab-acc11e3f0967,55838,West John,DF
923fc9e2-077e-4104-9464-9a5a16abe033,70087,Elizabethview,SP
3dd958d2-6f06-42de-8eed-d703412f27a8,67076,New Michaelton,PR
a45a1f1d-4239-4d05-b7d6-e9947422b488,70408,Port Tonichester,RS
fa2042d8-126c-4fa0-91fb-dd72943a1558,96780,East Aaron,RS
f96f6d62-1ac0-4d96-80f3-c6b5360ec83c,95966,West Sara,RJ
f3b0c5d8-c503-41b0-93ad-034b3a26e15a,50760,North Daniellestad,SC
d9b2e1ef-fce7-46d4-b9ea-018d5af5de8f,23436,East Adamborough,PR
4fc7b9fc-2702-4500-b767-97c196199fd4,71344,Penachester,RJ
7dfcd55e-6f26-40a1-ba2e-ea5bdefbdf78,42390,Schmitthaven,SP
1c1166e0-7140-4484-85a7-62e7f2c73da0,12435,Jamesside,SP
51c5968c-0c16-4325-93c7-5b36443a7d41,62366,New Anthony,BA
8b10c7d2-4980-464a-9804-b4c421ac3d9b,10796,Lake Markton,DF
dc1bb9c5-d65e-4c84-8b52-b24621a94fbb,71666,East Alison,BA
0041efeb-0775-45ff-bce4-be49accd074e,33374,South Sharonton,MG
70a59061-797f-4d36-87d9-50f7feb6642b,67374,Fullermouth,BA
505578ee-8672-41fb-98f7-d516ecc88ffe,81045,Reidtown,DF
a25890dc-99ae-456c-a08c-c2991a442cb3,56171,Conwayland,BA
46350c92-20c1-4267-99aa-0456afd19fee,32316,Chadhaven,SC
7ed3f367-63e8-4bc6-bb85-4ae4cb5411a7,64761,Jamesmouth,GO
bb9f0671-86b1-4e65-afa1-a2c279245767,34826,South Sharonview,BA
6ef8ceba-c0fb-4aa9-a7cf-f49c5509e79f,38895,Adammouth,RJ
723980f8-74f0-401c-9cad-7302c4e6b036,91425,Boothbury,DF
49022db9-b3c3-47ca-ae0b-18e350a7fb04,73209,Harrisborough,PE
84830d8c-87d3-48e9-93f1-db0cbb4bc300,34444,New Ashley,RS
b4bc16d7-d11c-4928-9eb1-cc0e0c70bf91,61083,New Barbaramouth,MG
1e96de56-8c74-4454-b853-5d573f5d26e3,74351,Santostown,DF
d814f149-dd7f-4b06-b738-b83d2110a9f5,82310,Warnershire,RJ
c3717386-32a7-47fc-90d7-ac4bffe48e45,88503,Mcbridestad,SP
30d9cecb-e31f-40ba-9542-dd51d89b9861,81323,Cordovafurt,PR
f4379342-8d60-4db1-823d-8cfd354cb697,63404,Hudsonhaven,SP
a1b47138-65d3-4c0f-9784-351ebc9acc6c,90127,Aprilmouth,SC
0a2b69eb-720e-4d5a-9679-8a115a934c4f,16645,West Alicia,PR
309be53e-7005-4bd0-a207-cb6bf31ec374,49334,Port Nicolas,RJ
06b6390e-4c20-40ad-bc3a-3341c3d6c562,55372,East Christopher,RJ
dbdccf40-1846-406f-855a-e80bcda5bf0d,45967,West Elizabethside,SC
4ed5faa1-3386-47e4-bc61-ef32b0ac0147,43786,Williambury,MG
06b51d42-7978-4a07-8236-93f7d68baf54,84989,New Dustinburgh,BA
27f9bdc8-1cee-4e00-82f9-584543df45ba,56501,Wilsonchester,MG
334d9328-cdb7-4f09-8eec-cc3597538204,90041,Lake Jennatown,RJ
d9d787a9-1029-4757-b658-5d87b7a2806c,32633,East Ryanport,GO
139b25fc-e017-4f53-bd8b-f839fff29d29,68132,Nicolefort,RJ
7f0b664c-1a98-4965-8605-f077335f7417,86969,Joshuaton,SC
ae28de92-3d86-4c29-b9c6-88ad79a414d7,94189,Staceymouth,PE
31c9d51f-08c7-42d3-bb96-b1a43e45237f,50230,South Alexander,PE
3e16ff6b-dd1c-4a0d-94ee-b43af752456f,70330,Alexanderborough,DF
949d9fff-9327-488e-ae7d-6f5713b7be8f,43364,Alyssaside,SP
9b18e4c0-d0ed-44a7-98e1-7d46f0aa7db7,33142,Elizabethberg,BA
599420ce-992e-4126-98a2-56e867aac976,75789,East Chad,MG
616cb430-3a46-41a7-bef0-b0c321a61dd9,54021,Dawnborough,PE
9b39cccd-0259-4fcc-9d21-ea6d3d7d3744,56787,Paulatown,BA
5dac3ae3-a6d4-4067-b2a0-234454be649c,71551,Port Johnnychester,MG
315b9fee-59fb-4a80-b722-5d1809546e19,81612,Kington,SP
ed8d4609-3aac-4436-842a-2584e987ccc0,88059,Shawbury,RJ
47973a33-af7f-443f-97df-cb69e587a533,44563,East Joan,SC
7fe690f9-e1df-47fd-809d-a5358a420245,29820,Nelsonbury,RS
91c8d6c8-fc3a-41e0-b498-1abe33eed5e0,47728,Valeriehaven,RS
2f40970a-3985-48e6-b5bf-dce907912e0f,59344,Riosshire,BA
406a38eb-13fd-42f6-97c1-02de349be176,28646,Morrowshire,GO
6aaf4e20-0fdd-4b20-a6a4-b5545c5bf6d0,26316,Debbiehaven,GO
bea86a2b-dc05-4050-b753-98059b4fba67,40010,North Denise,PR
79d393fb-0750-48ed-9d81-bd86f13c54fb,14995,Lake Ronaldfurt,PR
77cb4de3-4310-485b-aae5-28280efd2000,79736,Potterstad,PR
9a4ad5bc-7348-4cfe-8ffa-152f0b3282bb,42353,New Aimee,RS
d138efe3-aa4f-441c-b5d2-33d2db0471a1,78311,Davidchester,RJ
7f2414df-895a-4f3f-8d5c-0f4a574b5b06,21586,Port Rachel,SP
30d2f557-113f-40cb-995b-bc238e17a512,33585,Jonathanview,BA
16e54a2d-feaf-473f-b8a7-3eb283fdc210,51772,New Alicia,PE
c07c0060-0ed0-4c4a-8f15-3b5e12fc12a6,30091,New Heidi,GO
f9d6b3d2-42e8-4dd9-a207-171f8f5f6b00,55991,Bryantfurt,DF
61cfaabb-0d09-4926-8eb8-977f1f20f4e7,34447,Port Craigport,MG
61688d7d-d1dd-439e-82cd-b339d1ff6d58,50698,Wallsbury,SP
8816875c-a904-46ed-8f2d-78b2b5afe3de,10045,Port Michael,SC
3957fb5f-42f8-4de0-961a-f0a9594c0a69,77774,Lake Jocelynhaven,SP
8eef8186-5eb3-4b73-82ee-e957af1b6a72,79329,North Teresa,BA
6e87a891-1b78-4711-aa5c-b87d1c8fb090,85477,Matthewville,RJ
0400f2da-d8e1-414d-9aa2-d7ca996a2070,58791,West Jeromehaven,PR
839217ce-a1a2-4786-bbc6-5af38aafa457,59368,East Karen,PE
84827761-55a7-4818-8536-0c9cbe038682,99164,West Heatherville,DF
5070dec5-56b8-4dbe-8306-8d0e43f6c5f2,76076,Myersland,RS
54192b70-6a48-46e5-8fd2-effb09902789,84644,Susanchester,RJ
ed25c939-fbb0-4f09-b572-7d26b0d6ef20,86766,South Jessestad,SP
10cd2cc2-e11c-48c8-af21-0dd6f634ae1a,15293,Port Sara,RS
e849183d-f4c1-40e0-b68d-d650ca1eb3c1,29967,New Donald,MG
64be126d-cc1b-4e2f-9b0f-30a2d521fc68,24325,New Alexisfurt,PR
c3e0bd1d-c973-4c3f-b746-9ba7bc1d9554,85228,Teresaport,RJ
78bd745f-7d0c-4ae4-b692-aa02bd342307,87183,South Jeffrey,DF
2aed115f-f627-4be7-8d34-0bd7c0ab443e,84587,South Kimberly,RJ
4c1fd464-af10-4651-822a-aee73c915163,52559,North Paul,PR
e1750c7b-1aca-49fb-981e-fb8e87c64f56,78608,Adamland,BA
c2001d85-b0b2-4c69-a8ff-c33b12295046,37540,East Louiston,DF
569fcee7-12a3-4722-8c7f-75d6bda7b817,19259,West Sheilafurt,DF
30b3d6d8-b67f-4641-89af-7a712857ae43,54281,Orrborough,PR
373b9a13-ff68-4cb9-bb92-3de48db51b6a,64586,West Marie,RJ
ee686188-9a05-4ba9-8fcc-a2940575e886,81801,Port Caleb,GO
06abf123-65a4-4cae-84f0-e596deec3d76,94373,Johnsonhaven,BA
2409fea2-83a2-4570-a024-228e681eb274,72573,Adrianville,MG
cabe3cee-45b3-4971-b696-5eb3c8905b8d,31451,South Jose,SC
850b773e-f8e0-413f-91e4-f26cc6b3f807,13172,Brightland,BA
e6483698-495c-4e90-9911-6ca329c559bf,69954,West Christineville,SC
381e7440-1c6b-4640-bd29-3ec11efe3a0f,93600,Josephberg,MG
55f983f0-fd51-4077-b734-976c70ca4554,17430,Burnsbury,DF
e7837d97-e441-4abf-81c5-fd5b9cbe3f16,60227,Alexandershire,SP
8a430959-34a6-42f4-96c1-33fca4e3424f,60955,Smithview,PR
ece32e4f-a693-4825-b7f5-8a0f82d0cd65,32761,Billyborough,DF
5ee23724-396a-4990-956e-8570f0903ff4,72774,Boltonbury,DF
7d9b7100-74da-4fa2-b310-c104a9f4060c,57460,Annamouth,PR
b95c8347-f2ec-49f5-b02c-03ecb867bbb7,40105,Porterfurt,RS
ff40a7c2-d86c-44b2-93fe-5ae27ce35c12,48854,Port Casey,PR
34076349-e6dc-47e2-8bc0-82ff711576d9,47100,Andrewmouth,PE
82a76edf-2136-4ef6-b0c5-4900c964d6a2,33215,Port Matthewport,SP
f353ca64-1c50-43e5-8de5-009e9fe03172,24751,Woodmouth,MG
4d283b6b-21f9-4570-8bb3-705cd12dd82b,97169,North Dylan,RJ
c890512a-9e31-4c65-8088-20db494c0a8a,41804,Port Tyler,RJ
75a8a234-8d42-4380-84c3-75353f754233,64381,Nicholebury,SC
671ac1df-929d-4b9a-b062-49b38a8b337f,92913,East Michelle,GO
f9aa28ec-f531-4d82-8284-f8ad57c31c06,61919,Olsonville,BA
cc4c28d3-c911-4da1-a2d5-7115336adf6d,42467,Annachester,PE
7e6fcc2f-3b19-4ea7-a7bd-f4e114f0b332,28330,Roachmouth,RS
78740fb0-c990-4619-8140-addabeb13e5a,72049,Nelsonshire,GO
0815c541-8dc2-4116-a6d8-2411a0e72ffd,40996,Lake Kevintown,SP
ad6bed8f-aeea-454d-b0c3-184f630a0bb1,14115,West Tammy,BA
82ade0cf-188c-4de1-b107-416ebe3a7bef,93818,South Yolanda,GO
0b1de937-2b80-4903-ab43-fc1a49dacd21,70562,Stephenchester,BA
d5363f82-4f4a-4a37-9367-646f421e3990,92312,North Jerry,GO
e2cdfaa3-94ef-493e-9420-9226e663713c,25689,Jonesville,DF
c4b6d320-8413-4d04-95c4-0df01a47a06d,15255,Lake James,PE
b33cab0d-2c4e-42e2-aaa9-b6fa501b0006,13107,Christineville,RS
bbcb473e-c327-43b2-b620-5322fb931617,55412,Monicaton,DF
007085c3-205c-4b5a-83a3-ac453b7c917a,88410,Lake Dianeton,PR
e4670e41-459a-41e5-a704-471fb5ff4076,99732,Lewishaven,RJ
369d0f15-a66c-414b-b2c0-0a9ede971f9f,92410,Port Yvette,BA
d03e8012-f8ed-4916-8975-c5586c14821a,80548,East Melissa,SP
c9f5abb8-ccd4-44fb-8220-3899a4ed2786,87207,South Sarah,GO
3dac2750-b0b6-4c1d-bdc2-be4df6b4f643,77337,Carlafurt,PE
42ddfd95-718d-4458-a3c1-6fa93eea47d2,56245,East Larry,GO
872989d0-f8cf-469b-84ae-578afbf418c4,58043,North Blake,PE
32994c6e-6511-4608-8655-d0d11ea123b3,52564,North Patriciaborough,PE
3f95798b-1029-40d9-a299-b1059c8c82fa,85606,Lake Debra,MG
cd125db0-399d-46a8-8746-1ce4bc128126,89262,North Frankfurt,RJ
469877f2-6421-4050-8f75-a486167c3590,46291,Morrisshire,DF
d99eadff-dbd9-4c94-8461-3f8d306314a5,17538,North Jerry,MG
715dfd84-1349-41f5-83d8-e85091b49dd6,94565,Andersonmouth,MG
df66ec3a-837a-4b9f-acd6-cd257006ed4a,41486,East Jason,RS
74fb6fdf-e0da-46bc-b7bb-40f16cc54912,10266,North William,RS
2663bd1e-b525-4e74-a0d1-95a1806e3357,97460,Port Paulachester,MG
40aaa1f2-f8e5-4f88-83ad-9e11a99afe78,72617,South Sydney,SP
95766c66-337f-4b1e-a4ca-d503a1360ab6,11892,West Susanstad,BA
2e9daa58-7e20-42f8-854d-74efb8692cce,26704,Pamelaport,RJ
f66ac1a3-9b1d-4fe9-b206-e2acf31a964c,83177,Browningberg,BA
fd1bc23e-8519-4986-a192-9a282a5461f0,89751,Hudsonshire,RS
031bc71f-5037-4cb5-8f91-c2ac0fa48d8e,37772,South Brian,MG
d7a459ff-aeee-4cd6-a247-de4301ac43ca,62873,Goodstad,PE
784fe1f2-7549-4fda-987d-718fd5fcb5a1,95863,Williamsbury,PR
7d83c551-3c3d-4adb-8b5a-299882656915,39763,Lake Claytonfurt,SC
ff60d362-ccef-4fee-ba93-015c477bab3f,93834,South Christopherburgh,RJ
b83fa533-5ec6-4ec5-be76-527437994cdd,78601,Richborough,RJ
27b593ba-44aa-449b-a18f-b8ddd9f6d5de,92159,West Bobby,BA
1b3d2a36-793c-4a13-bb35-b8a1204e44ee,19454,Deniseport,GO
ec335dd0-ac76-44af-8180-d083158e9239,65731,Edwardmouth,BA
fb0afc0c-18da-429e-aa61-f151588795eb,41623,Hansonport,GO
f5c2c8c0-30d8-4c9d-82a0-f53a5c83969f,82561,Mariahview,SC
00f8c4d6-a29a-4ce9-a9f8-0485bd1789f7,92112,Woodberg,PR
8a9aabe8-7392-4983-ab0a-ade0080ab5f9,52890,North Allen,GO
3aca5d32-bd9b-4379-b8df-cd19dc31c9e7,54838,South Teresa,DF
3fea81ae-7f03-4fcb-beca-f5e6d7fad0c2,55062,New Elizabethtown,SP
79b2fd70-22b1-4a5f-b5ec-af0d9f6db2da,51991,West Daniel,PE
c095951e-dcdf-4036-b8a5-308207ddaae5,11244,Nancyview,PE
69cd01bb-0ca6-4292-a5c8-cf1638e66dfc,37731,Johnbury,GO
f2aa5a44-c670-4b55-90af-ac258ece0dca,34920,Wendyview,BA
a2cd291e-3cee-4708-a66c-a5aa7149d55a,39107,Emilyside,RJ
f9fe44c4-7e47-43a2-8965-9b7d092f968e,77709,Stonefort,BA
84ab354d-da4e-4437-875d-e7199cf1f3c2,16415,Lake Olivia,MG
c379e8ad-38ec-4418-a0a8-6dee5984b7b0,79332,Cummingshaven,MG
7e8931dc-4a09-420d-aea1-e9efc38d7d5d,56769,Wiseville,PE
cbe79b51-d6d0-44a9-9f6f-ae6dbbe9adff,45236,West Amyfurt,PE
0d76e8b7-fd44-4f37-906d-628b466de54d,27032,Henryburgh,PE
31883e56-21cf-41fc-a058-7afb2c435489,93609,Lake Jenniferberg,RJ
69c2d0c7-a787-49c6-b9a8-860d120a57e0,74435,Nashport,RJ
1f2e8fbc-2e15-4d14-a99b-18b9dc0d5695,90570,New Kimberly,PE
4a256498-93ef-405d-a469-4e7e05229933,76466,Buchananhaven,RJ
83cab1cc-be5e-44a4-9887-c8b3f375d13a,66629,Hayleyport,PR
76c3a7d4-39cf-4913-b8f5-e9dc6ec975fd,50919,West John,GO
01f421a3-d485-458a-9d9d-4c427614033d,13000,Amymouth,SC
102dca1b-8747-4677-8d9a-727dbb2d6b24,82305,Shanetown,BA
3f5669db-c225-4032-a927-504c27bcc64c,22652,Kingbury,PR
584a5a3e-bb90-4ddc-aec6-6fc8dc4c8c4e,50831,Jenniferland,BA
01bb48a8-0cba-4d9c-8c8f-e5ddbea354c9,27697,Lake Joshuatown,DF
43da6fb9-0602-4ec2-bbff-0283d7bfb5c6,30115,South Crystalbury,PE
424cf46c-ce5a-424e-adf3-e3f9ae29a8b3,63533,Jameschester,PE
24dac8a3-2cdb-432b-82d5-67e990e623cf,20363,West Scott,DF
b928fcdd-6c1d-4227-90e7-07ffa95f4fcd,83784,Matthewfurt,SP
096ed499-0f88-4f4a-80f5-0cc466167b00,51686,Stephaniefurt,MG
57cfea0e-e38f-4207-9b6f-701fcd5958ca,26095,Knighthaven,PR
35b90f5f-439f-42fd-b43f-8757315745ac,27808,Lake Jonathanport,BA
da50af74-0b75-478e-9cde-019f603372a1,44410,West Jasonville,MG
159fa40b-c164-4343-a223-f1e07c6e3666,10939,New Meganborough,PE
c7f17068-6699-4bff-b3cf-9380fac3cbcf,73377,Davidstad,PE
3c199e62-4af8-4461-9968-865034b14b8b,26603,South Janice,BA
12c08f45-1d75-4802-b132-d8cfb3a6aa21,92203,Lisamouth,SP
099260da-d33e-4f93-84c9-d28275afcc9b,86657,West Juan,BA
33c80f46-11ae-4234-91a9-118c2a745742,44861,New Christopher,SC
f07a8d8e-3f33-4226-a855-fecb6dcf1482,26783,North Breannafort,RS
ebf98002-1b5f-478c-968e-d95c658247a5,25040,Katherineside,SP
6199a923-61dc-42d9-abe6-aa87d0ac0533,15047,Copelandfurt,DF
0c65c417-35c6-4732-83dc-f79cd2dd963d,12931,Amberborough,PR
a9ff3503-209c-41df-a47f-ab1c87b56012,45020,Smithside,SC
4e1dbac6-28f7-4181-889a-07c6e4f1dd86,32343,North Ronald,SP
7cffaf8e-fe22-4d8d-9cba-4120623330e5,50754,East Nicholas,SC
15468a6f-eca7-4443-9c08-1528e3343091,79396,Sparksfurt,PR
bb7eb730-e97b-45d4-a2c3-98819aca4ea4,14971,Jonathanland,PR
c7f55618-b2d2-4105-8da7-54b18c788659,80279,Shawnberg,PR
fcac646c-eec0-42d7-be31-1daee574bc20,46993,Lake Monica,DF
289adee4-5d56-43cd-8d75-50aa11f72d9e,61104,West Todd,RJ
3caac2b4-c02e-4264-8d54-6da0efb9b40e,52410,South Jeremyview,RS
a62188c1-aa92-4cd8-aaa5-ff5e0dff3364,53811,West Andrewfurt,MG
ae36b11d-9157-4009-8fcf-1ee06e3a888c,76652,Port Gary,PR
cf0fbb2a-6328-4d03-8fe3-42c5d7f232c6,67079,East Donald,DF
8aec2cbb-88ab-4bd2-b3a0-30858861bfcb,11648,New Andreaside,SC
1e90cbef-5cb3-469a-a890-72341636d117,56276,Mitchellport,PR
54acace3-be8a-4733-b14e-efb364874599,29425,Hayneshaven,BA
c334137a-9988-40a0-ab03-4d62d9f90357,30662,Briggsstad,PE
745db5e8-78f6-4151-848a-0f22bb4ff9b4,29216,Josephborough,RJ
5cb79373-7a78-4a01-8151-e3ed795b00ad,73817,North Patrickfort,RS
e3b6ea83-74f6-4df9-9b47-e6e69cde6458,22965,New Yvonne,DF
46a8facd-f3e5-4822-bc27-3d8ac1342c66,87280,North James,RS
c5eae868-02d5-4f3f-bb68-4d68c9ffe459,45248,Rodriguezton,BA
2bf8a168-a408-4bfc-8ab7-c463875a24a2,70783,West Katherinehaven,DF
2119de25-65d6-406b-a5ce-ea16fff56725,89033,North Tiffany,GO
163bbccc-4c6f-4830-9165-0dd2c5261199,75645,Port Melissa,SC
f006e6a6-5ab3-4281-afd5-07300ccbb649,32994,West Rebecca,SP
18035bd9-226e-437d-966b-017b7dd7bcc7,69235,Frankshire,GO
a338f72f-1234-4501-86b5-ee4ae6c68036,91726,Gaychester,MG
a03736dc-e57f-41a0-8b7e-ecce78c18768,23997,Sarahborough,RJ
51104c61-97de-49ea-ada2-901f4cface32,97158,Gardnerchester,PR
abe400d9-5fe4-4c62-b742-38b69d7f6556,99394,Port Alyssa,GO
7ae48208-cefa-4c3b-a6c1-d1939006b450,45175,South Stephanie,BA
fd22dea4-6f83-48c9-862e-449f259ba7f6,85832,Cordovaview,MG
a0275765-8d82-4a66-8689-0316a65a798b,82268,Mcculloughtown,GO
d129532b-9fbe-455c-9c26-5fc8577a9e4f,50949,New Laurieshire,PE
e35594d3-23f6-494b-943a-4371611d355b,22057,West Leahton,SP
0afb0ef1-dede-4615-9aa3-ebb65d43cdb9,54687,Villarrealshire,MG
26840df6-ab81-409f-8dca-28dad4288815,29807,Mcbrideport,RS
bba8cb68-9d98-4af1-886a-8395912258fc,71758,Basston,RS
8aa79c13-e4c3-4fce-8eba-8bdf49219ac0,39501,Jessicabury,SP
908be934-d0be-4dba-9d72-52b30efddc0e,85279,Rebeccaton,RS
60d089fd-8e5f-40aa-b235-417e1f375aca,97173,Peckburgh,SP
d00e437b-c9b0-4b10-b8dd-3a268ccd3202,35062,East Rachel,DF
aa97f5e3-aafe-4852-ae42-3f96bd79615c,59598,New Rebeccaburgh,SP
f8b5f59c-2976-4231-9c5c-72cef3bc5996,49006,Cynthialand,SC
110a599d-e3ad-4e9f-b330-bdf547f0464b,27690,South Brendabury,RS
d6ca37e6-7f74-45e8-840c-403ac307f84c,37877,South Angelafurt,PR
8c83a380-9cc3-4849-95b7-3bbb4038df6c,64257,Abigailborough,SC
01df8c54-be5a-499a-b13a-6e1ae6bdb4cc,16905,New Donnaland,DF
da32a84c-5ce9-4090-9305-6d92dc10ce3d,35609,North Jeffchester,GO
eaf81be7-3d7f-493e-b22d-75f7420ce173,54331,Port Thomas,BA
2611ad47-1a0c-4195-921b-c2bd9ec61b37,94206,Port Johnton,RJ
a1bd55ec-623f-40f6-ae7b-c2da57c65e18,77149,Fuentesland,SP
a4e63bfa-a653-4092-bc50-ac1552318f7f,36440,Chandlerbury,RS
53fc6892-d1f9-404a-a858-c01bacabb89b,77280,New Victoria,SC
2c479aa8-6755-4452-b696-547e0e20780e,54623,Aliciachester,DF
acae7690-815d-445c-9291-3d6ff5a1e5c3,28728,Anthonyberg,PE
3b5fec7f-59e4-4a8d-910e-024a595effdc,28653,South Kelly,DF
c7cfe915-0d7f-4eab-810c-dfd5509d055e,52925,Wallaceshire,MG
91969c42-e0db-49fe-b276-6b7c347de7f8,66685,North Davidstad,DF
e94589f9-89f1-40a0-afc4-aed76a2b2543,66527,Carlsonburgh,PE
d64a7641-f655-4d59-a2d0-60438766e52b,59642,Port Danielville,GO
ce43adae-5853-48a3-81d8-848d5fcf92b8,43182,New Michael,SC
8af4bfec-ac7b-40ab-827d-1229524d3b5a,68277,South Stacyborough,SC
4fb93033-21bd-432f-a34d-d149035116ca,97939,Paulaland,MG
5551471a-8eb6-4809-8d53-13a4eb9dfa52,41920,Bushchester,PR
357e1176-1d81-42b2-a85f-2aa6ba0ae72b,21200,Zacharymouth,RJ
79c57c21-f09a-42e5-a1d4-b2a7ca436f28,16080,East James,PR
387486e9-1abd-4496-b043-43b7d410098e,17349,Jenniferside,SP
13d3b915-05bd-4d5c-862b-217a71d93f05,49389,East Juliaburgh,BA
aff40d85-ac60-41c7-8ff1-b03387cdd692,81211,South Jenna,SP
c741cd58-23ab-4603-ac3c-af439a9701a6,36255,North Randall,MG
a6f3dbac-641b-43ad-a838-002494fa7921,60846,Caseyfurt,PE
8eda3bf3-df53-4d51-a19c-c3c4e643b965,92094,Byrdside,RS
b4834290-93d5-45f2-8f46-158ccee3e65d,66434,Mcfarlandton,RS
c2d32bc0-d158-41e6-b656-dcb8770f4ba1,88244,West Michelleberg,RS
cc82c175-e97b-4871-8cb5-89e29a36fcad,44763,North Jeromechester,RS
a172747a-c6c5-4fd9-9ee9-6028f2ef3a38,12097,West Albert,PR
55e24dfc-59b3-4956-bc7c-b02d5b8d6a30,25864,Lake Renee,BA
04485f58-7a21-45b1-87e8-7b3051cdc568,47690,Lake Alexischester,GO
0ecc20ee-f0fb-483b-9df9-e686c00bd938,98856,New Matthew,SP
94d1dd9b-aa13-4923-ae52-683ea3882b86,40861,Kristimouth,SP
eea2b155-86a3-439f-bb2c-cfc7b96bd541,21100,Angieview,DF
f79f0e7e-403e-47d1-ba19-6fb6f7f88bdd,83921,South Philipfurt,MG
68d09f1b-29c9-4831-8a37-29660ebbf401,97790,New Stacy,MG
1f1de6ff-b5b7-4b61-b480-e9c74822c1c7,38629,Port Richard,PE
fc994273-180c-4037-a84e-6ed3314e48c8,16786,Markport,SP
6a9de972-de89-4846-8ab6-e82bfaad18dd,30328,Chanchester,RS
dbd19ec8-5217-4d19-acee-df519a459a59,36990,Anthonytown,PR
4d26c98c-72b9-4ff5-b7fb-287ef4bf1163,18545,East Stephanie,PE
041db351-4301-45d6-b290-3d4ce32a84ed,53282,Leeberg,PR
3b83a2e2-2670-48d7-b337-039b29e0f5d4,56485,Lake Heather,PR
94403aad-7c0c-4ac9-9358-08d1f125c83c,90810,Jonesfurt,BA
a45c4924-f996-434a-b713-57359a935b20,20546,Michaelland,BA
e200c5e5-35e5-4c1f-a139-aa980c8aa2cb,91561,Stewartmouth,SC
cb0837a5-e9fa-4b85-89a8-ed718d70499c,61737,South Jose,DF
cdcd834d-934f-41aa-a0db-075f7fd51c0e,67188,Debraview,PR
df486768-f9dd-4ac4-bd77-27192bfaa4ec,89984,Stevenside,RS
1cc4a26a-3532-4191-80d7-bde1b169feb8,11953,West Dannyton,DF
9e2e1c4c-b10d-4604-a511-6fc98e5ee058,53580,South Stephenbury,PR
3e0af340-e39b-40b5-aeb4-391e42e272e8,52706,Lake Levi,GO
ca591bd2-0819-4e42-b6e0-a9b4c7342c32,90144,Cooperside,PE
e6e198a5-f913-4437-9808-602a85c030ed,15794,New Angela,BA
a2939229-9dd8-43e0-86a2-f96be6e3bf68,39100,Port Donaldview,PE
283b97e2-863e-469f-a37f-0ee2a6adc8b5,22385,Stephanieport,RJ
b8271200-e8b8-4755-bdfe-83d0425416e6,56240,Port Angel,SP
5013fce0-075b-4082-a029-648a7af2bc13,92001,West Michelleton,GO
b77afd00-6bdf-4679-b4a3-daf3baac3963,81669,Johnsonmouth,SC
d85646c2-39b4-4245-94c5-a4bfce96dd08,88352,Meyerfort,GO
761a9958-059a-4390-84b4-a67a37c83680,39397,West Jeffery,PE
c6afc636-efc5-4a15-b011-c31230c0cf80,13431,Port Judytown,PE
15a4f3f0-5b2f-4f08-8e1c-05e7a97a45f7,12399,Jorgehaven,PR
0861f023-2c22-4c69-92f6-cce6cb15a81e,67243,North Robert,PR
6897f493-75da-4ab9-b16e-1efe8c031176,59240,West Janice,RJ
04482297-2a66-485f-a07b-0ad08e6b3682,81455,Jacobville,DF
ceaa339a-ae02-4aa6-974d-dbe8e10d928b,85123,North Michelleborough,RJ
10a59120-d3cc-4efe-a01d-9c4308a425e2,72453,Allisonborough,SC
78ee4bc0-ee21-4cae-9ed5-70d0b2c82866,84009,Davidstad,PR
889a1286-e4eb-41fd-bfb2-1ce0f7772ff6,78882,West Michael,SC
7c23cef4-2d00-4dd3-bedc-5d1d4f9a1066,49792,East Jeremyside,PR
59c7a4eb-48df-40d8-8f69-5d4b73563ead,91005,Port Leslieburgh,PR
72830737-8469-4e18-83b3-a63c50d242bf,61935,Melissahaven,PR
ef3f2599-f450-4ec7-95f4-194939caab10,22887,Mendozashire,RS
d1856d71-076d-4b48-af0f-be43dfb0cdba,60818,Shortside,MG
56b9e27b-2b88-4d02-9439-9b556d3e0736,76247,New Shelly,GO
5e1c9436-3be0-49fa-b6e0-d60681e56a74,97860,Westtown,RS
77b62567-a72d-4db7-93c0-650d33dc4815,85356,South Jimmy,SP
bc00e38f-a012-4640-bf34-39e8fceb13bd,98967,Port Anthonymouth,PE
e72714e7-5780-4d72-9eaf-a445bfb646de,55492,Brentville,BA
dbb7b61a-c3cd-4a78-9aa6-9098799f59be,81294,New Kevinmouth,SC
068ca4bb-0bb2-4352-8d65-46d48cb45c21,83935,North Heidiside,MG
b8eed76a-7202-4931-8dc3-81a429fc1bd9,64111,Hamiltonstad,SP
9586acef-cc4c-4831-9e2e-de2bbcdb0dd2,47684,New Heatherfurt,DF
dadb1369-2248-4ef5-be83-e3765d48e364,15698,South Richardburgh,PR
aa6aad7e-03f5-49b4-a8d7-a4c8a02c834b,13556,North Marc,PR
98d60d76-7355-4210-b1c1-9919d1ea3a4c,15389,North Melvin,BA
a78d3d7e-edad-42ef-9b4f-217705f0e7f4,61987,Patrickbury,BA
c953f4c0-e272-44d7-9427-7c900216cf01,74298,Port Emily,BA
2893cc22-dfef-4ab7-a3a0-9096d04f7c0f,27971,Johnfort,SP
fd47f1e7-1113-4597-86cf-61ec75545767,26667,Dicksonbury,PE
ef35b219-ba7b-47f1-9c97-fc17537398ee,82476,Whitneyport,PE
24610c9a-f0b7-49c1-83b4-2ea913df1cfb,85886,West Dustin,RS
8ff45764-c5d4-4cc6-9b2c-211e7b021244,36257,West Justin,SC
9ab9055f-a1ee-4ecf-9de2-e7184b12c438,69153,West Sheristad,RS
3f584ba2-30ed-4d50-afcd-f86534a865ce,53096,Rebeccaport,GO
30824933-7d86-4f4c-a704-65d041c0c07f,69323,Lake Andrew,DF
501d1497-3783-469c-946f-c029df24011d,78983,Robbinsside,SC
736c6408-2e73-407c-bb58-ab8429ac6a7e,73510,East Sonya,GO
a90474a7-6a5e-435f-ac9f-624964b1704a,42987,South Kristina,PR
e547e2f8-646d-4714-ba9a-788a501bb5cd,45529,Port Edward,MG
2146e809-803b-4887-a4d4-3b3c215a2826,47924,Thomasmouth,GO
253518a2-51bb-409d-8d42-efd1135123da,14896,Christineberg,MG
639cc0a4-f0d1-4589-8f57-2188cd9aea47,98974,East Stephanie,PR
6c1f5e7e-1b64-4a2f-a034-9b018abcca29,81561,Gabrielleborough,RJ
f333b2a2-103c-4182-9a9e-8e798570bfee,60329,Brooksland,DF
2d683950-72a6-4559-ac28-d6499d5e2a75,45711,Port Bettyburgh,MG
6945853e-46fa-4d37-8ba3-2007649f74df,58009,Port Amyburgh,PR
2800c922-d772-4ba0-84eb-0195ef7be8ac,49332,East Melissamouth,GO
b64b907b-0b65-4f7d-8762-e00bb8822595,22961,Rodriguezmouth,MG
26e14b0f-eb85-4aad-a414-167de38c644c,90724,Port Debrastad,SC
261fd912-1dd7-47e7-acc6-dddb2de6ea2f,55648,North Tricia,RJ
76113894-de4f-4f48-a8ee-1727e0a2ea4d,73416,Mcknightmouth,RS
347d904e-967b-466c-824f-6f70a11ebe4d,82308,Laurenchester,SC
14bdded6-d20e-4004-bbd7-df9b1d79c24f,82066,West Adrianfort,RS
c0506149-5168-4b2c-8fc8-5930d5f3ebd5,60228,Carriefurt,PR
efe3bc47-66c4-4a29-adcd-d2e560588ba2,83616,Port Kimberlystad,BA
273dc37e-7aa5-4fda-9d76-7b95f2b32cc0,50669,Erichaven,SC
8dd8d68b-8122-4e9d-8774-325e11bfec79,44016,North Sharon,SC
2663096a-d53e-4aab-8583-9a070e68f024,64752,Thomasville,PR
fd4396a2-5b1d-43fc-8cd9-64ab433ddfe2,54759,Victoriaburgh,PE
fb8ea9a7-3bb5-46be-9de1-18a5e4a7decd,69136,West Jonathanfurt,PR
36e155a4-1f04-48a0-8402-ee87495c2969,42427,Halltown,DF
7ae2ab00-9655-49be-9219-23089eb3d78f,25891,Port Anthonyshire,RJ
c283a7c9-a9cc-46c5-862c-8d30df4d71de,20657,North Timothy,DF
91d16e28-dc50-4540-b2df-0157d5fe2acf,18055,New Allenmouth,SP
ae5a0ec3-21b8-4879-9309-7d6733fce228,82413,Lake Gary,PE
6ecf0e11-2e14-460a-a609-d4f5112fe760,47575,North Gregorybury,PE
d765e9a1-dccc-4da0-9278-147d8ab92966,20258,Lake James,PE
6181f027-f0b7-42b8-bb8f-f857d2be8dd1,14793,Richardberg,RJ
d0083f75-9f44-4f3f-b154-5e89a6b20d6a,59189,Howardport,DF
1ea7bdad-01ed-4003-b40f-778c82d77130,95647,West David,RS
52d2e3e0-d0f6-4232-b3d7-250a83f82987,90873,Brandichester,GO
ae7c727e-8034-4c59-b29b-2a9e61e284bf,67724,North Bonnieport,RJ
f8ad8a00-f7af-4798-be81-475304561b92,98496,North Laurabury,BA
397848eb-4e22-4166-9762-1a23ccb2b308,93146,West Thomasborough,GO
b1a8eaf7-5aac-4ed7-a957-4cc027899a77,51808,Jefferyburgh,PR
b79cfbca-5447-48f6-8571-92dac759319d,84507,West Toniborough,BA
62affa45-3df8-487e-9954-5969c3f85ceb,55980,South Brett,SP
287b25b4-5f61-4236-9aec-7797b341f98e,13906,East Steventon,MG
1773f062-8a91-48d5-93d1-479c97c89d41,44733,Lake Jennifer,MG
0332ad4b-f8d0-4552-be7b-246044b50492,45297,East Kristaview,RS
23d9f3f4-07a3-418f-bbdb-2ae4ad98762d,94642,North Ericachester,SC
4193cda3-3de7-4694-aff2-6568def0dc93,68413,Port Rebecca,BA
c120ec96-810d-467c-b232-25f7878f8eda,63761,East Jacob,PE
a4cd856b-4450-4088-bb56-b4dca3448d06,43950,West Kathleen,DF
063ce825-b616-485e-a07b-cbadaf43ebd6,74986,East Daniellemouth,MG
2e2b48fb-be6a-476e-bd74-b24ded18d567,15503,South Jakeport,SC
60ade4ff-4ec2-4789-89e1-2fc9f164f01b,12597,New Jacob,MG
e2e493bc-78fa-4c00-8adf-8bac2eceb3bf,61174,Smithmouth,RJ
fe5f72de-1ad3-4947-a29d-686b8a53d38b,79468,West Jenniferton,DF
1fb2dc5a-7c62-4038-bac6-253371675fdc,23223,East Laurenfort,SC
1f47e791-23bd-42fd-9c0e-805267fe1bfc,65662,Josephton,MG
b8d5f299-39fd-4a0f-b68c-789de999dfe2,58905,Tanyashire,SC
3288d2c6-7a53-431d-addb-46bf8e4b4c4b,23024,West Anthonychester,SP
3497749f-ddee-4430-9a60-8237bf589eae,31469,Lake Daniel,SP
6e8e6bd9-1b87-4767-bf6a-c547df5b9ed1,55896,North Virginiamouth,DF
9a55ec6f-652f-460e-b572-5023e80468da,53417,New Jeremymouth,PR
47004b7a-660e-4b7a-a850-649666aa3937,50766,South Caroltown,RS
a15bb507-270e-4364-af12-c74bdfcc66d0,68385,Jeremyburgh,MG
2c656607-0090-448f-8623-9d368f4f184e,30327,Wrightberg,PE
a90be8b3-3c7d-4859-8112-cee148ac1028,46082,Stephaniestad,MG
19433aae-b90b-41f9-93e5-a67770bc1195,98737,South Ryan,DF
f3ea6507-a456-4c4b-a078-032b4b9ddec8,95430,Butlerchester,RJ
51bee6a8-2862-4c23-9688-cf183b2bea28,20960,West Josephhaven,MG
36e7eabf-2fbb-4876-85e5-21b6a62a136e,25649,Port Melissaland,PE
dcac7169-f673-45a6-8880-2f609f7e48f5,16239,North Daltonfurt,BA
b7999249-3a53-4df7-b478-693cfa00cfa2,52790,Parksberg,BA
75b57d6d-8b59-4223-b2fc-6d4b24d1f665,91488,West William,BA
af1a7a68-03df-4778-a791-2ba437d1831c,55145,Jonesside,BA
770b8315-b7a6-4f19-b1f9-df164e0cc8bb,83140,North Emilyfort,DF
a7281a79-0644-4ec6-9e4d-a3fdeba09682,28188,Lake Matthewfurt,BA
a75843bf-df3e-4b7c-a080-0b84adddcdcd,24983,South Jerry,SP
dbab3113-1c59-43b4-acc7-0b89aad99271,88115,Davidside,SP
e1cdeea0-e654-4345-b58d-26f8995dfe3f,27304,Paulaberg,GO
00d81ef1-e76a-4014-bef7-d17d6caef6bb,13631,New Renee,RS
63fb5423-ce08-45c0-91b6-515088b5d87b,11938,Krystalmouth,SC
baabef46-4022-438f-8162-9dcc16ff1f4c,49976,New Jessica,SP
7f71fa64-78bb-4267-924d-cebdc1de4c8c,88047,East Gregory,SC
9f80dfb0-d7bb-45b3-8154-1fe804cb0e69,85982,Paulafurt,GO
3e322f7a-1e83-4a33-ae67-bbb01412fad2,63128,West Mariaborough,RS
31a9a06b-b56c-41ea-9d77-8aa8551aa793,19450,Brianfurt,SP
94c27bbe-4b37-482b-86d0-cd3823553ce3,98618,Port Michaelchester,SP
152fb0a8-6621-45fe-9ce4-9ff9f28764ea,52028,South Josephmouth,RS
1b9672cd-bfad-4dda-8e64-6122d1111e7a,26618,Samuelmouth,RS
dc34023e-14a8-4159-a04c-84d438203df2,31757,South Danielle,SC
c6de7825-efff-4c1d-a399-47afb4863b39,97295,North Larry,PR
bf1226f3-e773-4645-b3a0-bf44e2acce8b,33458,Vegastad,MG
cb3477b0-8894-4db6-aa2d-b2e032ce3769,24519,North Sarahstad,RJ
406eff0d-439b-4ac5-a5c5-56ecd8781e67,15090,North Matthew,BA
28daa2a6-af1f-4faa-bc71-586eb38bfe42,99886,Hollyton,GO
837298df-bbb4-4191-a90b-71d0f6ef7d34,41227,Lake Christopher,PE
d14d5402-c8ca-481b-9878-26f6cb7b6696,66855,West Kathryn,PR
794a90a2-f8e3-434f-8997-440384d05dc1,50607,Danielborough,MG
375f5aef-e5c7-43f6-8a30-4199cce9e47f,10115,South Melissa,RJ
b402aa31-5760-4e28-b574-4393bb4cc613,23921,Coreyside,SP
a9a6e509-faec-487a-a1ee-3db141a1ab84,26423,New Wendyland,PR
d2d9e296-9610-4c91-934c-41a90d36f598,50889,East Katherine,PR
78b85156-2d86-452e-86a0-6aab91b010f0,79384,South Joannafurt,DF
fc1a0beb-0bd6-4b69-b96a-b911f1b3d2f4,53199,Sawyerberg,GO
7442ba9d-58f9-4720-bce7-3183855a2bb3,22903,Port Justin,PE
4e49666c-0103-4b6c-9429-c74fc86c0ac2,71619,Jessicatown,GO
c25af8e4-938f-4681-a7f6-c91583e499bd,22990,East Lisa,SC
6503a4e8-0220-49f4-9135-ff6a9c13c60a,46708,Harrisfurt,BA
b7903057-d0e3-4394-b577-d679954c3561,83239,New Amandaville,MG
6da7460b-98bb-4c97-b463-8f461f8a44f0,62357,East Kimberly,SC
572914b4-e787-4b8e-b41f-83dad16e2f46,22395,North Michaelchester,DF
530dd130-6498-4a8e-b4d0-8a2e2ea35efd,82945,Romeroville,SC
7aac846f-4d9d-4d73-83da-65bde408accf,60276,South Ritafort,RS
547407f1-170a-404c-8ada-015d6f128f81,30026,Peterton,MG
a560f38e-cd80-4683-af5c-c86c6e98ff70,45954,Meganfort,BA
c326be48-9806-4f93-94c8-5f33c4f1faab,16297,Nealside,SP
d37c1006-231e-4f39-97f4-1ccb415cfb6f,34779,East Jackson,RS
77fde189-0504-4c49-9c38-2e6b685466c8,26723,South Christopher,RS
b0eda7f9-1a2d-419e-b7bc-c8244effe1ed,13967,North Jessicastad,MG
356e1d41-c441-4348-9559-d4f2a86beddf,63637,Derekland,RS
a7231f8d-7d14-40b2-8da9-f07fd2a20305,69508,New Linda,SP
24a374bf-61a7-4bf9-8c5b-ce4f93cbdf0e,51657,Stoneview,PE
72e71de7-6fcd-460e-8baf-ccc5a114c5d0,80219,Rhodesport,GO
0f594b42-521f-4da4-bf3d-2ecd45e70e53,90912,Adamchester,MG
3505f266-0b6e-41fd-8bcd-30c367f1ff92,73204,North Ianborough,RJ
c5b6eeed-432c-47c7-bca8-59f2e74c6b8e,65677,South Thomas,SC
2f4c27dc-533e-4fd1-9853-e49f1fba09b5,76138,Brentfurt,SP
2f59cd9e-cc51-4adb-aa29-43bf95a7f30b,96095,Williamsshire,BA
0bba5c6a-4d85-4fba-af2a-52bab81390d4,98366,East Petermouth,PR
d8330c6d-11d7-416c-becf-dae5a4ac0859,10808,Seanberg,GO
ddbc3422-0411-401d-8d13-9b42c09f0bb2,47260,Lake Amanda,PE
2eae590d-9334-47d7-b5a7-0267e57b713e,79543,Scottland,SP
7b472713-d511-4bb5-b932-fe1a119f9a28,35863,New Michael,PE
6ae91f9f-2497-4cae-adf5-97aed27d1c21,85400,Port Cynthia,SP
e65cd383-3de8-4542-8199-fd4d74477220,39371,Tammychester,RJ
13c8b86d-2c84-4358-a92f-2e2217e7ed8f,81336,West Jonathanside,SP
cc3bd3a9-9cda-4469-a67d-ae190b5f2101,37294,Lisaland,SP
e361b5a8-43da-40ee-81ab-7116b5f4c8b7,61413,Carolburgh,RJ
e6c31d12-5a6f-45b9-bd07-c7ad877e7350,19786,Alyssaborough,BA
14b8fdd9-9dbe-4889-9c3d-fb8f535ca3c7,14723,Lake Charlesburgh,DF
97c471e8-6b96-4f0e-b71f-b01f5724b065,76009,Cynthiachester,BA
e695ea23-5150-422e-8c28-c68fc873acfa,17848,Port Elizabethbury,RJ
7d898326-35ef-4cdb-b4c9-1f1bd90b7fdd,77872,North Ericachester,GO
2ec9f12b-afd2-403d-8d6b-b4ad4d45d30d,30443,Jenniferbury,PR
1dbafdb9-a738-4e4b-a554-b7d066624ab3,73098,Hamiltonside,DF
831a19a7-2232-4656-b7d2-366893808c65,61452,West Jamesborough,MG
6b7e5f83-9a1a-439d-bd39-9d1fe3941ed6,23981,North Michaelland,RS
c72cc129-073d-4753-a132-626c698fb7f8,69612,South Charles,SP
5b7e8c0b-493e-4d32-b00f-a0364892844d,95259,South Janice,PR
e6843841-4b84-451f-84f8-890b470d1d5e,26328,Port Katelyn,BA
4bdc0ace-1095-44a1-b7fe-8bf52e67f1eb,22409,New Kelly,RJ
2e83c629-6557-402f-b44e-d140d0532f36,76821,East Dannychester,GO
a7495ad8-753a-470c-99d1-afb7bc45afe8,36546,South Barbara,PR
504bebd0-301c-4713-8a6e-f2ab06c35ff2,87960,South Raymond,PE
1396ded2-c23a-43c6-a3a1-2bc53f49e4cd,39971,Morganhaven,PE
18cda734-1c79-4a55-97f9-8f0cc093d77a,75693,Lake Kyle,MG
459151ab-2010-4c35-8395-9f0a9af0523a,32312,Johnsonmouth,BA
3a72384a-6e0b-45e3-bd3d-ac79f2ba6234,14420,Lake Tiffanyside,RJ
ee2c376d-3911-40cd-9e0c-0e2fc813b41e,77797,Reevesburgh,GO
2a766420-2451-409f-9594-1a87bdab7417,66023,West Michael,PE
b9e4fded-7b2b-4fb3-9404-bf131db68a30,20264,North Michael,RJ
c61a0e11-5cc2-41d8-aec9-a3e1b09d0bd9,33642,Lake Jesusland,PR
528ba936-e0b2-4ce5-b93a-43dba912b601,78486,Jeremyville,RJ
d70e810e-2bf6-4e6e-93d0-ef08bec05b36,66641,Juliabury,RJ
ea3d9c2d-d31f-42da-bd52-589ae30edb62,67089,Navarromouth,DF
21ef0578-7a75-48d0-b2c4-189b69e780b2,67945,North Angelashire,RS
848ff0c2-d8c4-479f-8b66-e898df1dabf8,85771,Joshuaville,PE
8f7516f8-a467-4b59-9240-00fb4c2f2d61,88547,Martinland,RS
777115c2-317d-40bd-9fa6-1e7fe3d3fb30,34407,Laurastad,PR
67307f57-c703-4db0-90ab-60a54020b423,10612,Port Rhonda,GO
e5012df4-e9ee-4145-a2e1-8c10a74194ce,55107,West Brianburgh,RS
529e5a0b-35fa-4aa2-8ebf-2a8503f788b3,54735,Kyleshire,SC
153ba5f3-d222-4c81-baef-878473383d41,83064,Christinachester,BA
c2c4caa4-c9eb-4902-82df-3a30e621cf8f,15229,North Edwardport,PR
349c1861-aa2a-4209-b5ca-fbf93db55a76,83415,North Shelby,MG
3c52ec0b-7dc8-495e-9bc6-e3dff1a5090a,59376,South Michelle,SP
267aaf05-ddc5-4c3d-8b07-ed5507679c7f,15695,Walkerstad,GO
7974c163-cc3c-491b-8db5-7daa2e2f13b3,13412,West Edward,DF
df65ce13-a9c5-4511-8626-4d7a741e4416,24048,Garzastad,RS
915ab5aa-692a-47ed-a3d9-93f9c29562f8,99918,Townsendfort,DF
48b4abf8-2ab1-4f08-bd6a-956df6f33f79,93660,Danaland,SC
3ead0de9-256b-4cdf-92c2-4f7fc712f15a,96472,Lake Angela,RS
b6942666-9ed1-413a-a2bc-1053e5e5aceb,75350,Ashleyville,SP
38005a24-b9a9-44b9-a3c1-8072fab1c329,94958,Cherylbury,SP
48cd1a72-5937-46b8-b64f-e2cea6e6f758,73471,Kathleenmouth,RJ
6d0d589a-8945-4cfb-871f-8c7fa86068d1,47858,North Allenburgh,RJ
8e7f5416-fb8b-4369-afd9-4e6d6ae7df34,95596,Lake Lindsayland,PE
1e1dba03-4923-4354-8edf-e8e06f7020a1,82263,New Jenny,DF
23b842d7-4e22-4312-bb1c-14544464dbef,42271,Vincenttown,MG
6f4ac5c6-daec-4a9a-9f4a-366039efd53e,71909,Michaelborough,RJ
3c025cfa-adba-4630-9cd9-f203837aa863,15498,Davistown,GO
569a5065-dd33-4413-9d8d-542e6cf2bfd9,51949,Jeremyshire,RJ
f06d406e-e083-4f5c-8036-4ab3d92bcb1c,16906,Thompsonbury,RJ
f53cd406-613f-4c58-a470-8c20b0bc14b5,77934,West James,PR
a38e337e-abd0-4018-a4eb-b8db4f0a074e,22170,Lake Jeffery,RS
7695263f-52dd-4b46-9830-d890d450bec5,96433,Nielsenfurt,DF
abd03fbd-4971-4ca5-8d78-20cfedbc94ac,60927,Martinezhaven,PR
9a1f7e62-a0b4-4b2b-a97e-9887b1fe31e4,39435,New Wesley,PR
d749162b-ed9c-455f-9f0b-c7710595be7e,23732,Rojasmouth,DF
8fe7b33c-bbd9-48ae-b92e-a49ce1399eb8,66547,Brownberg,SP
325d98a3-1eb5-4a6b-ada4-91d8330c9fc9,28247,West Jacob,RJ
7906e8a1-9b7f-4e42-aa13-e93280018bb3,86798,East Elizabethchester,MG
5c10f829-7f84-4b81-83b5-0a8dc46c6947,37395,West Karl,SP
81fe3638-5ef3-488a-bb5a-467b4bf077ae,29367,Silvastad,PR
44ea5531-affb-40f3-a149-ed5850f50660,97546,North Ryan,SC
6ac222e7-dc3e-4ff7-8823-88bb2a89269a,68773,Lake Daniel,SC
81c98550-48d0-4f81-a46b-c0c9fe86e7c4,19189,South Michaelmouth,BA
249b64a5-9cda-47be-b0a0-589f5d6abbd8,90439,Jonburgh,RJ
3289d15d-18d2-40d7-83ba-27c81d9031af,20351,South Micheleburgh,RJ
ae0fe88e-1097-46a4-b80d-8d971fdfeb30,77364,Watsonview,SP
c8dcece3-3a71-42f3-9293-7c89ab9e9ef8,14770,South Donna,SP
e4b4ffb2-bb88-448e-9d91-03bcc2a7bb8c,74096,East Brianbury,MG
7eaa2da7-e841-4e7e-ab4e-835806d559e6,26330,West Marilynstad,MG
4129ad7c-f667-4f49-9d5d-18176c86d3d1,23208,Carlaport,SC
9c0470ee-4292-4509-b988-4e87bb6a5348,66426,Port Linda,SC
93621faf-1b89-4a59-bd26-80a562e29fca,58465,New Janethaven,DF
65c8a982-0de5-4979-aaf4-673c70be5bc3,85632,Lake Rebecca,PE
5e6d256b-d71f-4ae7-a907-05da9ae52a9d,49324,West Lisaton,PR
21b4d479-63fc-46b5-bd61-148c7b147c1e,77912,Millerport,RJ
52c8b8ba-c707-43f4-9741-50c394ffca64,85791,Williamsbury,SC
3e97188c-aa63-4d5a-bad6-a8b3201e1824,30185,Gallowayport,SC
a2c7d827-702c-4791-8ad7-fbc24cd7ffa0,16946,Port Michaelburgh,MG
2bb85906-512e-4ffe-bcb1-4f35ff6feb36,71571,West Loriview,RJ
6fed3a29-45c5-412e-8e9d-606fb8d241e6,87349,New Sabrina,BA
677dfe69-a673-441a-b592-40f9b14269e6,37175,North David,BA
e245e3af-fb6c-418f-b9b3-920b6ba25790,25345,Phillipschester,DF
22318583-963e-40b5-b8cc-cade4776f6bb,62696,East Danielstad,PR
4a2ec464-be11-486e-9427-cf466c1a6876,58015,Ochoaview,BA
dc5d3ca5-315c-42fb-9ef4-701206e46d69,73378,Simsville,DF
8e8e2171-1fc8-4351-9783-3aa7692f2254,12490,East Michelle,BA
b490e3c3-5819-43f1-ab03-9189e5847f1b,72954,Martineztown,MG
7d0ff5fd-9f6c-4784-afc8-0c535012ec71,81695,South Derrick,RJ
134054d5-1563-4e7a-b02e-0df76d205bfd,87722,Michelleside,MG
2db3e760-b40b-4425-8989-dbffffd8643e,45178,Andreshaven,SP
6ecf506a-6c51-4eca-819f-9652be8a5d21,66632,Christophermouth,MG
e82755b6-d66a-42f3-9c04-304f31484a88,93714,Loganside,RJ
b562be24-f810-4cd6-8046-ee17e718105e,14985,Scottland,BA
f60bdfa1-02ff-45d5-a451-44b3ccdb7f82,89330,Lake Jeremyview,PE
65c9aac4-7c19-4398-958c-1e829e97a0fd,63061,Williamsland,DF
557fe2b1-92f5-421f-9816-18ac05314b2e,52849,East Albert,PE
9ee6b572-4d73-4fca-a989-0ff1ec4273c6,25063,South Elizabeth,DF
9c18271d-9b23-48c9-91bf-ae82d87352fb,91489,Zacharyport,MG
0c6e5a73-4f10-4b93-b00d-165a6ae3150f,49325,North Danielfurt,PE
35207be3-f728-4872-b163-7721d126c8fb,90851,East Leslie,BA
95975fa7-8f4e-4c43-a176-8950090609c2,24499,Michellefort,SC
6328cc83-5861-4f31-b0bd-5705837955ee,68955,East Anne,PE
ad14d0e8-c65c-4a83-92d3-7be4f484eb77,46262,Lake William,SP
a8fc32fe-c254-4a34-a4bd-87fd028f2009,29126,New Shelbyfurt,MG
5d9e1704-359a-4212-8598-747947e99642,52532,Thomasburgh,DF
516e38d8-7cad-4155-9a8c-e40ec9ebba4a,97354,South Daniel,DF
1c136746-d658-49de-8496-9b0d6283afec,17433,West Traci,RJ
82e2c404-4352-42c1-a3b2-45f7b5804dc8,66440,North William,BA
bce3a3c1-5f3f-483d-8685-4e4d3f34e125,87072,Goodland,DF
bba3a991-627c-43e7-b248-bc59b06aad38,39680,Jodyland,SP
74ae3319-9bb3-4cdc-8ca4-5cac4ef428e6,21940,North Hayley,RJ
71fa1e7e-1363-4db0-9f85-5d68aa4d298e,33725,North Paul,PR
b40ad022-5b11-4cf8-b338-2cffeb21c27a,31626,Timothyville,SC
2f734a68-a79e-4b8a-b8aa-0a26f0c90df7,57796,Anthonymouth,SP
f63bb69e-01d3-4861-884f-4c69d00982f5,66103,Simonstad,GO
04fe785f-b5b4-4176-ad67-73be6ef83abb,29610,Stephaniefort,PE
37ed178a-e8c9-4bba-ad6d-442b18400829,39877,Weaverfort,PE
1d5826cc-d2ab-47de-a156-d287c3ebe0db,10245,Hollybury,RS
89764b3f-0011-40ea-9c31-e645c150c293,92542,New Andrew,SC
f8174357-8fd2-4002-8760-c09a729a6926,37201,Hinesshire,GO
26895a60-b2aa-4679-8702-cb9e06a0f18d,72907,East David,GO
ba687fda-8217-4e02-ae8e-391538f118fc,79124,Shepherdton,PE
7adda00b-eed6-4587-9d12-f07b8d1a87b5,34424,West Elizabeth,RJ
c9a2a2eb-ca06-426c-839a-60148508ab2b,46867,Port Trevor,BA
c172c624-c1f1-4a81-a5de-9c5833b47a50,74085,Lake Kimberlyside,RS
21185214-9ca9-4551-bcb2-154cf55c38a0,28239,New Howard,DF
6a45c708-3449-4d86-bcf7-7fdc2438e61a,11198,Tranton,SC
6d72a5b2-d382-4146-a47f-fcfb6671b970,31205,Port Micheal,BA
51a378aa-4467-490b-9a54-2118809bced1,21072,Port Stephen,MG
40f124f8-da49-45d9-9ada-877b81f3300f,82072,East Cheryl,GO
2b270ff9-92de-466f-83a3-944bb689381c,47695,Griffinberg,PE
80079dcc-1358-4106-ac67-053681ccba75,93117,Mooneyport,SP
23e34d6c-b95f-4d74-b175-591afb2f0a5b,36554,Marshallmouth,SP
c8d53863-3fa6-4682-85a3-3e2b6acacb11,81929,Kellymouth,MG
ec5628ed-dfe6-4709-a6cd-f197e864e8b0,63984,Joanville,GO
f6cc6d9f-87ac-4600-84cb-e6d66a67a281,23762,Port Candice,DF
88e17be0-0904-45c0-8b04-7fc4c2e83b23,19891,Warrenborough,DF
e8a144bd-232c-40bd-bbf4-29fdf47d82a7,96631,Shirleymouth,MG
145d11c0-902f-4dbb-959b-af74ded5bf1e,67914,Melaniehaven,RJ
65858179-c03a-4b6c-9675-8d80ded70a82,94975,New Juanberg,DF
37f62d14-4e50-4b39-bb2a-26c44cb34c92,78497,New Kellyton,SC
c9500788-71d6-42b7-8f0b-4ba218f13bf1,17664,Joshuachester,RS
1aabfce0-b0de-4b4a-8243-3db6e4760e90,95545,Mandyport,SC
d12e32d9-9ab1-4dd1-abdf-aa0d088c8224,28881,Brownton,PR
b5f6015e-d8c9-45a4-9e5d-39b98dac6161,37267,Davidside,SP
53ea41a3-d225-4f5e-bfc0-f6d7c89af173,82407,North Laurenland,GO
358e965b-12aa-48ac-b2f9-54859d277081,34127,Crystalshire,RS
d11296f5-ed64-4b0f-a915-ffe72b0fc3cb,28617,North Stacymouth,GO
4daa3897-82e3-4694-a7da-b2f06463ac15,65778,Port Crystal,BA
e102893a-fdfc-46bb-acf6-c0aa750e16fb,38736,Lake Charles,BA
368a403b-4b92-4a16-ba8f-ff9131599c87,90702,West Tanyaburgh,RS
2a25ae74-545d-4253-9205-a66cf990e3c5,21700,Josephfurt,RJ
ff3754a1-5e99-4e04-95de-e9e0340f8946,77219,Lake Ashley,DF
6e9e4b06-307a-43df-8808-6c60ef8c35f2,69783,Lake Michael,DF
38e321e8-5568-4f2a-ba74-304c98c30d89,11739,Smithton,PE
c7d78c12-c114-4021-ae4b-fe616ce25213,23074,New Heather,DF
e352b31c-c6b5-4ae4-9ebd-f095e1ca3d09,19849,Youngville,RJ
01789ffe-b788-43d0-90b9-885306bf3525,73165,Michaelshire,DF
071a90d4-849d-4789-8a0f-18aeb482562b,19079,Hughesberg,DF
d5e1b3ef-f75d-43c2-bf58-77c563479fd8,67170,Jackiefurt,SC
4fd7c20a-f143-49b2-996c-3604fa0d5b0b,65714,Markfort,RJ
d8265f80-6f7b-4604-9e9a-23e4a244d19d,54406,Williamburgh,DF
fb604c85-1b09-4f54-8179-522be1046c20,82613,Jenniferside,SP
19316f91-515f-47d8-9f3d-9bba40c83dba,19671,Lanceburgh,RJ
f38f6daa-c281-4850-9e8a-4d5fc210c9be,97433,Cohenhaven,BA
7d3edb6b-1f93-4135-9d89-7d53f099c29b,15684,Hoganmouth,BA
9948bb26-6087-4f83-bcf9-d5e29016b151,89774,Rossview,SP
3d5c1789-c7b9-4e9f-9f6a-36c6fa997d93,90244,Ibarratown,GO
109af759-9e4b-4435-bfe0-2581b39b0d11,66105,West Christopher,GO
d32cc283-e9ce-49b8-abae-a7a7e8c38e1a,68230,Stephanieland,SP
b25b4a9f-c01e-4e40-8f9b-bbc64697687f,76393,Jacksonshire,RJ
8b94300e-bebf-4ea1-a189-bc72f2f705b6,99330,Robertoborough,PE
88e41736-ed01-4eea-9f0a-8a6cff9cc3c0,29583,Port Scott,PE
5cd1b877-d198-4155-8f10-c13851e87eaa,11099,Port Lisaberg,PR
0051e910-4b8a-48b2-b772-ec8c44e37529,79837,Lake Troymouth,GO
6e8557b1-b278-4eda-aeb1-d08279490aac,78321,New Lisastad,GO
bd9902e6-6ace-4979-9277-3c6c0028b32f,30314,North Brittneyview,RS
9600d09f-fa3b-4e44-9581-45d5b8b733af,43044,New Richardside,DF
5250e29b-53b7-451d-8a24-dd59dd0885dd,15426,East Carrie,SC
4c600993-807e-4d71-83ea-5aa12d6ade90,14087,Gardnerport,SC
2643d0b1-a455-4819-bc6d-544e1ab62714,77290,New Kerri,SP
1e93995c-f996-4f90-9769-d856a27a1e36,96023,Javiermouth,RS
fc2005bb-ff32-478d-8781-4b840cdaeb02,99131,Samanthatown,DF
208cf9c8-42a1-4367-8d09-7d38e8f55380,94770,South Amyview,SC
9775c4a0-3862-4de8-a811-f3e6da60976a,72058,Christinafort,GO
d5f23e0b-c679-405f-8a0c-332d13d08ffa,18693,South Amanda,PE
d59417e3-77f6-421a-a401-d383c178175f,74175,West John,PE
5c33ff10-5ee3-46c7-959c-e0e05e2e5d76,86900,Lake Ashleyland,DF
5729740f-a069-4713-94a9-d45ce5638dbd,92825,South Michaelmouth,SC
a243b1fb-782e-4980-a5d9-3f16e9430cfd,23766,Port Jennifer,DF
2bb49163-eeb2-48d6-916e-828096d1dd07,67682,Brownhaven,RJ
6320e5bb-8d66-455f-aa2f-082135c5bc5b,41160,Diazville,RJ
d83bad11-9806-4ace-9452-14649b166cb3,10326,Port Luistown,RS
23d31905-5cf7-4f44-9fbf-d6a5b29e3585,64669,West Matthewport,SP
f209dee2-b51e-43ba-b325-5e78559d0b19,60374,New Terri,SC
11364e4a-1844-41d4-ad02-6e10d1b697f7,97014,East Stephenberg,SC
fb2c8518-e16e-416a-b92c-48139662ea22,76069,Mooreton,PR
e38473e3-6d4c-4e16-af27-d9f8293bb09c,37669,Frostport,GO
1f4e85e9-c840-4901-9276-8113b10c4f67,32666,Padillaburgh,GO
486e1fae-edbe-4ee7-aff2-290f9f5c7fd3,87081,Hensleyfurt,SC
03670b78-12fc-4b71-98eb-bcc3f4a07912,48504,South Caitlinstad,RJ
4fa099a3-c5ec-4752-8502-41cfd70c47b4,14951,Harveyshire,SP
d340fd63-1c98-424b-8cb8-369f33816a1d,17269,Port Alex,MG
4af2a5d6-b03b-4517-b541-f070f6a9483e,23878,Jamesville,DF
27438410-13bc-406d-a4b8-e7c642e9f5c7,72856,East Douglas,MG
b9a5dbde-441e-4e1e-8b16-9e6b3e504e45,57651,West Christopherburgh,BA
747f9c66-b9fd-42c2-9098-b4dd4094864b,73548,Hoffmanberg,RJ
879b2e2f-f4be-49fb-9eea-ecf0b690b6d8,65238,Aprilton,PR
0b1ecc8f-40d5-4e2c-baeb-fac2640a032e,65486,Martinezchester,PE
0030b550-8614-4a92-bbba-e74f87f5b006,91438,Odomton,RS
049d112c-1889-4e76-af15-7a516359822d,27178,North Danielborough,RS
910c646d-0e0e-4038-a137-3858e2b39b9f,84003,Maciasberg,RJ
661b50ad-f54b-42e6-ae25-6c8ed00855a0,28435,Lake Joel,BA
eb963741-64ce-44c2-84ad-536c1de6a951,51243,East Danielville,RS
49b9da05-5553-4422-876a-75d865fecd7b,83424,Wiseland,DF
d3280fad-9a3c-4d7e-962b-993fed11147f,97572,East Heather,RS
1fd02d29-f05c-4845-a084-27bbf21b13d9,11570,Juarezside,SC
05acad15-15fe-4822-92fa-b1203a2c2204,84856,Wilsonton,RJ
7ef4e854-9a3d-405e-ac34-e54dfd71ab37,57600,Pruittland,BA
dd681177-7c40-4e05-90dc-c5e5795473bb,70177,Mcfarlandberg,SP
9f243950-12b5-4b06-a949-e7251c29d96c,99134,Larryfurt,PE
55344176-a8be-4ee9-9d42-06a067062abf,99079,South Stephanie,RJ
17f63c7b-b9c8-4575-b857-ca7a8043cf77,86354,Walterville,DF
8f222d5d-ad4f-40a8-99ef-50a61f9abe1f,46684,West Brenda,DF
495e6bd8-3507-4890-9467-8c96cf072ed8,16104,Marshallbury,PE
f00f0729-a7fe-4cd2-b8d4-00fa894cd78a,16867,East Joshuaport,GO
719dafcd-f557-492a-b90e-fe1e3353b8aa,32264,Troyview,MG
d89e8093-f6aa-4e91-b313-4557629bbe70,64005,Leonardbury,DF
64ed6a0e-fd6c-49c8-bc57-2b1b6ac1d020,34256,New Ericachester,SP
ee1e74fa-26e6-49ce-8eab-24d9ecf0b8d6,94850,East Jacobtown,GO
d1e5064c-a2ab-49aa-b12c-a6dd8600eedf,13780,Ruizside,SP
1409e464-331f-43c7-8533-8a0ff2962bbc,46911,New Jessicaview,GO
bcdc6f18-6fc1-417d-9fa9-e6cfbaa46a4d,61832,South Donaldside,BA
230e333e-313f-4c04-b1be-16e84f647f1a,25660,Russoborough,PE
081026bb-d26b-4538-8084-c538ea4a3b22,77230,Sparksmouth,DF
812ebada-c0d2-4252-a328-3cd57bddcd8a,94182,North Karaview,GO
6d669515-8093-44f4-9e33-50e88d0befde,82286,Petersonfort,MG
58afdff9-7016-453b-bdf4-6cdb614784f7,81739,Brownfort,PE
8e4bae1e-eff8-4241-865d-b67f43815b13,71436,Lake Jenniferfort,MG
4336ae51-97e6-4dfd-b3cd-228e9871989f,33002,West Justinshire,MG
e1202075-d643-486b-bb93-6e34ee9dda83,80772,New Seanstad,RJ
fd468be2-3751-4c09-8779-85f684030681,10197,East Julie,BA
bad648ce-3a76-4e10-8e28-6570b1378007,92251,South Elizabeth,PE
a8834dc7-e4dc-436e-b005-760987526d8e,40572,Priceside,PE
98321a44-5792-44ba-a998-ee08efa97eda,29249,Jamesburgh,SC
faf63191-67dc-4a7d-81af-ca31ccedbe8a,65035,East Susan,GO
5319fb98-e89a-42e1-bf4b-e736923401fe,85652,Smithberg,BA
fa7fff79-4ccf-47eb-a02f-50859325d035,21397,South Robert,BA
d0432075-bcab-43ae-998d-d0c566ff5d96,17814,New Tylerfurt,PE
57719b52-4141-47d7-8116-dbf6b109e221,66375,Karatown,RS
f2c84a34-fd6a-4af0-b0ac-2f9dd5cc64c0,21117,West Richardfort,PR
42e77781-6e7f-4b88-b13c-21633e13b768,91250,Goodmantown,BA
d63d84cf-ee1a-4d6d-8fbd-02a8c1aa9333,26846,Ambermouth,SC
3da57fa0-4ae3-48ef-b35d-2aa612e76b9e,92234,New Tammychester,PR
d7510429-4e29-4c3c-83b3-bc427c377450,46869,Chadton,DF
d1a2fc24-88a6-4386-a447-c19538d6970e,92602,West Becky,MG
27976e0e-8447-4145-b010-8f0d8ff810cb,25773,West Rogertown,MG
b43b21d2-9544-41dd-aa79-6ccdef78b97b,30450,Callahanmouth,BA
90a92f4b-4eae-483f-86d5-0716cff580da,91331,Taylorfurt,PE
f249e6da-cb14-4756-b198-ec1b06b0f7f4,68519,Jonesmouth,GO
b1ba010b-177a-4f0c-afde-2d1d7a5f49b1,70598,North Brianstad,PR
6cb8d059-4116-4b04-8c2a-a87e0be78c07,18748,Friedmanstad,GO
abeb7189-237c-4dc9-a520-1075be680369,40041,Susanfurt,SC
ea08ee8a-6c8b-4505-84e1-41cfbf87cd57,41017,Kaylashire,GO
7240dbe4-d164-41ac-abf7-0d50d483089c,91146,North Samuelland,RS
af46060e-45ec-4586-80cd-ef96dc107e90,24054,West Lauriefort,RS
066a7faf-8e36-4801-a8c4-7d776944683b,41581,South Brittney,RS
586d65f1-1077-405f-b982-e280157a1c87,39824,East Benjamin,PE
f2da41ff-4a24-417e-8706-772daa20db8c,35422,Port Christopher,PR
61af70f8-c10f-44b2-98a2-34a3d7f959ff,72063,Karenstad,SC
6c93bee2-4fba-4a8b-9f3f-663d6954fbaf,79081,Smithside,MG
cbb0e3c2-e954-468e-94e7-e682e32ad17b,39477,Gailburgh,MG
d146db5e-ee57-44c3-9b50-05e14c8b4c2f,25512,Owenshaven,GO
32429df5-7800-4090-b7ac-0503d276b7a7,55113,Johnport,GO
d2032f62-a3c5-48be-a400-68e3db55d6e6,75947,North Emilymouth,SC
d8badfdb-8cb6-4ba4-b729-5f6035631670,37961,Schneidermouth,RJ
ca61579e-9cd3-4d31-9c54-cae0d1356879,96774,Weaverchester,SC
37477016-9497-4655-a7f2-1d9d996c1abe,33038,North Whitney,GO
cef5a1ae-1bd2-45d8-8d1b-041934b9c7c8,84317,Luceromouth,DF
c87dbdf8-e1e7-497e-9a72-74ad89e92fa5,21015,Port Paulfort,PE
20539f7f-12b8-484e-8bb8-392b1ff14a76,13564,South Justinland,PE
5cf80524-f81b-4b69-8e98-bec35f23463e,48618,Webbport,BA
037a5dd6-b033-4daa-b7e7-159eaf807856,15185,Lake Travisland,GO
5f968ec1-3d68-4f4e-84c0-5b5576b05603,32141,New Raymond,PR
f0e44250-b5ad-4d3e-9a6f-3529028fd6ff,74709,North Tara,BA
f85e8feb-42a4-48fe-bd00-a0b6a42cf9ea,93265,South Jose,SP
528d977f-5e09-4667-b125-815235bad08c,19874,Moodytown,GO
ea2a4692-98f2-4ee6-8333-5724c25bc19e,46769,Berryhaven,RJ
438ea15f-3355-4a79-8850-1c4550c04c10,63465,Keithland,SP
91d1fcea-42f1-4038-91c0-1a8876aa13ee,92447,Montoyaland,BA
c2dfe90b-fb91-40e5-8940-a66360e3e7ad,25973,Karenfurt,MG
fa8fac52-8ff8-431e-a9d5-10e2f6687271,67489,Robinsonhaven,SP
a0b48224-03ef-47cf-bf58-16305ca14cf5,73248,Rothfort,SP
896f7268-ee9e-4aa8-b9ed-2659805ef1ba,71175,West Branditon,RS
eca256c9-a37b-4bee-84bf-b8c94c407476,91260,Porterchester,PR
58cf6aef-4730-4105-9090-c5e3c2c7ab5e,31825,Jamesville,MG
80ce0eb1-e4fa-4adf-a0d5-0527700ceab0,37349,Josephburgh,PR
a60e81cd-a4b5-4efe-90e5-6b6a791b2fef,10928,East Adamport,PR
88973ae5-5a76-4ac2-9983-0943d19b5f5d,97579,Ronaldtown,MG
97dc4828-7d22-4bb3-9939-463d911b9e41,50025,Griffinton,SP
49de96e4-563d-49f0-bafd-78adac60d787,72347,Hallchester,PR
5241978c-1a43-4434-b058-802a47841d95,94525,Michelleborough,RS
4a96461b-bf08-443b-91fd-fd3fcc0294ce,43512,Tabithaview,GO
5ea55893-a314-4a83-bdf2-8f597c16b0f9,11598,Wesleyside,SP
efc61604-509a-4837-a688-8a25c2216405,72361,Deborahtown,SC
593ed14d-072e-4193-96f1-b9937d21e9e5,21231,Gonzalezbury,DF
f6899fc8-161d-4ccc-af66-8ca7edad64c1,25580,North Davidshire,RJ
153a9b89-77df-444f-96da-b7f745afe2eb,78249,West Alexanderchester,PE
f272bc8d-3078-42d9-ae79-cfd8410c66e4,83714,East Francesstad,GO
b6209b33-e2ca-49e2-89bd-d3244274f322,93356,Danielsville,RS
5213e6c5-b8f5-4855-bb59-5db908412749,91133,Kathrynhaven,GO
77e7fabf-d071-42d2-ad82-4de41ad5d96b,22044,Bentonbury,BA
aac8760b-7206-4460-96d6-31fe716d7bc2,89678,Thompsonchester,RS
4bfbcd1e-3aa6-4bdb-a05a-4e92947b6569,62176,Deniseside,GO
0ee6135a-9552-4581-a7f4-caef2ce5e93c,11110,Laurabury,PR
eb01cb15-468b-4901-8790-3d73e4a8c209,20654,Danielport,SP
40467ab1-d5e0-4f46-976d-52390d73e6ce,26157,Jasmineborough,BA
58f25ffb-8e8c-4f0b-be8e-325504530d5f,30656,Davidland,BA
caa1bdd6-140d-421a-abdd-18fd22930faa,60095,East Julietown,BA
9e66207b-fbdb-4162-95a5-7d31e281d2e7,18548,Williamsville,SC
5e470d7a-55d8-4cd3-84c5-376e5984a3e1,20855,Toddfort,GO
3dbe5951-dd66-4b3f-9231-3e511e358978,96149,Meganborough,SP
98924ddd-dec5-49d4-acf8-d1db9821fc8a,83482,Lake Andrewland,SP
fe52eb76-6d24-49da-80dc-f8432a63f519,16160,North Jeff,PR
7d3ee997-db5a-440a-8b04-83d948f312e9,59781,Rivasmouth,RS
d1549039-cf7c-45b2-b884-41ba61ed9478,68102,Youngville,PE
d16afcac-b30a-4715-b1cb-9660045a0ac4,48100,Ambertown,DF
028fbec1-f131-483f-b80c-ee6101df9f8d,93730,West Amanda,RS
8bc6a9dd-b193-460d-8c2b-88cdafb1d700,47942,North Penny,SC
ba8b3bd0-f0c3-4117-9c78-8b586742a3d2,26476,West Jennifer,PE
ae8c7c6f-9f59-4331-a8f4-e8ccbc3ed606,59797,South Thomastown,GO
21d1f6c7-09c0-4ed3-9667-10bdf9bc2ed2,97617,North Jamesside,PE
ff9c8d92-3944-4164-8131-b1a078bcccbd,39314,New Cindyville,RS
2ca56b43-c293-4fa4-9cb1-688512a14447,75918,North Michaelshire,RS
1bccd670-d10e-4343-a657-f354ceee0c32,76431,Port Austinside,PR
f81e6f44-aaa7-453f-b236-2096d2b7e756,66914,Shieldsshire,DF
857c5f81-0461-4f66-bb53-531c1cd478a7,98095,South Anthonyton,MG
12f92c52-f584-4976-83e6-81a3429861ec,87712,Angelaport,RJ
62cdb29b-c719-470c-8618-908902dceca9,10621,North Davidburgh,MG
fbd45923-716c-4166-be3a-160f17aa6b79,71642,Batestown,MG
3f0cdd98-3001-48da-95f5-68911b82c0f4,47016,South Victoriamouth,GO
7e88bc83-1d55-440e-9a1e-633bd387a34d,13438,Charleston,RJ
6f852b74-b57a-4928-8fa4-a58df4cda20d,29503,South Deborahmouth,BA
8af4c5ce-98bc-41b4-8aa5-563354baab36,99881,Robertport,SP
13571baa-e387-455b-8e4b-71c57d1add95,79019,East Ronald,BA
e694c778-d4c2-45b0-a5ba-5cc7982b5622,25060,West Randallport,PR
bcf695f4-f758-490f-8e74-b624e72cb5d7,22133,South James,GO
d9a39471-8421-4acd-9e74-ae56dc38e7a1,28906,New Chelsea,PR
d9b3fce9-f465-47a7-a0a7-6a27cdef801d,62521,East William,MG
5d488109-2566-42a1-9aad-8caa0c7fb2dc,90664,Sharifort,MG
64d89e54-2453-4017-8b11-74bcaf43a6ea,51857,Allenberg,PE
87af6410-f4fa-441c-b2e7-0062c2a2d7e6,94703,Michaelfurt,PR
f347238b-6980-4adc-a5be-4c375c1ad1ed,97210,Santiagofort,SP
988c6f18-fbc1-403a-bb7d-46dc1e753a9e,12844,South Timothyberg,SC
9e2661b0-45d2-41ee-8f14-d8975b0f42d7,43711,Melissahaven,DF
3a179a1f-4e0f-40d9-b496-36f71a01e953,30164,Lindsayhaven,MG
6c3c3622-f0cd-4c7c-a5b0-2eb9d1c2a53f,26380,Timothyborough,SP
9b798494-a274-49eb-b0cb-ab191f855874,10094,Grimesstad,MG
e7e494b4-8abf-49aa-95b9-81756428ebae,12562,Port Amandaport,SC
ba4f0e91-6098-4ae4-9fbb-4cdb0c6f74cb,18576,Singletonshire,PE
dda2c204-1a01-4a13-9d15-3a8b2face4ba,84083,Wrightstad,SP
510ab058-9c49-4dfc-9b0b-391f9cd8fb66,79366,East Morganshire,PE
225d92ca-9db5-4c93-94ff-9e798bf1fa6e,72720,New David,PR
cfbe1130-b171-4cdb-8540-923846e1b3e3,33270,South Crystal,DF
1225335a-7198-40cc-ac0c-acbe388c8f17,47417,Port Williamchester,PE
ff9e0de5-9347-4b6e-9125-2ac54aa11737,22531,Terryton,GO
ef7b7697-0ea1-489f-8d06-d672498debab,41805,Larsenville,SC
a02e7acd-cacc-4965-8516-2a3090c80f5e,51265,North Arianashire,RJ
643c2182-3028-4719-bfd4-f6a8bd4e5edd,98902,Vasquezport,SC
ddaac956-edb8-4805-acc7-716833566534,86488,Micheleville,GO
f63324d4-3345-4fc4-9675-e89d7fa8bea6,80984,New Alexis,RS
b9723710-0029-449a-90d5-e811adf9e63f,26829,Foleyport,MG
35992a3a-a6c6-484a-9d5e-9c14a0ac67f1,29349,Port Madison,GO
e393c65a-ff60-4b8e-941f-299ed3c5745c,71784,North Nicholas,RJ
93cdb9c3-ed07-447b-92be-2f2f46398e11,71274,Devinfurt,GO
4979dbe3-bd04-4a69-8a28-b85934f7135e,31372,Edwardsland,MG
88c2d38f-7a4d-4734-bb74-6b1536f903d4,36599,Nicolasville,BA
4768c415-5c0e-4e7c-a0e9-373566d06313,44932,Davischester,GO
19fd0908-6621-47bc-985e-0b7bc0fbc114,71329,Janiceborough,GO
a87e3f52-3233-4036-b9b4-9135ae25a20b,21054,Vickitown,BA
44d6ea05-a306-4124-963b-29b58d24663a,40278,West Allison,RJ
d13eaaba-5464-439d-b214-bd8f120d833c,25116,Davisville,SC
df550fa5-2955-4a25-ad2a-e2d8c031f7b0,41006,North Dana,RS
192e8db0-da27-4d6c-832c-2b08f12b8318,82877,Lake Carmenport,RS
f291f93d-9df4-4dc5-ae64-752aaa71b430,57824,West Alan,SC
da2d9ee6-834e-4101-bd15-d0d79b3da738,91127,Johnsonberg,SC
9b766551-0d64-4271-851e-74e072b1d821,30717,East Megan,SC
9558fbd0-50f1-4ac3-90eb-4a1447977675,82577,Brookeburgh,PR
4b7ce6ec-bbfe-499b-a013-d8a1bd057efe,31691,Port Victor,RS
01302c7b-e12b-4fc8-8bac-0072339244c2,64992,Rodrigueztown,PE
db2d9dbc-75c0-4285-9146-5b001040a83c,62517,East Ricardo,GO
10bd149a-774a-4110-9739-f7342c091345,59698,Lake Joelstad,DF
16334884-1306-43a4-8ae5-be0e85b6dfc4,29976,Andrewfort,GO
74b14016-41ed-4ecc-b92a-54627cc822a9,37641,Palmerchester,SP
c1a603f6-cdd0-4917-aa1f-0f8f00d82a98,47421,Port Michelle,RJ
59d5c174-5ac9-46d4-8c79-e0d6f27ef2a7,65878,Reedstad,SC
25231cdc-0d53-45dc-a293-efa431c86cd2,71251,Cynthiabury,DF
3069885a-b0f4-4db6-be1b-2bbb31fe4ece,79052,Heidiview,RS
3db2a2ff-e327-4415-b670-4a886cf99436,23983,Lake Stephanie,PE
557a45de-9935-4ceb-baad-d6f8b623f3a1,26567,Lake Nicholas,PE
bd6a6711-3ef8-43a0-8088-9296c3183feb,54345,New Christopherton,RS
4ef2d8a4-19af-4782-a601-d57fe5fd4fcc,23187,East Joseph,SP
d624aba2-85f8-48c5-99eb-2610550b58d0,98736,Rodriguezside,SC
2bc7500a-7c08-4cb8-97ab-2f5f1b882e9c,53755,Harrisville,BA
08096e95-2d13-4a2f-83cf-74742b649488,89148,East Michaelshire,RJ
ed7a3bcd-cccf-4a38-8813-77f0b0659a47,85578,East Pamela,BA
24d16178-bc45-4389-b203-9d2d031133d7,42103,Paulbury,PR
f95429be-17a0-485f-9aa1-0a60081bcea1,14258,North Christina,GO
c535fcbc-0991-4f3f-8e27-111ec6f7014c,82705,Jenniferborough,PR
53e1e915-afad-4c95-bda9-ea742f04f1e1,32835,North Michelleview,SP
0a0da383-6e96-4269-a5a2-65f9847fa6cb,57598,Lake Rhonda,GO
21e09371-14db-4360-bd48-2edf9123f711,12036,North Michaeltown,SC
1ce80b2e-cf24-4c66-a91e-697e5931e113,47383,New Maria,GO
410eff85-ea9e-44e4-ba7e-ed963cc0af0c,75357,Lake Adam,GO
364c901b-be3f-4035-ad8c-badf425ed964,66785,Port Tracyside,DF
ec0e7b89-12fa-44d7-8a69-b796acc7071d,25976,Garrettland,DF
9d17e7a2-4301-4f30-8a5c-6cf584a451e9,32377,Pamelatown,SP
808af6cb-1091-4933-9430-347fac38d333,76044,East Nathaniel,PR
e360e9d8-d3a6-44c3-9035-14a1ab8464e2,86587,Gravesburgh,RS
d6176400-0261-40c1-bc13-a229566dfe2f,98752,West Nicholas,SC
b5a3ed96-e034-4121-9841-4464ee85af16,81476,East Rebecca,GO
84ccd050-2669-4d66-abf4-8c207a791fb1,47419,Port Samantha,RJ
ad9e8a03-0bbb-47ff-bff7-dc84ba89a744,43901,Lake Susan,RJ
bfe13d16-b525-4175-b1fd-c0a0b44d9e50,98292,New Samanthastad,MG
27273b4e-c75e-48bc-9e9b-f04b12abd0e0,94815,Clarkburgh,GO
73b07970-668a-44ef-8b23-f7e36065c8c1,64193,Port Leah,GO
df347b50-a5ad-417d-b1ee-7ae2f6234ee1,22750,Garciamouth,SP
3f370c4a-e292-40eb-84a1-6090b04d8147,89782,South Christopherside,RJ
03e49777-86ad-4be9-9bdd-984ce16098a6,79065,Brianmouth,RS
370b91b6-d401-43ae-9be0-ec4bf9ba9159,74280,New Erik,RS
a80a7009-b760-4617-a6e3-0c09e46f5db3,20118,Michaelview,BA
f0e55409-6290-4967-9051-3a63b4d57229,49237,Port Henry,RJ
7c641641-3a87-4156-9069-d039f01d9d6e,55424,West Edward,RS
b5c78b25-e19a-46fa-93a2-68f79e15783d,12046,Taylorchester,GO
e860181d-b56e-455d-86e1-7d1871260060,44087,Hartburgh,BA
2f289144-1588-4426-b913-2933f9eb1e4e,22538,Leeside,RJ
f6cf78f2-c1af-4653-a87d-c0d5f7dc3b44,52232,North Stephaniemouth,MG
993730e0-8371-4328-8e6d-ec40fe443458,69269,Harrisonside,SP
238d7601-7011-4c75-863b-b310a9a3d3d8,93308,Robertshaven,DF
eed17ac8-aea2-4303-9973-066f5cde3f9e,18500,Walkerburgh,SC
b37fc243-5ac1-4f76-b973-3d9a45efc7e1,69813,Lake Angela,SP
ea2aad0c-aa23-4aef-a4c1-0a63c5bb45a6,79397,New Shannonview,RJ
84b3886c-71e1-45b2-904b-7c72c6f14c63,86636,Port Kathleen,RJ
6ae55939-ca6a-4e53-a96c-7ed7fdb87474,49035,South Karen,SP
33449e05-f29d-42b6-8762-6571fb4aaedd,67816,North Markshire,MG
fa7ccc33-6d44-43e4-8887-0c071c5a3186,25238,Johnsonhaven,PR
1706d6d8-2b4f-4273-89e9-92b8b578591e,14757,Andrewborough,GO
10f1319c-bbee-40b4-a834-05886bcbf528,13236,Lake Sheenafort,RJ
49971813-4dd5-4684-b987-2170ff79751e,18192,East Brucefort,PE
8226a268-9348-4d03-a43f-da642c512332,19755,Taylormouth,RS
c8708c85-dfc5-4132-9c6b-817ce7a6feb2,96551,North Sarahburgh,PR
0724b868-80f9-4d86-b140-1e17060615aa,82610,Lake Chase,BA
b2ed9c8f-eddf-4efe-a693-653be2551954,84161,East William,BA
a7fdb213-0b58-47ac-ba7d-973ed030ed2c,66216,New Daniel,DF
698769aa-ea98-4286-bca7-f804dd00dc2c,99149,Jenniferfort,BA
fc449ab7-832b-4e76-8272-cafdf83f28ab,99406,Karenberg,BA
924ae5cc-8ec6-40f1-bd5c-3e0ed2189615,76547,Connieburgh,SC
c8bab3b3-1df0-4ef0-ad70-9f10648bc888,90852,Schwartzchester,SP
da9751c9-d7c3-4c7e-94aa-b03642c570ee,84442,Harrisland,BA
fda1bc10-72b7-4cd2-971b-e4de5da34e50,95819,Charleston,RJ
58ed7a7c-7c83-4e61-87c3-2802bea6251f,61693,South Ryanmouth,GO
25d9787d-136e-4b4d-a008-1545665b4f8f,40458,West Jonathanmouth,SP
72d1632e-5356-4df3-a293-1dca9dd289f6,88080,Jenniferburgh,PE
23ecf6cf-0d10-40e2-90ab-ed270bd6f238,28672,East Brian,RJ
2507d0e6-d2d9-4715-92e7-87add37326fe,62017,Kimberlyshire,PE
dc302bc0-c169-4a36-b8cf-2a89800e6fb8,97442,East Ashley,SP
cec5fb43-96d7-4471-8758-f8d50b4c37ba,92901,Smithtown,RJ
ef3eca53-aa98-4ccc-81ff-a354275daa4d,40339,West Ann,SC
59c17cd4-60b2-4139-85e5-1e56c6fb32d6,54010,Lake Emmafort,GO
e793499a-7c08-41af-bd93-66f24d9a4a1d,89792,East Julieport,RJ
0b68de78-b102-467e-9405-5b21b06f1f52,33089,Ruizside,PR
d4ba8f4b-63d1-48d6-b40f-03612bbc6d91,89445,East Catherine,PR
20c81b5e-ac10-4397-a665-296ff2bf7ad2,58094,Jamesberg,PE
dcb00d16-cc95-46e1-955d-34f383e405e0,45311,Briannafort,RJ
cbafb80b-b72a-4455-902c-ab99ab01677f,39659,Foxmouth,PR
7f201bf5-47ab-4b9b-ad7b-acf75b6e5312,87355,New Cristinaberg,DF
830fbb07-b0de-4807-9f9e-f22c402c1bc9,71103,Port Stephanieshire,BA
3123c0a6-3fa9-498b-9c64-8186dde1206b,59265,Connerchester,BA
1422336e-d6a4-483f-a78f-1e246a93d84b,92521,West Jacobmouth,SP
200efb23-0e77-4008-ac6d-b383d5a69f2a,17682,Copelandtown,DF
4ab0f56e-3d65-4792-9915-fe17565bfdc5,54350,New Scott,MG
712168b0-e33b-4436-baf9-f5a3db305765,29598,Lewismouth,GO
658d0c3e-fe5d-46b9-a64f-a9bce2200c2a,67763,Cynthiaton,RS
279663c7-a60e-47e6-a5de-82d17490030c,30259,Port Katherine,MG
892bdf35-cd77-4c4c-bce1-ca030be0122a,70211,Andersontown,BA
1a07b572-f66d-4c2c-b5a8-85320282c9b8,46418,Bennetthaven,GO
0c946293-72f3-4f67-a153-70008e197944,83025,South Ashleytown,PR
3558caca-27bc-407d-acfa-2e6066c62adb,80048,Mcdonaldville,MG
b63c3551-7089-4521-b2ba-fafe97474f19,31118,Gambleland,PR
50c8140e-3866-4ff4-8cf3-ae022c9cfdd9,83611,Vazquezstad,SC
72a1b5bc-d3ee-4f67-a69d-64bbf013853b,11125,Donnachester,SP
b5708368-d730-4ae1-94e2-a775dc2c7966,62140,Torresmouth,GO
67c87764-8466-4431-9dc7-748a4e8f2779,53445,New Barbaraburgh,GO
725d64d1-0117-4d3b-9abf-6215adfd30d1,61947,Lisatown,MG
d1172b35-757b-46e7-972a-28921e872474,81836,East Michael,RJ
43aa5e49-ad0a-43cb-9b3f-502978131d53,18005,Matthewton,SP
e62a988f-d1ac-4db3-9549-a65dd23d2e03,51086,Torresshire,SP
ceb2c57b-9e94-45a0-bc0f-dba868469340,33332,Brittanyview,PE
5c9de4bd-80cd-4abf-86d4-2320423261ed,12861,East Davidhaven,PE
4fe92d49-a4a5-4f10-85f3-efbb63e21b1c,32056,Lake Danielview,BA
68c73a2a-e606-4d37-8877-1c89868cc1c4,73470,North Joshua,GO
107ca4c8-7b8e-4350-8a7c-64cef6071bbc,42557,Millerfort,GO
583d03d8-6385-4769-bb63-7d08792eebb8,85266,Hallshire,RJ
804a9ab2-0af4-41a1-b8d3-0f7f6b99ae01,26681,Jordanchester,PR
e6192e2e-832c-4420-b43c-26d6cebeb4ad,95409,East Calvinville,RS
cf1691fe-b84f-4b88-8067-995d14e3f769,49134,North Edward,SC
b306c9bd-f6b5-4134-840c-81da3ea37bff,77671,New Howardton,RS
25db66e8-2553-49f0-8862-88ca2cfe27f4,82974,Jennyhaven,BA
29a200a1-c349-425e-97b3-f043790b62a9,72616,West Chadfort,GO
ea2a4ca0-8de5-4b10-a0f2-17196df03e6b,67267,Chrisbury,MG
09c19f7c-c6f5-4044-a04d-91a499166b84,26192,South Benjamin,MG
eb2f1508-1ec7-4ffe-b74b-f8df9a12a8c0,41452,Wallacebury,MG
8772bc8c-a741-43a0-a934-2516c48f85e8,87121,Olsonside,RS
26015d31-b209-4930-8616-22b710c98e3e,98607,East Michael,PE
775eb260-f4e4-4e0b-b214-81cbd44fb2db,94055,Barnetttown,PR
3e535544-22ef-4a1f-8348-adf4acf056fa,20275,North Taylorfurt,RS
3ff47f63-22c1-487e-9a4e-c12ceee215c7,43441,Lake Michelleland,RJ
487a5987-7984-44ab-866b-3165e47e070a,64581,Lake Marvinchester,MG
29d6411a-d157-4879-bed3-b05d749c8443,98472,Lake Cynthia,PE
f0b5c17a-c1eb-4b4f-bd30-d2a0c184e9f2,40299,New Robertside,SP
0546d47c-1f9a-46fb-afae-fe987ca8e8b9,93290,Jacobsview,GO
c5c2f22f-1300-44e6-bebd-d613214e2501,69294,New William,DF
b32b5515-bb90-4185-b35e-2ee07b3fd965,13334,West Nicholasbury,GO
0113fa99-6dac-4e33-b761-213ecb449b28,44109,New Michael,RJ
ade244a0-fa9c-4774-9bd2-91d78dad5ce7,98384,Lake Tracy,PR
156f5d86-553c-48bc-8fa1-3ec1a897492f,69074,New Edwinfurt,RJ
f3264c29-4e93-4e3f-96bf-afc8749bda30,13870,Joefort,PR
928c10b0-695a-4b52-85ad-5054385cb725,22235,West Elizabethport,RJ
73fb26dc-af7b-4715-bcf1-fe6a78cdf879,41279,East Melissa,RS
a8205057-1bc6-4742-ad4a-192307535667,81225,Lake Robertfurt,PE
533f3bc8-e170-40fe-ab6f-f94b2eb04fc8,23499,Port Dean,DF
5858cc6a-1d0c-443d-8580-8a6b56e12eca,32368,Taylorfort,SC
2a3735dc-be03-4beb-88d6-1d5726e1e4f5,56703,North Brianstad,SC
e8fb4871-e77d-4c75-a536-e4020d2efd8e,77302,Walkerbury,MG
8dd345da-f915-4d99-ad11-da76c7c0f0d9,91793,Josephfort,RS
d4ef1448-bc84-42a1-9163-bb132ce4c21b,38732,East Elizabeth,RJ
ad104d08-acdb-498e-97e8-3e94cbae38ae,88042,East Elaineshire,PR
24b23312-0437-41bc-8856-c09ca27fc8c8,72332,West Anthony,PE
07cc6b31-8c8d-47e3-8432-948585a2ca3c,24351,Cannonmouth,RJ
1f242afe-684b-433b-8f6a-e30f2f2c3b8c,89045,Joshuatown,RS
793b93a7-39c2-42de-8f45-81a1e49aa119,39252,Lake Savannah,SC
bec305ae-a106-4848-b714-3ebd86257ffb,25177,Gravestown,DF
fce1677b-e71d-4af2-b468-817010d6cf7e,71125,Marymouth,DF
9e31f1f9-ade4-4145-8cd4-e25121f5febe,68859,Thomaston,SC
a7cabbe0-5d8a-4627-a36d-76b23c6adb56,35245,Anthonymouth,PE
3e9fa64f-fff3-4cf9-807b-cf156340cb8c,20788,Danielchester,PR
6b4c1e0f-5b21-4e8f-b1b1-cf3b9e41140f,18469,Johnsonton,PE
2dfae74e-afda-47f8-8936-ea79b0d2799c,50049,Javierfurt,MG
da855876-b06c-41e2-8fb5-037b1fdf4621,41635,North Jacqueline,PE
9b75d4ed-5159-4d94-bacf-8100215f8bf1,33244,South Christineville,PE
e00e70ca-2a63-4ed1-942a-d8ccc3308ef2,55602,Kellychester,SC
3cdf1430-1ad5-4205-a8f9-d57d0416a5b9,69112,Port Theresamouth,SC
a7e9cb27-5f19-43e6-ba03-854d3ecedad5,70765,Samanthahaven,BA
e81034d1-9aa9-40c6-8139-74da554ee44b,19160,North Lisaview,MG
8d819555-513a-45d9-b890-df4f19b57905,39876,Robertstad,SP
e67d54ad-a288-4378-8814-cc5a67eccb87,79579,Lake Samuel,SC
d391b653-6509-465d-a59e-b4d18d354499,66201,North Sarah,RS
b96cca2f-2900-4bd7-8069-94186bb7328f,81317,Ellenton,RS
8c320a09-3e1c-4885-9b3c-23612dd620d8,95870,Hectorhaven,BA
988a3ce4-5620-41e2-9862-3184bb862862,32992,Lake Zachary,PR
787682f9-77ae-4189-8b32-d4ecfc5a4897,13296,Lewisfort,SC
43a0cab9-eed7-4ddd-b236-716ace0732eb,91141,West Jessicabury,MG
05e24ff5-1d65-4044-9fe4-7567ace733eb,77451,Barnesview,SC
f6be4015-d953-4554-bebd-ad649d6e21e6,10528,Ayersstad,DF
482cceb9-11c8-441d-9bfd-e436da9c20fe,38831,North Heatherchester,DF
c65aa26b-b449-406d-b0f2-f88fb4125fa4,63484,New Samuel,DF
d6b430c9-000c-46a9-910d-a1cc8302d8a4,63004,Lake Ricardo,SC
3970db3e-d594-40e4-b2f2-4ea7af5f16af,25884,New Joseph,PR
f95502c9-f054-40dc-aab9-f1bf89d777ed,45370,Port Brenda,DF
0b38b0fb-4136-4b7e-9afc-b32e56ab3b35,76555,Juliamouth,GO
1da71fb7-e2a2-4794-88f0-04d37452c6b1,15786,Lake Stevenburgh,RJ
5715b52a-7926-4472-b219-4fc09e9edc26,65689,South Michellebury,MG
20d97717-3f09-4ca1-aa41-e3cc0e3c8118,83650,South Christopher,PE
a1fe11ab-3429-4ea0-95ee-36fe449d57a8,50129,East Laura,RJ
db3ae239-6165-4e09-9ebf-65f04edf4f57,87114,Lake Richardport,PR
258b176a-a564-4bb4-914b-84126c612327,17561,Brooksview,MG
70cd02f7-5d3e-42ae-bc5d-bcfd0392a47b,77113,Paulton,GO
01599077-2440-4c4c-9983-8003c6ce77a7,34134,Daviesborough,RS
14696bd1-b2ac-4646-96ee-8e1c8bea4eba,11102,Guerreroville,PR
5fe944a6-e5a2-4040-9ab2-079afef7ce25,12069,North Kristinamouth,RJ
a59b8a86-8969-4004-9d76-fb3953b58abd,34085,New Patrickport,RJ
18997191-c180-4d3f-b552-4b619d3cc770,40714,Josephberg,SP
5c925398-435d-4e4d-bd12-d6751575ea31,80894,Sherryton,GO
cdb1e7a1-5d5c-47b4-b909-6e3ecb548127,80394,Christopherfort,SP
abeff6ea-712f-421f-8ce9-aad6ef059163,58611,Nicholsonborough,PE
6dc4d696-db4e-4a82-ae9d-00f20a57b25a,85378,Hernandezview,PE
11c5aa9b-28ef-4da1-ac1d-8e93ec0002a0,11798,Elizabethstad,BA
f4407bdf-2753-4ecb-b040-c493a087b403,70981,Lake Randyland,PE
4ac53c20-5d6c-4d8b-9e0f-6b8fcfdc7a2d,72751,West Jacqueline,RS
302fd49a-59e6-4a4b-9871-c83935c809df,35225,Port Janetfurt,SP
1b2f8fb1-40da-423b-a109-406b63f38eaa,74380,New Megan,GO
aef9384c-8e1c-49ee-9ff8-fd802bd2f0f4,61074,Briannaport,PR
19a65988-4408-4291-96f7-a721c6808647,34112,Lake Adrianachester,GO
592066c7-3122-4812-895e-0c152d809323,10061,Port Michael,GO
6667eed9-331e-4108-9484-44a14001f30f,77448,New Gregory,DF
1b17f94f-a72e-4bfe-af99-56fafe5f1ec7,81848,Port Michael,MG
7978d94c-a183-4250-80df-e134b92206fe,25548,Burchview,SC
512aa117-8268-4279-80a5-c03d09717d45,64162,North Lisachester,BA
a0cb573d-a7af-421c-9b2b-47ef12a3abe0,54782,South Brian,RS
8da1bc6c-38b3-47af-80a2-a5397cff8813,13228,Connorhaven,PE
7cf3f438-ce86-49be-9eb4-66d9224a06ab,31794,West Courtneyport,PR
437b3ceb-80f5-4279-b33f-c490b17a31ed,39603,Mariachester,MG
e1f55dc6-bb2f-4fa6-8a69-6086a2df375d,95576,East Juliatown,DF
eed32e35-cf0c-45cf-b98a-4d8be71f795b,74715,Barnesport,GO
92b4f8e8-bf69-4e18-8693-265b916b17a6,59298,West Kristenfort,GO
12f7453f-c01e-47e0-84d6-bc643bd5425f,17927,Justinport,RJ
be7c663d-3743-44ec-957c-4a75f88c966a,83105,West Ann,BA
6e8baaf7-a509-4052-aeae-307774dbd013,88634,Port Christopherborough,SC
9d7303e3-821b-4bd2-be0d-a4fe4bd09b71,62253,Andreamouth,GO
776a153d-6593-4a06-9f4e-98876f3f3c92,81716,New Kimberlychester,SP
08840a52-7a23-4978-9a70-51a91d54345e,41944,South Raymond,RS
d6acb25e-9cfa-4a58-9220-ef41629469f7,38365,South Alyssamouth,PE
e22f0a43-f83a-435a-b2cc-138002aeaa18,34684,North Ruth,MG
4c90bea9-c241-47a9-b35d-5b47f89015fd,62974,East Jasonton,GO
4b060cb9-a2be-466d-9a8d-3f3aa191a3e8,42621,New Ryan,MG
30222250-9bce-424a-b925-f1fd250d8861,89684,Youngside,DF
08fbfaf3-0820-4a64-b86e-87d804e22b94,99819,Jordanstad,MG
37a3ae0a-03d2-4455-b461-76785065b55a,22365,Garciaberg,MG
c10a94ff-b839-4a5b-a18f-e3188ab6bc7d,31087,Ginaton,PE
5e8045c5-d82b-4a9d-8b33-c8cbed1aec1e,91286,West Angela,PE
07f2a9f1-3a71-437c-b4d8-7a6edcf4ec35,35183,South Sheilaview,MG
83a430bd-380f-4dd7-af5f-ff8ec16e4c4f,85713,Port Taylortown,DF
7cf85217-c3e9-4eb7-8eab-3f3768a32793,62025,Douglasfurt,SC
0f353248-b531-40af-8a30-97938b02361a,47070,Alexandermouth,SP
13dc0112-342c-4172-887a-7e5577c44cf4,94582,Kennethview,RS
fa0cf9f8-1949-4f71-b4f4-daab1f9f3dbd,56102,North Ronaldchester,DF
97d1906e-a759-487b-afe7-7d1c7a7bc956,98708,Kochshire,RS
03dbb040-3041-40bc-b59d-c783a0a2743f,79008,Gillespieville,RJ
35d2f92f-42ef-45ab-82ff-df44ac5ef5aa,35817,Darrellside,PR
4bfd6a26-ba50-4561-94cd-e8fba9de2af9,15908,Port Jamesberg,SC
6347e3dc-dcb3-4388-a7e4-d61583ae2827,50815,New John,RS
720d51dd-9f28-492a-850e-5e6b9b1d0a45,87865,Lake Carol,SP
dd367c9b-dc9f-45cd-8020-19b4b65487f0,86385,North Angelaview,RS
3c56b1b6-e297-4996-ac5d-d0cf0ebd1383,81785,Lake Sarahfurt,GO
65cb10d3-8b89-4070-a97d-ac4895ad412b,71358,Lindafurt,SC
6aa3fe90-bbd6-41ae-b695-9e8bb1598af4,55682,Kristinemouth,BA
951dc383-a066-4d6d-b252-31199ad11262,68473,Diazview,DF
4acb1515-a4b0-49f9-aa62-82ba50ba95cd,19116,Boydtown,DF
15a8385b-fedd-42a7-93d5-64bd3a8c9141,60917,Lake Regina,SP
06d08eaf-ab1c-46a3-8ad1-ba5c9fb11fc7,44962,Brittanyfort,SP
626547fe-7dcb-48c0-b7e6-ab9b601dce26,48944,South Danielle,SC
84390c20-9120-4d60-87f3-17faac8c17aa,78807,Courtneymouth,RJ
5134b991-7874-4be8-b544-396415a3bf17,39916,New Amy,GO
4419dd09-7a6c-46bf-8767-660a173a0a3c,97727,West Catherineside,PR
2348d2be-b021-4328-ae75-10c3b3a98b41,87204,West Gabriel,PR
2736bc3f-0f3b-4508-9d49-617d2091cf37,75517,Burnettview,PE
54ee9d1b-d8cf-4a61-ad31-8af900b7f8cf,61934,Reyeshaven,GO
20fe899b-1cb8-444e-8579-4d85d4c1257f,98125,New Calebberg,PE
899aa49f-feed-4bcb-9428-a0be3b70ccd6,54156,Fosterbury,MG
d16e68b2-60d3-4a76-9ddb-f293afdbf2fe,58533,Shawnmouth,BA
ac42e93d-e5b2-4f12-bd09-7284dcd28e93,97133,Lake Jasminehaven,BA
c27abd88-7cd7-42ad-87ae-656960653e23,63662,West Stevenmouth,SC
8920ef5f-7824-4508-a2f6-6a64d244c9ca,22416,Michaelburgh,PE
e67fd33f-1af4-4f04-9547-ca6afe000416,14224,South Andreside,RJ
8de3f4c2-ebbf-47b6-bba2-3d04fe7d3ec8,72930,North Chelsea,GO
d04f3f85-8a51-4e02-835e-7135a2018706,75876,Robertshaven,PR
af4b4efc-2716-420c-bcc2-6c2158b9d43c,49132,Heatherbury,BA
ec390084-0f1f-4821-b730-1883f886703d,59852,West Aaron,RS
4552cd0d-5008-471c-8a2d-5f0bd222013f,18399,Port Cynthia,GO
23a04b75-94d5-4097-a8ff-829589d8b80f,49321,South Dawn,BA
1bb6f879-5070-4700-92fa-d807422def87,91430,Karenberg,SC
8ed635bd-035c-4406-a725-934ffc03b55d,69836,Schneiderborough,SC
e91194a8-3fc9-41ce-82ed-401916dcecca,29214,Davisville,DF
b03392d5-aee1-451c-b34b-3cbc8204e30b,34052,Lake Toddview,DF
037dfe11-5c6f-4623-9f84-3eb762a69862,78880,Christinaberg,PE
f591b9d0-77be-4ac5-bf54-15bca17800b8,59105,South Elizabeth,SP
a36198b8-05a1-4609-8042-aa8723272686,37138,Clarkburgh,GO
501baff1-716e-4640-8214-a7db867cc56c,99813,Powellton,MG
98e9488f-68bb-4773-806c-6c45a1ecb0df,13333,South Maria,DF
fc2fa736-b313-4814-bbed-c0bf7a0354aa,81820,Jacquelinefort,MG
7a150f23-59f0-41ea-a9f8-2d1735ab9894,35315,Hernandezfort,RS
bc3c519b-f716-4f9c-be70-a90c84420f9a,52961,Josephton,RJ
52d5d11a-37b5-4e7a-8bf7-67a3f44829f0,76338,West Amandachester,GO
3e976e1d-9c70-4e5d-a390-7d6d0429d83f,61688,Tarabury,PR
74b57ebd-b614-4759-aae2-d90f6182ccb4,80669,New Maryshire,RS
3912e615-8d37-4c9b-8bd4-d3333114f8c8,74294,Rogersstad,MG
b895b704-b882-4f93-82ec-a4ab1f970ed2,22467,Jonesbury,MG
a2ae0aa3-0afe-4edd-a188-7c118281f626,12510,Karifurt,MG
ac071e06-c659-4da4-88d5-8611072df149,20558,Lake Michelle,SC
a4ffe323-8279-40d0-9d3b-cfaf68ff4c18,20420,North Noah,PE
9b5786d5-91f5-435d-808e-60a0dd299904,16116,Port Jenniferhaven,RJ
d527a918-06d4-4d7e-8e73-7095cdb081f3,75446,Ethanview,RS
1e33c05d-3ca8-4d68-a869-bc7dfb5005b1,55381,South Elizabeth,BA
e42353f3-2b5c-44cd-9bca-e3948deb7d89,23114,Dennisfurt,SC
a794c508-65ec-4c5c-b30e-feca9b0fac45,40843,Lake William,RJ
60972399-b585-41d5-844f-fd5340c6dab2,80716,West Kimberlytown,DF
1b98cf13-0cb1-4db6-b925-0424fefe7fbf,16345,Lake Pamelashire,DF
96d15b99-8754-4ae6-b070-94870556fbfc,16713,North Katelyn,DF
8ac733bf-c788-4754-ad5e-1a0b1fa707f0,61557,Wellsville,RS
ce752b65-e882-4911-9541-55ef8958248d,14820,Mahoneyfort,PE
a5ad613a-a15e-4c23-868f-a137aea16c69,63827,Thomasborough,MG
5e1d8547-f860-4bc0-b1e1-d82a6da1f753,92667,Vanceland,BA
4a03e3bd-6d32-4d52-be37-9d8aa92ac553,39019,Lake Vincent,SP
df4343d0-7314-4fd7-afc1-229cfa7e9f5f,95943,North Jamie,RS
d2d457fd-25d0-4e7b-9961-d9a479fb94d8,60309,Robertville,SP
ad0372b4-b665-4bf3-92cd-383e9062dc33,66975,Houstonland,MG
83ce9022-f858-4af0-9fa9-11104cc0aba9,67167,West Brandiview,PE
b79ad143-e7cb-461a-914f-beec4268c344,72250,Amyhaven,PE
2c9e8fb0-4b94-4663-a51c-11fc41a568da,13817,North Coryhaven,MG
7e29be17-7e9e-4148-a5b1-1c870880c2ee,74038,Michellefort,MG
51a35a24-ff87-4b2e-8687-652e27440c3f,32515,Angelaberg,GO
b84be047-499d-44ff-b741-9232dc3d665d,86674,Timothyland,SP
2d7eb169-dead-4537-a7d8-0ad3c1632755,41483,Newmanshire,PE
22cbcd96-4dad-4153-95e9-beafa18a0d84,59538,West Fred,MG
4a0678d8-755c-4b11-a988-fbbe6b49168b,75418,Port Christinaville,SP
febb6170-b58b-4bca-91b4-c935c18916cf,20760,Turnerport,MG
bcd33c84-944c-4897-a072-683af20dd605,37922,Sarahmouth,PR
ae64ebd9-7861-453f-afcc-abd5d0802bce,93385,Holtfort,MG
e8c02eae-7a0c-42f2-894b-adda72bb31c3,56528,Joeborough,GO
b957273e-5c90-4d50-b451-ec2352d80c6c,32037,Lake Maryton,BA
7f29bfea-1015-4db6-8884-e693e0f03a3b,79328,West Paula,PE
3d29b36f-d083-4983-98b5-e219a0c77932,81327,Port Lisa,PE
953fbea5-a9ca-4d7f-86b2-57756d4e79ea,42201,Kellybury,SP
85ce33f9-4e5f-4cca-85fb-5fbc92016859,76355,Allenland,PR
1a0930b4-83bb-4ea6-a769-513db840a541,67153,Carterfurt,RJ
75d229c4-50e4-4483-bc70-a6b727a91aa4,45473,East Darrellberg,RS
0fe624c0-6d9f-4ac1-8b6f-4481b9d6d5cf,92871,South Breannashire,DF
d819d1fb-a340-4f2c-9334-09ac7b855822,18749,Lake Casey,PE
64512b3e-1c94-472b-bffb-8de11eba89e7,64799,Port Kylebury,DF
5bc93f5d-3ba8-425b-856f-5bae87f3b0fb,48101,Yatesborough,DF
0e984774-1063-4818-bb54-79867832120f,55378,New Kyle,MG
cbd5aa68-374a-42eb-8ea3-2ca605b6b3eb,20740,North Ericmouth,RS
c106dcb2-35c2-4276-8567-88ef09939b0a,78666,Markmouth,BA
b63b07b1-e936-4d55-825b-c57734ffba65,47487,Andreside,PE
2cc1d452-9f11-4234-8c66-2f26ce66050f,24804,Lake Adrian,MG
35b963d6-2fdf-4451-aade-86b3ba89913d,13777,New Darrellmouth,PE
e8e1470f-ab0b-4b10-907a-4f19e86b23a0,62052,Skinnerfurt,MG
d6115f85-47d6-49e4-bea5-99e206a5c6e3,58855,Latoyachester,PE
907f927a-f9c5-427c-b675-13fc2b6f15e5,34615,Rebeccatown,GO
03739ad0-9e02-4e8c-a646-261a5236cc18,71966,South Tanya,PR
777aad9c-5bd7-40f6-8771-a2fc4295248a,96792,Port Jennaton,MG
2f18a8c4-d865-4fc4-9830-91afe078d6c0,85976,Bethanybury,SC
87fadb8a-b3d8-4f8c-8038-3d6819aa6ed9,29027,South Brianton,DF
00e6f09f-aa01-43f1-bd00-b414504ab6ba,56555,Denisetown,PE
44d27d7a-3ee8-4a17-a02c-3d168e3c4bef,78401,Johnsonview,PE
f39c64a1-5279-487e-b8a5-fbc6a541f06f,95780,Port Alexandraburgh,RJ
f34d1a0b-fc3d-49aa-bd0f-2eebf93b899d,74348,Johnhaven,RS
e4392527-bb66-48c2-835a-949916aa4b73,65890,Johnsonview,BA
7dae0177-c454-4753-94bb-bf61a75c5a06,21537,Carolynberg,BA
6433ba2e-37f2-410b-afd1-bc4e8df02025,21549,Hillberg,MG
a672bff4-89ed-4781-a3d3-198d47329c15,63072,Michaelborough,RJ
4ff4adae-eb2d-4915-a442-c3168c5701f6,74350,North Brenda,SP
14c856ea-11b8-456e-9f16-143c7bcbb831,27865,Port Shannon,RS
214177dd-865e-4f8c-aae5-3a6c165f737b,53779,South Williestad,GO
fef5e1fb-f99d-4342-9f63-38caf073cec8,47732,North Bill,GO
1adb0b8f-aed1-47fb-b3bd-90c01cda2d71,87059,Johnsonside,BA
f0f206fd-1293-4128-8b6e-e1ac99cfca98,19515,Lake Valerie,MG
baa8c0a2-5aad-4b83-af4a-02d28d0cd368,43787,Kaylastad,PE
f498aede-c0eb-4003-b038-f4df9a0f1e9f,29212,Lake Jasonmouth,RJ
d988d2ac-edea-43c0-a65f-b9246c5a8eb0,54553,West Joseph,MG
89cfb934-b15f-46be-a5c7-c00dd03c80ea,79282,North Jefferyburgh,DF
910ce5b3-709d-402a-9f55-09c9822df1b0,23400,New Codyport,PE
5ae9a0a6-8b54-4961-95bd-3f54174a811e,51630,East Ebony,PE
15048472-f279-46e8-9183-147e2ac6d141,61802,Port Lance,SP
33e42395-b5ab-4ac1-ae74-c10730c4b215,75866,North Scott,GO
35ac33b0-b3f2-43a0-9e90-3a6ad76ec6e1,73401,Hawkinston,GO
1e174072-29eb-4f65-9222-eaa897fe6dae,39995,Hendersontown,RJ
dc374463-d116-441a-8c53-52b00ef786dd,96291,Lesliebury,RJ
8cde643d-ca5a-4797-9c14-6522c1f7ded8,21826,Lake Sarahbury,DF
888ae33a-0228-4575-a112-e0deb8ad5cba,96471,Hopkinsmouth,MG
df566010-f5ba-4728-b041-6e498d4d7eb9,37107,Lancechester,PE
fafd7c76-329d-46bf-a6b2-9dd903c2368d,11370,West Kenneth,GO
935494c8-af78-4c18-968d-3a95b6508fd9,64399,Dixontown,SP
90633e74-d7bc-4efc-9979-fe1b269a396e,83960,Joshuastad,BA
9b2e3801-d3a7-4e7f-a874-ecd9bdfd0fa7,39935,Tiffanychester,GO
22226917-5a9e-4f8a-a22d-1dcb3443b832,25313,Hallville,BA
60e67617-f54b-4cc0-bb9a-5e23716c93b6,66367,Evanston,SC
05c1dca3-ab7a-4444-a38b-ee623911021b,91170,Ricestad,SP
9dbfd133-e619-498e-bbae-d5ab8f1a61e2,89798,Lake Johnberg,GO
32dae4a9-35eb-445f-bdde-47a6ca30839d,57230,Vincentton,BA
8bae21ab-915c-40a8-85f2-c9c08d044046,15076,Smithview,RS
d1fcce2e-ba09-4ed1-b84f-f30e55f4df40,63576,Lake Donaldburgh,DF
a09c73fc-6134-41db-b470-15d98a858f2b,44881,Lake Emilyton,BA
e240053b-9c78-4c1f-8059-0ee99e4dbc79,75678,Patriciashire,SC
1383b505-2319-4025-9fe6-aa26b015a819,67428,Micheleville,PE
8abb9e2d-a987-4d70-91f1-6ab0af897d3e,92330,West Margaret,PE
9612128d-7e1c-4627-b33d-fbc72880e230,96405,Stephaniechester,RJ
f59688b7-0247-4969-937e-897ce65f90a8,71789,Clineland,BA
6f796914-eb34-49cd-b01a-08100bc64bb8,16238,Villarrealland,MG
6814e49d-fdb5-4a1c-be9f-abd95f9d7457,62047,South Hollybury,PR
7cf0754e-ec63-4fdc-be16-3ae130333241,16653,South Scott,DF
7a3c3af4-d134-411b-9a50-a27ce7592ba2,81326,Port Karen,RS
29fd180e-5305-4434-afcd-e88a1a03ddff,95811,Port Susan,RJ
851d8413-25d1-4198-959f-76aacebfa4da,39717,South Jerryfort,PR
3d7131a5-cd14-47a9-a1ba-c3be28040777,90942,East Gerald,PE
c852dfe7-22b7-46e4-87ea-4d4ddb86532d,12812,West Christine,GO
556197b6-23e4-4b7a-8c45-5406f228f0be,69910,Spencerside,BA
17f65218-0db4-4549-8179-392d0cf332c1,50938,Michaelbury,PR
1cfdee9a-2f6c-48b2-986d-237a6e17cdf8,18435,Christopherfort,RS
8d8c23eb-d113-49a1-89e0-c8127d8746a2,89726,Aaronberg,SP
1ec09401-d3a9-48dc-870e-70321acb532d,72537,Hollyshire,SP
6c5c6dc3-ac3f-495d-b452-169df50fb049,63807,Jessicabury,PE
2da6a48b-048c-4e4e-8178-c64dc32faaa2,41542,South Leontown,GO
31b675c5-4c5e-4a95-aa70-d113ffdc72ce,60698,New Christina,RJ
24dece33-47fb-4f0f-a216-94169e37eeaf,41580,New Teresa,GO
d0412150-f227-4491-ab66-e6e4eb5e91a5,82403,West Benjaminfurt,SP
76c95b26-43dd-40ef-bdf3-e4d295552c17,95601,Lowefort,BA
8079e202-32ba-4098-8bf8-d6d9e27c6e2c,67373,Hilltown,RS
cba8ef50-1079-49a3-90bd-7d0225f5e421,88156,South Nicole,SC
72c3f149-20af-4c34-b0a5-403b99c627e8,24101,New Clifford,BA
a8c08ae4-7ed6-440e-9dc3-3bb20090f8de,35747,Lisaland,SC
